Copyright 1986-2022 Xilinx, Inc. All Rights Reserved. Copyright 2022-2025 Advanced Micro Devices, Inc. All Rights Reserved.
---------------------------------------------------------------------------------------------------------------------------------------------------------------------------------------------------------------------------------------------------
| Tool Version : Vivado v.2025.2 (win64) Build 6299465 Fri Nov 14 19:35:11 GMT 2025
| Date         : Tue Sep  8 17:28:24 2026
| Host         : DESKTOP-EALFKFH running 64-bit major release  (build 9200)
| Command      : report_timing_summary -max_paths 10 -routable_nets -report_unconstrained -file Frac7_GPS_top_timing_summary_routed.rpt -pb Frac7_GPS_top_timing_summary_routed.pb -rpx Frac7_GPS_top_timing_summary_routed.rpx -warn_on_violation
| Design       : Frac7_GPS_top
| Device       : 7a100t-csg324
| Speed File   : -1  PRODUCTION 1.23 2018-06-13
| Design State : Routed
---------------------------------------------------------------------------------------------------------------------------------------------------------------------------------------------------------------------------------------------------

Timing Summary Report

------------------------------------------------------------------------------------------------
| Timer Settings
| --------------
------------------------------------------------------------------------------------------------

  Enable Multi Corner Analysis               :  Yes
  Enable Pessimism Removal                   :  Yes
  Pessimism Removal Resolution               :  Nearest Common Node
  Enable Input Delay Default Clock           :  No
  Enable Preset / Clear Arcs                 :  No
  Disable Flight Delays                      :  No
  Ignore I/O Paths                           :  No
  Timing Early Launch at Borrowing Latches   :  No
  Borrow Time for Max Delay Exceptions       :  Yes
  Merge Timing Exceptions                    :  Yes
  Inter-SLR Compensation                     :  Conservative

  Corner  Analyze    Analyze    
  Name    Max Paths  Min Paths  
  ------  ---------  ---------  
  Slow    Yes        Yes        
  Fast    Yes        Yes        


------------------------------------------------------------------------------------------------
| Report Methodology
| ------------------
------------------------------------------------------------------------------------------------

Rule       Severity  Description                    Violations  
---------  --------  -----------------------------  ----------  
LUTAR-1    Warning   LUT drives async reset alert   1           
TIMING-9   Warning   Unknown CDC Logic              1           
TIMING-18  Warning   Missing input or output delay  4           

Note: This report is based on the most recent report_methodology run and may not be up-to-date. Run report_methodology on the current design for the latest report.



check_timing report

Table of Contents
-----------------
1. checking no_clock (0)
2. checking constant_clock (0)
3. checking pulse_width_clock (0)
4. checking unconstrained_internal_endpoints (0)
5. checking no_input_delay (9)
6. checking no_output_delay (10)
7. checking multiple_clock (0)
8. checking generated_clocks (0)
9. checking loops (0)
10. checking partial_input_delay (0)
11. checking partial_output_delay (0)
12. checking latch_loops (0)

1. checking no_clock (0)
------------------------
 There are 0 register/latch pins with no clock.


2. checking constant_clock (0)
------------------------------
 There are 0 register/latch pins with constant_clock.


3. checking pulse_width_clock (0)
---------------------------------
 There are 0 register/latch pins which need pulse_width check


4. checking unconstrained_internal_endpoints (0)
------------------------------------------------
 There are 0 pins that are not constrained for maximum delay.

 There are 0 pins that are not constrained for maximum delay due to constant clock.


5. checking no_input_delay (9)
------------------------------
 There are 9 input ports with no input delay specified. (HIGH)

 There are 0 input ports with no input delay but user has a false path constraint.


6. checking no_output_delay (10)
--------------------------------
 There are 10 ports with no output delay specified. (HIGH)

 There are 0 ports with no output delay but user has a false path constraint

 There are 0 ports with no output delay but with a timing clock defined on it or propagating through it


7. checking multiple_clock (0)
------------------------------
 There are 0 register/latch pins with multiple clocks.


8. checking generated_clocks (0)
--------------------------------
 There are 0 generated clocks that are not connected to a clock source.


9. checking loops (0)
---------------------
 There are 0 combinational loops in the design.


10. checking partial_input_delay (0)
------------------------------------
 There are 0 input ports with partial input delay specified.


11. checking partial_output_delay (0)
-------------------------------------
 There are 0 ports with partial output delay specified.


12. checking latch_loops (0)
----------------------------
 There are 0 combinational latch loops in the design through latch input



------------------------------------------------------------------------------------------------
| Design Timing Summary
| ---------------------
------------------------------------------------------------------------------------------------

    WNS(ns)      TNS(ns)  TNS Failing Endpoints  TNS Total Endpoints      WHS(ns)      THS(ns)  THS Failing Endpoints  THS Total Endpoints     WPWS(ns)     TPWS(ns)  TPWS Failing Endpoints  TPWS Total Endpoints  
    -------      -------  ---------------------  -------------------      -------      -------  ---------------------  -------------------     --------     --------  ----------------------  --------------------  
     86.537        0.000                      0                 8653        0.011        0.000                      0                 8653        3.000        0.000                       0                  4656  


All user specified timing constraints are met.


------------------------------------------------------------------------------------------------
| Clock Summary
| -------------
------------------------------------------------------------------------------------------------

Clock                 Waveform(ns)         Period(ns)      Frequency(MHz)
-----                 ------------         ----------      --------------
XCO                   {0.000 5.000}        10.000          100.000         
  clk_out1_clk_wiz_0  {0.000 50.000}       100.000         10.000          
  clkfbout_clk_wiz_0  {0.000 10.000}       20.000          50.000          
rpi_sclk              {0.000 50.000}       100.000         10.000          


------------------------------------------------------------------------------------------------
| Intra Clock Table
| -----------------
------------------------------------------------------------------------------------------------

Clock                     WNS(ns)      TNS(ns)  TNS Failing Endpoints  TNS Total Endpoints      WHS(ns)      THS(ns)  THS Failing Endpoints  THS Total Endpoints     WPWS(ns)     TPWS(ns)  TPWS Failing Endpoints  TPWS Total Endpoints  
-----                     -------      -------  ---------------------  -------------------      -------      -------  ---------------------  -------------------     --------     --------  ----------------------  --------------------  
XCO                                                                                                                                                                     3.000        0.000                       0                     1  
  clk_out1_clk_wiz_0       86.537        0.000                      0                 8609        0.011        0.000                      0                 8609       49.020        0.000                       0                  4619  
  clkfbout_clk_wiz_0                                                                                                                                                   17.845        0.000                       0                     3  
rpi_sclk                   96.549        0.000                      0                   44        0.190        0.000                      0                   44       49.020        0.000                       0                    33  


------------------------------------------------------------------------------------------------
| Inter Clock Table
| -----------------
------------------------------------------------------------------------------------------------

From Clock    To Clock          WNS(ns)      TNS(ns)  TNS Failing Endpoints  TNS Total Endpoints      WHS(ns)      THS(ns)  THS Failing Endpoints  THS Total Endpoints  
----------    --------          -------      -------  ---------------------  -------------------      -------      -------  ---------------------  -------------------  


------------------------------------------------------------------------------------------------
| Other Path Groups Table
| -----------------------
------------------------------------------------------------------------------------------------

Path Group    From Clock    To Clock          WNS(ns)      TNS(ns)  TNS Failing Endpoints  TNS Total Endpoints      WHS(ns)      THS(ns)  THS Failing Endpoints  THS Total Endpoints  
----------    ----------    --------          -------      -------  ---------------------  -------------------      -------      -------  ---------------------  -------------------  


------------------------------------------------------------------------------------------------
| User Ignored Path Table
| -----------------------
------------------------------------------------------------------------------------------------

Path Group          From Clock          To Clock          
----------          ----------          --------          
(none)              rpi_sclk            clk_out1_clk_wiz_0  
(none)              clk_out1_clk_wiz_0  rpi_sclk            


------------------------------------------------------------------------------------------------
| Unconstrained Path Table
| ------------------------
------------------------------------------------------------------------------------------------

Path Group          From Clock          To Clock          
----------          ----------          --------          
(none)                                                      
(none)              clk_out1_clk_wiz_0                      
(none)              rpi_sclk                                
(none)                                  clk_out1_clk_wiz_0  
(none)                                  rpi_sclk            


------------------------------------------------------------------------------------------------
| Timing Details
| --------------
------------------------------------------------------------------------------------------------


---------------------------------------------------------------------------------------------------
From Clock:  XCO
  To Clock:  XCO

Setup :           NA  Failing Endpoints,  Worst Slack           NA  ,  Total Violation           NA
Hold  :           NA  Failing Endpoints,  Worst Slack           NA  ,  Total Violation           NA
PW    :            0  Failing Endpoints,  Worst Slack        3.000ns,  Total Violation        0.000ns
---------------------------------------------------------------------------------------------------


Pulse Width Checks
--------------------------------------------------------------------------------------
Clock Name:         XCO
Waveform(ns):       { 0.000 5.000 }
Period(ns):         10.000
Sources:            { XCO }

Check Type        Corner  Lib Pin            Reference Pin  Required(ns)  Actual(ns)  Slack(ns)  Location         Pin
Min Period        n/a     MMCME2_ADV/CLKIN1  n/a            1.249         10.000      8.751      MMCME2_ADV_X1Y2  xco_mmcm/inst/mmcm_adv_inst/CLKIN1
Max Period        n/a     MMCME2_ADV/CLKIN1  n/a            100.000       10.000      90.000     MMCME2_ADV_X1Y2  xco_mmcm/inst/mmcm_adv_inst/CLKIN1
Low Pulse Width   Slow    MMCME2_ADV/CLKIN1  n/a            2.000         5.000       3.000      MMCME2_ADV_X1Y2  xco_mmcm/inst/mmcm_adv_inst/CLKIN1
Low Pulse Width   Fast    MMCME2_ADV/CLKIN1  n/a            2.000         5.000       3.000      MMCME2_ADV_X1Y2  xco_mmcm/inst/mmcm_adv_inst/CLKIN1
High Pulse Width  Slow    MMCME2_ADV/CLKIN1  n/a            2.000         5.000       3.000      MMCME2_ADV_X1Y2  xco_mmcm/inst/mmcm_adv_inst/CLKIN1
High Pulse Width  Fast    MMCME2_ADV/CLKIN1  n/a            2.000         5.000       3.000      MMCME2_ADV_X1Y2  xco_mmcm/inst/mmcm_adv_inst/CLKIN1



---------------------------------------------------------------------------------------------------
From Clock:  clk_out1_clk_wiz_0
  To Clock:  clk_out1_clk_wiz_0

Setup :            0  Failing Endpoints,  Worst Slack       86.537ns,  Total Violation        0.000ns
Hold  :            0  Failing Endpoints,  Worst Slack        0.011ns,  Total Violation        0.000ns
PW    :            0  Failing Endpoints,  Worst Slack       49.020ns,  Total Violation        0.000ns
---------------------------------------------------------------------------------------------------


Max Delay Paths
--------------------------------------------------------------------------------------
Slack (MET) :             86.537ns  (required time - arrival time)
  Source:                 gps/rst_reg[2]/C
                            (rising edge-triggered cell FDRE clocked by clk_out1_clk_wiz_0  {rise@0.000ns fall@50.000ns period=100.000ns})
  Destination:            gps/cpu/nos_x_tos/B[6]
                            (rising edge-triggered cell DSP48E1 clocked by clk_out1_clk_wiz_0  {rise@0.000ns fall@50.000ns period=100.000ns})
  Path Group:             clk_out1_clk_wiz_0
  Path Type:              Setup (Max at Slow Process Corner)
  Requirement:            100.000ns  (clk_out1_clk_wiz_0 rise@100.000ns - clk_out1_clk_wiz_0 rise@0.000ns)
  Data Path Delay:        12.849ns  (logic 2.372ns (18.460%)  route 10.477ns (81.540%))
  Logic Levels:           9  (CARRY4=1 LUT2=1 LUT3=1 LUT4=1 LUT5=1 LUT6=4)
  Clock Path Skew:        -0.014ns (DCD - SCD + CPR)
    Destination Clock Delay (DCD):    -1.407ns = ( 98.593 - 100.000 ) 
    Source Clock Delay      (SCD):    -0.833ns
    Clock Pessimism Removal (CPR):    0.559ns
  Clock Uncertainty:      0.149ns  ((TSJ^2 + DJ^2)^1/2) / 2 + PE
    Total System Jitter     (TSJ):    0.071ns
    Discrete Jitter          (DJ):    0.290ns
    Phase Error              (PE):    0.000ns

    Location             Delay type                Incr(ns)  Path(ns)    Netlist Resource(s)
  -------------------------------------------------------------------    -------------------
                         (clock clk_out1_clk_wiz_0 rise edge)
                                                      0.000     0.000 r  
    E3                                                0.000     0.000 r  XCO (IN)
                         net (fo=0)                   0.000     0.000    xco_mmcm/inst/clk_in1
    E3                   IBUF (Prop_ibuf_I_O)         1.482     1.482 r  xco_mmcm/inst/clkin1_ibufg/O
                         net (fo=1, routed)           1.233     2.715    xco_mmcm/inst/clk_in1_clk_wiz_0
    MMCME2_ADV_X1Y2      MMCME2_ADV (Prop_mmcme2_adv_CLKIN1_CLKOUT0)
                                                     -7.070    -4.355 r  xco_mmcm/inst/mmcm_adv_inst/CLKOUT0
                         net (fo=1, routed)           1.719    -2.636    xco_mmcm/inst/clk_out1_clk_wiz_0
    BUFGCTRL_X0Y16       BUFG (Prop_bufg_I_O)         0.096    -2.540 r  xco_mmcm/inst/clkout1_buf/O
                         net (fo=4618, routed)        1.707    -0.833    gps/clk_out1
    SLICE_X2Y73          FDRE                                         r  gps/rst_reg[2]/C
  -------------------------------------------------------------------    -------------------
    SLICE_X2Y73          FDRE (Prop_fdre_C_Q)         0.478    -0.355 f  gps/rst_reg[2]/Q
                         net (fo=170, routed)         4.344     3.990    gps/cpu/fa[6]/muxcy_0
    SLICE_X14Y63         LUT3 (Prop_lut3_I1_O)        0.301     4.291 r  gps/cpu/fa[6]/xorcy_i_4__1/O
                         net (fo=2, routed)           0.294     4.585    gps/cpu/fa[6]/rst_reg[2]_1
    SLICE_X14Y63         LUT6 (Prop_lut6_I5_O)        0.124     4.709 r  gps/cpu/fa[6]/xorcy_i_2__5/O
                         net (fo=32, routed)          1.863     6.572    gps/cpu/fa[4]/muxcy_3
    SLICE_X7Y66          LUT2 (Prop_lut2_I0_O)        0.124     6.696 r  gps/cpu/fa[4]/xorcy_i_2__3/O
                         net (fo=1, routed)           0.671     7.367    gps/cpu/fa[4]/b[4]
    SLICE_X9Y63          LUT6 (Prop_lut6_I5_O)        0.124     7.491 r  gps/cpu/fa[4]/xorcy_i_1__28/O
                         net (fo=1, routed)           0.000     7.491    gps/cpu/fa[4]/d
    SLICE_X9Y63          CARRY4 (Prop_carry4_S[0]_O[2])
                                                      0.547     8.038 r  gps/cpu/fa[4]/muxcy_CARRY4/O[2]
                         net (fo=2, routed)           0.550     8.588    gps/cpu/fa[6]/s[6]
    SLICE_X5Y64          LUT5 (Prop_lut5_I3_O)        0.302     8.890 r  gps/cpu/fa[6]/cpu_ram_i_137/O
                         net (fo=1, routed)           0.407     9.297    gps/cpu/fa[6]/cpu_ram_i_137_n_0
    SLICE_X5Y64          LUT6 (Prop_lut6_I4_O)        0.124     9.421 r  gps/cpu/fa[6]/cpu_ram_i_110/O
                         net (fo=1, routed)           0.598    10.019    gps/cpu/fa[6]/cpu_ram_i_110_n_0
    SLICE_X6Y64          LUT4 (Prop_lut4_I0_O)        0.124    10.143 r  gps/cpu/fa[6]/cpu_ram_i_70/O
                         net (fo=1, routed)           0.680    10.823    gps/cpu/fa[6]/cpu_ram_i_70_n_0
    SLICE_X6Y64          LUT6 (Prop_lut6_I1_O)        0.124    10.947 r  gps/cpu/fa[6]/cpu_ram_i_33/O
                         net (fo=3, routed)           1.069    12.016    gps/cpu/fa_n_2_[6]
    DSP48_X0Y24          DSP48E1                                      r  gps/cpu/nos_x_tos/B[6]
  -------------------------------------------------------------------    -------------------

                         (clock clk_out1_clk_wiz_0 rise edge)
                                                    100.000   100.000 r  
    E3                                                0.000   100.000 r  XCO (IN)
                         net (fo=0)                   0.000   100.000    xco_mmcm/inst/clk_in1
    E3                   IBUF (Prop_ibuf_I_O)         1.411   101.411 r  xco_mmcm/inst/clkin1_ibufg/O
                         net (fo=1, routed)           1.162   102.573    xco_mmcm/inst/clk_in1_clk_wiz_0
    MMCME2_ADV_X1Y2      MMCME2_ADV (Prop_mmcme2_adv_CLKIN1_CLKOUT0)
                                                     -7.324    95.249 r  xco_mmcm/inst/mmcm_adv_inst/CLKOUT0
                         net (fo=1, routed)           1.639    96.888    xco_mmcm/inst/clk_out1_clk_wiz_0
    BUFGCTRL_X0Y16       BUFG (Prop_bufg_I_O)         0.091    96.979 r  xco_mmcm/inst/clkout1_buf/O
                         net (fo=4618, routed)        1.614    98.593    gps/cpu/clk_out1
    DSP48_X0Y24          DSP48E1                                      r  gps/cpu/nos_x_tos/CLK
                         clock pessimism              0.559    99.153    
                         clock uncertainty           -0.149    99.003    
    DSP48_X0Y24          DSP48E1 (Setup_dsp48e1_CLK_B[6])
                                                     -0.450    98.553    gps/cpu/nos_x_tos
  -------------------------------------------------------------------
                         required time                         98.553    
                         arrival time                         -12.016    
  -------------------------------------------------------------------
                         slack                                 86.537    

Slack (MET) :             86.564ns  (required time - arrival time)
  Source:                 gps/rst_reg[2]/C
                            (rising edge-triggered cell FDRE clocked by clk_out1_clk_wiz_0  {rise@0.000ns fall@50.000ns period=100.000ns})
  Destination:            gps/cpu/cpu_ram/U0/inst_blk_mem_gen/gnbram.gnativebmg.native_blk_mem_gen/valid.cstr/ramloop[0].ram.r/prim_init.ram/DEVICE_7SERIES.NO_BMM_INFO.TRUE_DP.SIMPLE_PRIM18.ram/ADDRBWRADDR[13]
                            (rising edge-triggered cell RAMB18E1 clocked by clk_out1_clk_wiz_0  {rise@0.000ns fall@50.000ns period=100.000ns})
  Path Group:             clk_out1_clk_wiz_0
  Path Type:              Setup (Max at Slow Process Corner)
  Requirement:            100.000ns  (clk_out1_clk_wiz_0 rise@100.000ns - clk_out1_clk_wiz_0 rise@0.000ns)
  Data Path Delay:        12.656ns  (logic 2.596ns (20.513%)  route 10.060ns (79.487%))
  Logic Levels:           10  (CARRY4=2 LUT2=1 LUT3=1 LUT5=2 LUT6=4)
  Clock Path Skew:        -0.065ns (DCD - SCD + CPR)
    Destination Clock Delay (DCD):    -1.457ns = ( 98.543 - 100.000 ) 
    Source Clock Delay      (SCD):    -0.833ns
    Clock Pessimism Removal (CPR):    0.559ns
  Clock Uncertainty:      0.149ns  ((TSJ^2 + DJ^2)^1/2) / 2 + PE
    Total System Jitter     (TSJ):    0.071ns
    Discrete Jitter          (DJ):    0.290ns
    Phase Error              (PE):    0.000ns

    Location             Delay type                Incr(ns)  Path(ns)    Netlist Resource(s)
  -------------------------------------------------------------------    -------------------
                         (clock clk_out1_clk_wiz_0 rise edge)
                                                      0.000     0.000 r  
    E3                                                0.000     0.000 r  XCO (IN)
                         net (fo=0)                   0.000     0.000    xco_mmcm/inst/clk_in1
    E3                   IBUF (Prop_ibuf_I_O)         1.482     1.482 r  xco_mmcm/inst/clkin1_ibufg/O
                         net (fo=1, routed)           1.233     2.715    xco_mmcm/inst/clk_in1_clk_wiz_0
    MMCME2_ADV_X1Y2      MMCME2_ADV (Prop_mmcme2_adv_CLKIN1_CLKOUT0)
                                                     -7.070    -4.355 r  xco_mmcm/inst/mmcm_adv_inst/CLKOUT0
                         net (fo=1, routed)           1.719    -2.636    xco_mmcm/inst/clk_out1_clk_wiz_0
    BUFGCTRL_X0Y16       BUFG (Prop_bufg_I_O)         0.096    -2.540 r  xco_mmcm/inst/clkout1_buf/O
                         net (fo=4618, routed)        1.707    -0.833    gps/clk_out1
    SLICE_X2Y73          FDRE                                         r  gps/rst_reg[2]/C
  -------------------------------------------------------------------    -------------------
    SLICE_X2Y73          FDRE (Prop_fdre_C_Q)         0.478    -0.355 f  gps/rst_reg[2]/Q
                         net (fo=170, routed)         4.344     3.990    gps/cpu/fa[6]/muxcy_0
    SLICE_X14Y63         LUT3 (Prop_lut3_I1_O)        0.301     4.291 r  gps/cpu/fa[6]/xorcy_i_4__1/O
                         net (fo=2, routed)           0.294     4.585    gps/cpu/fa[6]/rst_reg[2]_1
    SLICE_X14Y63         LUT6 (Prop_lut6_I5_O)        0.124     4.709 r  gps/cpu/fa[6]/xorcy_i_2__5/O
                         net (fo=32, routed)          1.863     6.572    gps/cpu/fa[4]/muxcy_3
    SLICE_X7Y66          LUT2 (Prop_lut2_I0_O)        0.124     6.696 r  gps/cpu/fa[4]/xorcy_i_2__3/O
                         net (fo=1, routed)           0.671     7.367    gps/cpu/fa[4]/b[4]
    SLICE_X9Y63          LUT6 (Prop_lut6_I5_O)        0.124     7.491 r  gps/cpu/fa[4]/xorcy_i_1__28/O
                         net (fo=1, routed)           0.000     7.491    gps/cpu/fa[4]/d
    SLICE_X9Y63          CARRY4 (Prop_carry4_S[0]_CO[3])
                                                      0.532     8.023 r  gps/cpu/fa[4]/muxcy_CARRY4/CO[3]
                         net (fo=1, routed)           0.000     8.023    gps/cpu/fa[8]/xorcy_0[0]
    SLICE_X9Y64          CARRY4 (Prop_carry4_CI_O[2])
                                                      0.239     8.262 r  gps/cpu/fa[8]/muxcy_CARRY4/O[2]
                         net (fo=2, routed)           0.594     8.856    gps/cpu/fa[10]/s[10]
    SLICE_X9Y60          LUT5 (Prop_lut5_I3_O)        0.302     9.158 r  gps/cpu/fa[10]/cpu_ram_i_130/O
                         net (fo=1, routed)           0.316     9.474    gps/cpu/fa[10]/cpu_ram_i_130_n_0
    SLICE_X10Y60         LUT5 (Prop_lut5_I0_O)        0.124     9.598 r  gps/cpu/fa[10]/cpu_ram_i_92/O
                         net (fo=1, routed)           0.680    10.278    gps/cpu/fa[10]/cpu_ram_i_92_n_0
    SLICE_X10Y60         LUT6 (Prop_lut6_I5_O)        0.124    10.402 r  gps/cpu/fa[10]/cpu_ram_i_55/O
                         net (fo=1, routed)           0.453    10.854    gps/cpu/fa[10]/cpu_ram_i_55_n_0
    SLICE_X8Y60          LUT6 (Prop_lut6_I0_O)        0.124    10.978 r  gps/cpu/fa[10]/cpu_ram_i_29/O
                         net (fo=3, routed)           0.844    11.823    gps/cpu/cpu_ram/U0/inst_blk_mem_gen/gnbram.gnativebmg.native_blk_mem_gen/valid.cstr/ramloop[0].ram.r/prim_init.ram/addrb[9]
    RAMB18_X0Y24         RAMB18E1                                     r  gps/cpu/cpu_ram/U0/inst_blk_mem_gen/gnbram.gnativebmg.native_blk_mem_gen/valid.cstr/ramloop[0].ram.r/prim_init.ram/DEVICE_7SERIES.NO_BMM_INFO.TRUE_DP.SIMPLE_PRIM18.ram/ADDRBWRADDR[13]
  -------------------------------------------------------------------    -------------------

                         (clock clk_out1_clk_wiz_0 rise edge)
                                                    100.000   100.000 r  
    E3                                                0.000   100.000 r  XCO (IN)
                         net (fo=0)                   0.000   100.000    xco_mmcm/inst/clk_in1
    E3                   IBUF (Prop_ibuf_I_O)         1.411   101.411 r  xco_mmcm/inst/clkin1_ibufg/O
                         net (fo=1, routed)           1.162   102.573    xco_mmcm/inst/clk_in1_clk_wiz_0
    MMCME2_ADV_X1Y2      MMCME2_ADV (Prop_mmcme2_adv_CLKIN1_CLKOUT0)
                                                     -7.324    95.249 r  xco_mmcm/inst/mmcm_adv_inst/CLKOUT0
                         net (fo=1, routed)           1.639    96.888    xco_mmcm/inst/clk_out1_clk_wiz_0
    BUFGCTRL_X0Y16       BUFG (Prop_bufg_I_O)         0.091    96.979 r  xco_mmcm/inst/clkout1_buf/O
                         net (fo=4618, routed)        1.564    98.543    gps/cpu/cpu_ram/U0/inst_blk_mem_gen/gnbram.gnativebmg.native_blk_mem_gen/valid.cstr/ramloop[0].ram.r/prim_init.ram/clka
    RAMB18_X0Y24         RAMB18E1                                     r  gps/cpu/cpu_ram/U0/inst_blk_mem_gen/gnbram.gnativebmg.native_blk_mem_gen/valid.cstr/ramloop[0].ram.r/prim_init.ram/DEVICE_7SERIES.NO_BMM_INFO.TRUE_DP.SIMPLE_PRIM18.ram/CLKBWRCLK
                         clock pessimism              0.559    99.103    
                         clock uncertainty           -0.149    98.953    
    RAMB18_X0Y24         RAMB18E1 (Setup_ramb18e1_CLKBWRCLK_ADDRBWRADDR[13])
                                                     -0.566    98.387    gps/cpu/cpu_ram/U0/inst_blk_mem_gen/gnbram.gnativebmg.native_blk_mem_gen/valid.cstr/ramloop[0].ram.r/prim_init.ram/DEVICE_7SERIES.NO_BMM_INFO.TRUE_DP.SIMPLE_PRIM18.ram
  -------------------------------------------------------------------
                         required time                         98.387    
                         arrival time                         -11.823    
  -------------------------------------------------------------------
                         slack                                 86.564    

Slack (MET) :             86.570ns  (required time - arrival time)
  Source:                 gps/rst_reg[2]/C
                            (rising edge-triggered cell FDRE clocked by clk_out1_clk_wiz_0  {rise@0.000ns fall@50.000ns period=100.000ns})
  Destination:            gps/cpu/cpu_ram/U0/inst_blk_mem_gen/gnbram.gnativebmg.native_blk_mem_gen/valid.cstr/ramloop[0].ram.r/prim_init.ram/DEVICE_7SERIES.NO_BMM_INFO.TRUE_DP.SIMPLE_PRIM18.ram/ADDRBWRADDR[12]
                            (rising edge-triggered cell RAMB18E1 clocked by clk_out1_clk_wiz_0  {rise@0.000ns fall@50.000ns period=100.000ns})
  Path Group:             clk_out1_clk_wiz_0
  Path Type:              Setup (Max at Slow Process Corner)
  Requirement:            100.000ns  (clk_out1_clk_wiz_0 rise@100.000ns - clk_out1_clk_wiz_0 rise@0.000ns)
  Data Path Delay:        12.650ns  (logic 2.692ns (21.281%)  route 9.958ns (78.719%))
  Logic Levels:           10  (CARRY4=2 LUT2=1 LUT3=1 LUT5=2 LUT6=4)
  Clock Path Skew:        -0.065ns (DCD - SCD + CPR)
    Destination Clock Delay (DCD):    -1.457ns = ( 98.543 - 100.000 ) 
    Source Clock Delay      (SCD):    -0.833ns
    Clock Pessimism Removal (CPR):    0.559ns
  Clock Uncertainty:      0.149ns  ((TSJ^2 + DJ^2)^1/2) / 2 + PE
    Total System Jitter     (TSJ):    0.071ns
    Discrete Jitter          (DJ):    0.290ns
    Phase Error              (PE):    0.000ns

    Location             Delay type                Incr(ns)  Path(ns)    Netlist Resource(s)
  -------------------------------------------------------------------    -------------------
                         (clock clk_out1_clk_wiz_0 rise edge)
                                                      0.000     0.000 r  
    E3                                                0.000     0.000 r  XCO (IN)
                         net (fo=0)                   0.000     0.000    xco_mmcm/inst/clk_in1
    E3                   IBUF (Prop_ibuf_I_O)         1.482     1.482 r  xco_mmcm/inst/clkin1_ibufg/O
                         net (fo=1, routed)           1.233     2.715    xco_mmcm/inst/clk_in1_clk_wiz_0
    MMCME2_ADV_X1Y2      MMCME2_ADV (Prop_mmcme2_adv_CLKIN1_CLKOUT0)
                                                     -7.070    -4.355 r  xco_mmcm/inst/mmcm_adv_inst/CLKOUT0
                         net (fo=1, routed)           1.719    -2.636    xco_mmcm/inst/clk_out1_clk_wiz_0
    BUFGCTRL_X0Y16       BUFG (Prop_bufg_I_O)         0.096    -2.540 r  xco_mmcm/inst/clkout1_buf/O
                         net (fo=4618, routed)        1.707    -0.833    gps/clk_out1
    SLICE_X2Y73          FDRE                                         r  gps/rst_reg[2]/C
  -------------------------------------------------------------------    -------------------
    SLICE_X2Y73          FDRE (Prop_fdre_C_Q)         0.478    -0.355 f  gps/rst_reg[2]/Q
                         net (fo=170, routed)         4.344     3.990    gps/cpu/fa[6]/muxcy_0
    SLICE_X14Y63         LUT3 (Prop_lut3_I1_O)        0.301     4.291 r  gps/cpu/fa[6]/xorcy_i_4__1/O
                         net (fo=2, routed)           0.294     4.585    gps/cpu/fa[6]/rst_reg[2]_1
    SLICE_X14Y63         LUT6 (Prop_lut6_I5_O)        0.124     4.709 r  gps/cpu/fa[6]/xorcy_i_2__5/O
                         net (fo=32, routed)          1.863     6.572    gps/cpu/fa[4]/muxcy_3
    SLICE_X7Y66          LUT2 (Prop_lut2_I0_O)        0.124     6.696 r  gps/cpu/fa[4]/xorcy_i_2__3/O
                         net (fo=1, routed)           0.671     7.367    gps/cpu/fa[4]/b[4]
    SLICE_X9Y63          LUT6 (Prop_lut6_I5_O)        0.124     7.491 r  gps/cpu/fa[4]/xorcy_i_1__28/O
                         net (fo=1, routed)           0.000     7.491    gps/cpu/fa[4]/d
    SLICE_X9Y63          CARRY4 (Prop_carry4_S[0]_CO[3])
                                                      0.532     8.023 r  gps/cpu/fa[4]/muxcy_CARRY4/CO[3]
                         net (fo=1, routed)           0.000     8.023    gps/cpu/fa[8]/xorcy_0[0]
    SLICE_X9Y64          CARRY4 (Prop_carry4_CI_O[1])
                                                      0.334     8.357 r  gps/cpu/fa[8]/muxcy_CARRY4/O[1]
                         net (fo=2, routed)           0.803     9.160    gps/cpu/fa[9]/s[9]
    SLICE_X3Y63          LUT5 (Prop_lut5_I3_O)        0.303     9.463 r  gps/cpu/fa[9]/cpu_ram_i_133/O
                         net (fo=1, routed)           0.151     9.614    gps/cpu/fa[9]/cpu_ram_i_133_n_0
    SLICE_X3Y63          LUT5 (Prop_lut5_I0_O)        0.124     9.738 r  gps/cpu/fa[9]/cpu_ram_i_100/O
                         net (fo=1, routed)           0.433    10.171    gps/cpu/fa[9]/cpu_ram_i_100_n_0
    SLICE_X3Y63          LUT6 (Prop_lut6_I5_O)        0.124    10.295 r  gps/cpu/fa[9]/cpu_ram_i_60/O
                         net (fo=1, routed)           0.573    10.868    gps/cpu/fa[9]/cpu_ram_i_60_n_0
    SLICE_X6Y64          LUT6 (Prop_lut6_I0_O)        0.124    10.992 r  gps/cpu/fa[9]/cpu_ram_i_30/O
                         net (fo=3, routed)           0.826    11.817    gps/cpu/cpu_ram/U0/inst_blk_mem_gen/gnbram.gnativebmg.native_blk_mem_gen/valid.cstr/ramloop[0].ram.r/prim_init.ram/addrb[8]
    RAMB18_X0Y24         RAMB18E1                                     r  gps/cpu/cpu_ram/U0/inst_blk_mem_gen/gnbram.gnativebmg.native_blk_mem_gen/valid.cstr/ramloop[0].ram.r/prim_init.ram/DEVICE_7SERIES.NO_BMM_INFO.TRUE_DP.SIMPLE_PRIM18.ram/ADDRBWRADDR[12]
  -------------------------------------------------------------------    -------------------

                         (clock clk_out1_clk_wiz_0 rise edge)
                                                    100.000   100.000 r  
    E3                                                0.000   100.000 r  XCO (IN)
                         net (fo=0)                   0.000   100.000    xco_mmcm/inst/clk_in1
    E3                   IBUF (Prop_ibuf_I_O)         1.411   101.411 r  xco_mmcm/inst/clkin1_ibufg/O
                         net (fo=1, routed)           1.162   102.573    xco_mmcm/inst/clk_in1_clk_wiz_0
    MMCME2_ADV_X1Y2      MMCME2_ADV (Prop_mmcme2_adv_CLKIN1_CLKOUT0)
                                                     -7.324    95.249 r  xco_mmcm/inst/mmcm_adv_inst/CLKOUT0
                         net (fo=1, routed)           1.639    96.888    xco_mmcm/inst/clk_out1_clk_wiz_0
    BUFGCTRL_X0Y16       BUFG (Prop_bufg_I_O)         0.091    96.979 r  xco_mmcm/inst/clkout1_buf/O
                         net (fo=4618, routed)        1.564    98.543    gps/cpu/cpu_ram/U0/inst_blk_mem_gen/gnbram.gnativebmg.native_blk_mem_gen/valid.cstr/ramloop[0].ram.r/prim_init.ram/clka
    RAMB18_X0Y24         RAMB18E1                                     r  gps/cpu/cpu_ram/U0/inst_blk_mem_gen/gnbram.gnativebmg.native_blk_mem_gen/valid.cstr/ramloop[0].ram.r/prim_init.ram/DEVICE_7SERIES.NO_BMM_INFO.TRUE_DP.SIMPLE_PRIM18.ram/CLKBWRCLK
                         clock pessimism              0.559    99.103    
                         clock uncertainty           -0.149    98.953    
    RAMB18_X0Y24         RAMB18E1 (Setup_ramb18e1_CLKBWRCLK_ADDRBWRADDR[12])
                                                     -0.566    98.387    gps/cpu/cpu_ram/U0/inst_blk_mem_gen/gnbram.gnativebmg.native_blk_mem_gen/valid.cstr/ramloop[0].ram.r/prim_init.ram/DEVICE_7SERIES.NO_BMM_INFO.TRUE_DP.SIMPLE_PRIM18.ram
  -------------------------------------------------------------------
                         required time                         98.387    
                         arrival time                         -11.817    
  -------------------------------------------------------------------
                         slack                                 86.570    

Slack (MET) :             86.570ns  (required time - arrival time)
  Source:                 gps/rst_reg[2]/C
                            (rising edge-triggered cell FDRE clocked by clk_out1_clk_wiz_0  {rise@0.000ns fall@50.000ns period=100.000ns})
  Destination:            gps/cpu/nos_x_tos/B[9]
                            (rising edge-triggered cell DSP48E1 clocked by clk_out1_clk_wiz_0  {rise@0.000ns fall@50.000ns period=100.000ns})
  Path Group:             clk_out1_clk_wiz_0
  Path Type:              Setup (Max at Slow Process Corner)
  Requirement:            100.000ns  (clk_out1_clk_wiz_0 rise@100.000ns - clk_out1_clk_wiz_0 rise@0.000ns)
  Data Path Delay:        12.816ns  (logic 2.692ns (21.005%)  route 10.124ns (78.995%))
  Logic Levels:           10  (CARRY4=2 LUT2=1 LUT3=1 LUT5=2 LUT6=4)
  Clock Path Skew:        -0.014ns (DCD - SCD + CPR)
    Destination Clock Delay (DCD):    -1.407ns = ( 98.593 - 100.000 ) 
    Source Clock Delay      (SCD):    -0.833ns
    Clock Pessimism Removal (CPR):    0.559ns
  Clock Uncertainty:      0.149ns  ((TSJ^2 + DJ^2)^1/2) / 2 + PE
    Total System Jitter     (TSJ):    0.071ns
    Discrete Jitter          (DJ):    0.290ns
    Phase Error              (PE):    0.000ns

    Location             Delay type                Incr(ns)  Path(ns)    Netlist Resource(s)
  -------------------------------------------------------------------    -------------------
                         (clock clk_out1_clk_wiz_0 rise edge)
                                                      0.000     0.000 r  
    E3                                                0.000     0.000 r  XCO (IN)
                         net (fo=0)                   0.000     0.000    xco_mmcm/inst/clk_in1
    E3                   IBUF (Prop_ibuf_I_O)         1.482     1.482 r  xco_mmcm/inst/clkin1_ibufg/O
                         net (fo=1, routed)           1.233     2.715    xco_mmcm/inst/clk_in1_clk_wiz_0
    MMCME2_ADV_X1Y2      MMCME2_ADV (Prop_mmcme2_adv_CLKIN1_CLKOUT0)
                                                     -7.070    -4.355 r  xco_mmcm/inst/mmcm_adv_inst/CLKOUT0
                         net (fo=1, routed)           1.719    -2.636    xco_mmcm/inst/clk_out1_clk_wiz_0
    BUFGCTRL_X0Y16       BUFG (Prop_bufg_I_O)         0.096    -2.540 r  xco_mmcm/inst/clkout1_buf/O
                         net (fo=4618, routed)        1.707    -0.833    gps/clk_out1
    SLICE_X2Y73          FDRE                                         r  gps/rst_reg[2]/C
  -------------------------------------------------------------------    -------------------
    SLICE_X2Y73          FDRE (Prop_fdre_C_Q)         0.478    -0.355 f  gps/rst_reg[2]/Q
                         net (fo=170, routed)         4.344     3.990    gps/cpu/fa[6]/muxcy_0
    SLICE_X14Y63         LUT3 (Prop_lut3_I1_O)        0.301     4.291 r  gps/cpu/fa[6]/xorcy_i_4__1/O
                         net (fo=2, routed)           0.294     4.585    gps/cpu/fa[6]/rst_reg[2]_1
    SLICE_X14Y63         LUT6 (Prop_lut6_I5_O)        0.124     4.709 r  gps/cpu/fa[6]/xorcy_i_2__5/O
                         net (fo=32, routed)          1.863     6.572    gps/cpu/fa[4]/muxcy_3
    SLICE_X7Y66          LUT2 (Prop_lut2_I0_O)        0.124     6.696 r  gps/cpu/fa[4]/xorcy_i_2__3/O
                         net (fo=1, routed)           0.671     7.367    gps/cpu/fa[4]/b[4]
    SLICE_X9Y63          LUT6 (Prop_lut6_I5_O)        0.124     7.491 r  gps/cpu/fa[4]/xorcy_i_1__28/O
                         net (fo=1, routed)           0.000     7.491    gps/cpu/fa[4]/d
    SLICE_X9Y63          CARRY4 (Prop_carry4_S[0]_CO[3])
                                                      0.532     8.023 r  gps/cpu/fa[4]/muxcy_CARRY4/CO[3]
                         net (fo=1, routed)           0.000     8.023    gps/cpu/fa[8]/xorcy_0[0]
    SLICE_X9Y64          CARRY4 (Prop_carry4_CI_O[1])
                                                      0.334     8.357 r  gps/cpu/fa[8]/muxcy_CARRY4/O[1]
                         net (fo=2, routed)           0.803     9.160    gps/cpu/fa[9]/s[9]
    SLICE_X3Y63          LUT5 (Prop_lut5_I3_O)        0.303     9.463 r  gps/cpu/fa[9]/cpu_ram_i_133/O
                         net (fo=1, routed)           0.151     9.614    gps/cpu/fa[9]/cpu_ram_i_133_n_0
    SLICE_X3Y63          LUT5 (Prop_lut5_I0_O)        0.124     9.738 r  gps/cpu/fa[9]/cpu_ram_i_100/O
                         net (fo=1, routed)           0.433    10.171    gps/cpu/fa[9]/cpu_ram_i_100_n_0
    SLICE_X3Y63          LUT6 (Prop_lut6_I5_O)        0.124    10.295 r  gps/cpu/fa[9]/cpu_ram_i_60/O
                         net (fo=1, routed)           0.573    10.868    gps/cpu/fa[9]/cpu_ram_i_60_n_0
    SLICE_X6Y64          LUT6 (Prop_lut6_I0_O)        0.124    10.992 r  gps/cpu/fa[9]/cpu_ram_i_30/O
                         net (fo=3, routed)           0.991    11.983    gps/cpu/fa_n_1_[9]
    DSP48_X0Y24          DSP48E1                                      r  gps/cpu/nos_x_tos/B[9]
  -------------------------------------------------------------------    -------------------

                         (clock clk_out1_clk_wiz_0 rise edge)
                                                    100.000   100.000 r  
    E3                                                0.000   100.000 r  XCO (IN)
                         net (fo=0)                   0.000   100.000    xco_mmcm/inst/clk_in1
    E3                   IBUF (Prop_ibuf_I_O)         1.411   101.411 r  xco_mmcm/inst/clkin1_ibufg/O
                         net (fo=1, routed)           1.162   102.573    xco_mmcm/inst/clk_in1_clk_wiz_0
    MMCME2_ADV_X1Y2      MMCME2_ADV (Prop_mmcme2_adv_CLKIN1_CLKOUT0)
                                                     -7.324    95.249 r  xco_mmcm/inst/mmcm_adv_inst/CLKOUT0
                         net (fo=1, routed)           1.639    96.888    xco_mmcm/inst/clk_out1_clk_wiz_0
    BUFGCTRL_X0Y16       BUFG (Prop_bufg_I_O)         0.091    96.979 r  xco_mmcm/inst/clkout1_buf/O
                         net (fo=4618, routed)        1.614    98.593    gps/cpu/clk_out1
    DSP48_X0Y24          DSP48E1                                      r  gps/cpu/nos_x_tos/CLK
                         clock pessimism              0.559    99.153    
                         clock uncertainty           -0.149    99.003    
    DSP48_X0Y24          DSP48E1 (Setup_dsp48e1_CLK_B[9])
                                                     -0.450    98.553    gps/cpu/nos_x_tos
  -------------------------------------------------------------------
                         required time                         98.553    
                         arrival time                         -11.983    
  -------------------------------------------------------------------
                         slack                                 86.570    

Slack (MET) :             86.606ns  (required time - arrival time)
  Source:                 gps/rst_reg[2]/C
                            (rising edge-triggered cell FDRE clocked by clk_out1_clk_wiz_0  {rise@0.000ns fall@50.000ns period=100.000ns})
  Destination:            gps/cpu/cpu_ram/U0/inst_blk_mem_gen/gnbram.gnativebmg.native_blk_mem_gen/valid.cstr/ramloop[0].ram.r/prim_init.ram/DEVICE_7SERIES.NO_BMM_INFO.TRUE_DP.SIMPLE_PRIM18.ram/ADDRBWRADDR[9]
                            (rising edge-triggered cell RAMB18E1 clocked by clk_out1_clk_wiz_0  {rise@0.000ns fall@50.000ns period=100.000ns})
  Path Group:             clk_out1_clk_wiz_0
  Path Type:              Setup (Max at Slow Process Corner)
  Requirement:            100.000ns  (clk_out1_clk_wiz_0 rise@100.000ns - clk_out1_clk_wiz_0 rise@0.000ns)
  Data Path Delay:        12.614ns  (logic 2.372ns (18.805%)  route 10.242ns (81.195%))
  Logic Levels:           9  (CARRY4=1 LUT2=1 LUT3=1 LUT4=1 LUT5=1 LUT6=4)
  Clock Path Skew:        -0.065ns (DCD - SCD + CPR)
    Destination Clock Delay (DCD):    -1.457ns = ( 98.543 - 100.000 ) 
    Source Clock Delay      (SCD):    -0.833ns
    Clock Pessimism Removal (CPR):    0.559ns
  Clock Uncertainty:      0.149ns  ((TSJ^2 + DJ^2)^1/2) / 2 + PE
    Total System Jitter     (TSJ):    0.071ns
    Discrete Jitter          (DJ):    0.290ns
    Phase Error              (PE):    0.000ns

    Location             Delay type                Incr(ns)  Path(ns)    Netlist Resource(s)
  -------------------------------------------------------------------    -------------------
                         (clock clk_out1_clk_wiz_0 rise edge)
                                                      0.000     0.000 r  
    E3                                                0.000     0.000 r  XCO (IN)
                         net (fo=0)                   0.000     0.000    xco_mmcm/inst/clk_in1
    E3                   IBUF (Prop_ibuf_I_O)         1.482     1.482 r  xco_mmcm/inst/clkin1_ibufg/O
                         net (fo=1, routed)           1.233     2.715    xco_mmcm/inst/clk_in1_clk_wiz_0
    MMCME2_ADV_X1Y2      MMCME2_ADV (Prop_mmcme2_adv_CLKIN1_CLKOUT0)
                                                     -7.070    -4.355 r  xco_mmcm/inst/mmcm_adv_inst/CLKOUT0
                         net (fo=1, routed)           1.719    -2.636    xco_mmcm/inst/clk_out1_clk_wiz_0
    BUFGCTRL_X0Y16       BUFG (Prop_bufg_I_O)         0.096    -2.540 r  xco_mmcm/inst/clkout1_buf/O
                         net (fo=4618, routed)        1.707    -0.833    gps/clk_out1
    SLICE_X2Y73          FDRE                                         r  gps/rst_reg[2]/C
  -------------------------------------------------------------------    -------------------
    SLICE_X2Y73          FDRE (Prop_fdre_C_Q)         0.478    -0.355 f  gps/rst_reg[2]/Q
                         net (fo=170, routed)         4.344     3.990    gps/cpu/fa[6]/muxcy_0
    SLICE_X14Y63         LUT3 (Prop_lut3_I1_O)        0.301     4.291 r  gps/cpu/fa[6]/xorcy_i_4__1/O
                         net (fo=2, routed)           0.294     4.585    gps/cpu/fa[6]/rst_reg[2]_1
    SLICE_X14Y63         LUT6 (Prop_lut6_I5_O)        0.124     4.709 r  gps/cpu/fa[6]/xorcy_i_2__5/O
                         net (fo=32, routed)          1.863     6.572    gps/cpu/fa[4]/muxcy_3
    SLICE_X7Y66          LUT2 (Prop_lut2_I0_O)        0.124     6.696 r  gps/cpu/fa[4]/xorcy_i_2__3/O
                         net (fo=1, routed)           0.671     7.367    gps/cpu/fa[4]/b[4]
    SLICE_X9Y63          LUT6 (Prop_lut6_I5_O)        0.124     7.491 r  gps/cpu/fa[4]/xorcy_i_1__28/O
                         net (fo=1, routed)           0.000     7.491    gps/cpu/fa[4]/d
    SLICE_X9Y63          CARRY4 (Prop_carry4_S[0]_O[2])
                                                      0.547     8.038 r  gps/cpu/fa[4]/muxcy_CARRY4/O[2]
                         net (fo=2, routed)           0.550     8.588    gps/cpu/fa[6]/s[6]
    SLICE_X5Y64          LUT5 (Prop_lut5_I3_O)        0.302     8.890 r  gps/cpu/fa[6]/cpu_ram_i_137/O
                         net (fo=1, routed)           0.407     9.297    gps/cpu/fa[6]/cpu_ram_i_137_n_0
    SLICE_X5Y64          LUT6 (Prop_lut6_I4_O)        0.124     9.421 r  gps/cpu/fa[6]/cpu_ram_i_110/O
                         net (fo=1, routed)           0.598    10.019    gps/cpu/fa[6]/cpu_ram_i_110_n_0
    SLICE_X6Y64          LUT4 (Prop_lut4_I0_O)        0.124    10.143 r  gps/cpu/fa[6]/cpu_ram_i_70/O
                         net (fo=1, routed)           0.680    10.823    gps/cpu/fa[6]/cpu_ram_i_70_n_0
    SLICE_X6Y64          LUT6 (Prop_lut6_I1_O)        0.124    10.947 r  gps/cpu/fa[6]/cpu_ram_i_33/O
                         net (fo=3, routed)           0.834    11.781    gps/cpu/cpu_ram/U0/inst_blk_mem_gen/gnbram.gnativebmg.native_blk_mem_gen/valid.cstr/ramloop[0].ram.r/prim_init.ram/addrb[5]
    RAMB18_X0Y24         RAMB18E1                                     r  gps/cpu/cpu_ram/U0/inst_blk_mem_gen/gnbram.gnativebmg.native_blk_mem_gen/valid.cstr/ramloop[0].ram.r/prim_init.ram/DEVICE_7SERIES.NO_BMM_INFO.TRUE_DP.SIMPLE_PRIM18.ram/ADDRBWRADDR[9]
  -------------------------------------------------------------------    -------------------

                         (clock clk_out1_clk_wiz_0 rise edge)
                                                    100.000   100.000 r  
    E3                                                0.000   100.000 r  XCO (IN)
                         net (fo=0)                   0.000   100.000    xco_mmcm/inst/clk_in1
    E3                   IBUF (Prop_ibuf_I_O)         1.411   101.411 r  xco_mmcm/inst/clkin1_ibufg/O
                         net (fo=1, routed)           1.162   102.573    xco_mmcm/inst/clk_in1_clk_wiz_0
    MMCME2_ADV_X1Y2      MMCME2_ADV (Prop_mmcme2_adv_CLKIN1_CLKOUT0)
                                                     -7.324    95.249 r  xco_mmcm/inst/mmcm_adv_inst/CLKOUT0
                         net (fo=1, routed)           1.639    96.888    xco_mmcm/inst/clk_out1_clk_wiz_0
    BUFGCTRL_X0Y16       BUFG (Prop_bufg_I_O)         0.091    96.979 r  xco_mmcm/inst/clkout1_buf/O
                         net (fo=4618, routed)        1.564    98.543    gps/cpu/cpu_ram/U0/inst_blk_mem_gen/gnbram.gnativebmg.native_blk_mem_gen/valid.cstr/ramloop[0].ram.r/prim_init.ram/clka
    RAMB18_X0Y24         RAMB18E1                                     r  gps/cpu/cpu_ram/U0/inst_blk_mem_gen/gnbram.gnativebmg.native_blk_mem_gen/valid.cstr/ramloop[0].ram.r/prim_init.ram/DEVICE_7SERIES.NO_BMM_INFO.TRUE_DP.SIMPLE_PRIM18.ram/CLKBWRCLK
                         clock pessimism              0.559    99.103    
                         clock uncertainty           -0.149    98.953    
    RAMB18_X0Y24         RAMB18E1 (Setup_ramb18e1_CLKBWRCLK_ADDRBWRADDR[9])
                                                     -0.566    98.387    gps/cpu/cpu_ram/U0/inst_blk_mem_gen/gnbram.gnativebmg.native_blk_mem_gen/valid.cstr/ramloop[0].ram.r/prim_init.ram/DEVICE_7SERIES.NO_BMM_INFO.TRUE_DP.SIMPLE_PRIM18.ram
  -------------------------------------------------------------------
                         required time                         98.387    
                         arrival time                         -11.781    
  -------------------------------------------------------------------
                         slack                                 86.606    

Slack (MET) :             86.825ns  (required time - arrival time)
  Source:                 gps/rst_reg[2]/C
                            (rising edge-triggered cell FDRE clocked by clk_out1_clk_wiz_0  {rise@0.000ns fall@50.000ns period=100.000ns})
  Destination:            gps/cpu/cpu_ram/U0/inst_blk_mem_gen/gnbram.gnativebmg.native_blk_mem_gen/valid.cstr/ramloop[0].ram.r/prim_init.ram/DEVICE_7SERIES.NO_BMM_INFO.TRUE_DP.SIMPLE_PRIM18.ram/ADDRBWRADDR[10]
                            (rising edge-triggered cell RAMB18E1 clocked by clk_out1_clk_wiz_0  {rise@0.000ns fall@50.000ns period=100.000ns})
  Path Group:             clk_out1_clk_wiz_0
  Path Type:              Setup (Max at Slow Process Corner)
  Requirement:            100.000ns  (clk_out1_clk_wiz_0 rise@100.000ns - clk_out1_clk_wiz_0 rise@0.000ns)
  Data Path Delay:        12.395ns  (logic 2.435ns (19.646%)  route 9.960ns (80.354%))
  Logic Levels:           9  (CARRY4=1 LUT2=1 LUT3=1 LUT4=1 LUT5=1 LUT6=4)
  Clock Path Skew:        -0.065ns (DCD - SCD + CPR)
    Destination Clock Delay (DCD):    -1.457ns = ( 98.543 - 100.000 ) 
    Source Clock Delay      (SCD):    -0.833ns
    Clock Pessimism Removal (CPR):    0.559ns
  Clock Uncertainty:      0.149ns  ((TSJ^2 + DJ^2)^1/2) / 2 + PE
    Total System Jitter     (TSJ):    0.071ns
    Discrete Jitter          (DJ):    0.290ns
    Phase Error              (PE):    0.000ns

    Location             Delay type                Incr(ns)  Path(ns)    Netlist Resource(s)
  -------------------------------------------------------------------    -------------------
                         (clock clk_out1_clk_wiz_0 rise edge)
                                                      0.000     0.000 r  
    E3                                                0.000     0.000 r  XCO (IN)
                         net (fo=0)                   0.000     0.000    xco_mmcm/inst/clk_in1
    E3                   IBUF (Prop_ibuf_I_O)         1.482     1.482 r  xco_mmcm/inst/clkin1_ibufg/O
                         net (fo=1, routed)           1.233     2.715    xco_mmcm/inst/clk_in1_clk_wiz_0
    MMCME2_ADV_X1Y2      MMCME2_ADV (Prop_mmcme2_adv_CLKIN1_CLKOUT0)
                                                     -7.070    -4.355 r  xco_mmcm/inst/mmcm_adv_inst/CLKOUT0
                         net (fo=1, routed)           1.719    -2.636    xco_mmcm/inst/clk_out1_clk_wiz_0
    BUFGCTRL_X0Y16       BUFG (Prop_bufg_I_O)         0.096    -2.540 r  xco_mmcm/inst/clkout1_buf/O
                         net (fo=4618, routed)        1.707    -0.833    gps/clk_out1
    SLICE_X2Y73          FDRE                                         r  gps/rst_reg[2]/C
  -------------------------------------------------------------------    -------------------
    SLICE_X2Y73          FDRE (Prop_fdre_C_Q)         0.478    -0.355 f  gps/rst_reg[2]/Q
                         net (fo=170, routed)         4.344     3.990    gps/cpu/fa[6]/muxcy_0
    SLICE_X14Y63         LUT3 (Prop_lut3_I1_O)        0.301     4.291 r  gps/cpu/fa[6]/xorcy_i_4__1/O
                         net (fo=2, routed)           0.294     4.585    gps/cpu/fa[6]/rst_reg[2]_1
    SLICE_X14Y63         LUT6 (Prop_lut6_I5_O)        0.124     4.709 r  gps/cpu/fa[6]/xorcy_i_2__5/O
                         net (fo=32, routed)          1.863     6.572    gps/cpu/fa[4]/muxcy_3
    SLICE_X7Y66          LUT2 (Prop_lut2_I0_O)        0.124     6.696 r  gps/cpu/fa[4]/xorcy_i_2__3/O
                         net (fo=1, routed)           0.671     7.367    gps/cpu/fa[4]/b[4]
    SLICE_X9Y63          LUT6 (Prop_lut6_I5_O)        0.124     7.491 r  gps/cpu/fa[4]/xorcy_i_1__28/O
                         net (fo=1, routed)           0.000     7.491    gps/cpu/fa[4]/d
    SLICE_X9Y63          CARRY4 (Prop_carry4_S[0]_O[3])
                                                      0.606     8.097 r  gps/cpu/fa[4]/muxcy_CARRY4/O[3]
                         net (fo=2, routed)           0.317     8.415    gps/cpu/fa[7]/s[7]
    SLICE_X9Y61          LUT5 (Prop_lut5_I3_O)        0.306     8.721 r  gps/cpu/fa[7]/cpu_ram_i_135/O
                         net (fo=1, routed)           0.310     9.031    gps/cpu/fa[7]/cpu_ram_i_135_n_0
    SLICE_X10Y61         LUT6 (Prop_lut6_I4_O)        0.124     9.155 r  gps/cpu/fa[7]/cpu_ram_i_107/O
                         net (fo=1, routed)           0.697     9.851    gps/cpu/fa[7]/cpu_ram_i_107_n_0
    SLICE_X6Y62          LUT4 (Prop_lut4_I0_O)        0.124     9.975 r  gps/cpu/fa[7]/cpu_ram_i_67/O
                         net (fo=1, routed)           0.670    10.645    gps/cpu/fa[7]/cpu_ram_i_67_n_0
    SLICE_X6Y62          LUT6 (Prop_lut6_I1_O)        0.124    10.769 r  gps/cpu/fa[7]/cpu_ram_i_32/O
                         net (fo=3, routed)           0.793    11.562    gps/cpu/cpu_ram/U0/inst_blk_mem_gen/gnbram.gnativebmg.native_blk_mem_gen/valid.cstr/ramloop[0].ram.r/prim_init.ram/addrb[6]
    RAMB18_X0Y24         RAMB18E1                                     r  gps/cpu/cpu_ram/U0/inst_blk_mem_gen/gnbram.gnativebmg.native_blk_mem_gen/valid.cstr/ramloop[0].ram.r/prim_init.ram/DEVICE_7SERIES.NO_BMM_INFO.TRUE_DP.SIMPLE_PRIM18.ram/ADDRBWRADDR[10]
  -------------------------------------------------------------------    -------------------

                         (clock clk_out1_clk_wiz_0 rise edge)
                                                    100.000   100.000 r  
    E3                                                0.000   100.000 r  XCO (IN)
                         net (fo=0)                   0.000   100.000    xco_mmcm/inst/clk_in1
    E3                   IBUF (Prop_ibuf_I_O)         1.411   101.411 r  xco_mmcm/inst/clkin1_ibufg/O
                         net (fo=1, routed)           1.162   102.573    xco_mmcm/inst/clk_in1_clk_wiz_0
    MMCME2_ADV_X1Y2      MMCME2_ADV (Prop_mmcme2_adv_CLKIN1_CLKOUT0)
                                                     -7.324    95.249 r  xco_mmcm/inst/mmcm_adv_inst/CLKOUT0
                         net (fo=1, routed)           1.639    96.888    xco_mmcm/inst/clk_out1_clk_wiz_0
    BUFGCTRL_X0Y16       BUFG (Prop_bufg_I_O)         0.091    96.979 r  xco_mmcm/inst/clkout1_buf/O
                         net (fo=4618, routed)        1.564    98.543    gps/cpu/cpu_ram/U0/inst_blk_mem_gen/gnbram.gnativebmg.native_blk_mem_gen/valid.cstr/ramloop[0].ram.r/prim_init.ram/clka
    RAMB18_X0Y24         RAMB18E1                                     r  gps/cpu/cpu_ram/U0/inst_blk_mem_gen/gnbram.gnativebmg.native_blk_mem_gen/valid.cstr/ramloop[0].ram.r/prim_init.ram/DEVICE_7SERIES.NO_BMM_INFO.TRUE_DP.SIMPLE_PRIM18.ram/CLKBWRCLK
                         clock pessimism              0.559    99.103    
                         clock uncertainty           -0.149    98.953    
    RAMB18_X0Y24         RAMB18E1 (Setup_ramb18e1_CLKBWRCLK_ADDRBWRADDR[10])
                                                     -0.566    98.387    gps/cpu/cpu_ram/U0/inst_blk_mem_gen/gnbram.gnativebmg.native_blk_mem_gen/valid.cstr/ramloop[0].ram.r/prim_init.ram/DEVICE_7SERIES.NO_BMM_INFO.TRUE_DP.SIMPLE_PRIM18.ram
  -------------------------------------------------------------------
                         required time                         98.387    
                         arrival time                         -11.562    
  -------------------------------------------------------------------
                         slack                                 86.825    

Slack (MET) :             86.830ns  (required time - arrival time)
  Source:                 gps/rst_reg[2]/C
                            (rising edge-triggered cell FDRE clocked by clk_out1_clk_wiz_0  {rise@0.000ns fall@50.000ns period=100.000ns})
  Destination:            gps/cpu/nos_x_tos/B[10]
                            (rising edge-triggered cell DSP48E1 clocked by clk_out1_clk_wiz_0  {rise@0.000ns fall@50.000ns period=100.000ns})
  Path Group:             clk_out1_clk_wiz_0
  Path Type:              Setup (Max at Slow Process Corner)
  Requirement:            100.000ns  (clk_out1_clk_wiz_0 rise@100.000ns - clk_out1_clk_wiz_0 rise@0.000ns)
  Data Path Delay:        12.556ns  (logic 2.596ns (20.676%)  route 9.960ns (79.324%))
  Logic Levels:           10  (CARRY4=2 LUT2=1 LUT3=1 LUT5=2 LUT6=4)
  Clock Path Skew:        -0.014ns (DCD - SCD + CPR)
    Destination Clock Delay (DCD):    -1.407ns = ( 98.593 - 100.000 ) 
    Source Clock Delay      (SCD):    -0.833ns
    Clock Pessimism Removal (CPR):    0.559ns
  Clock Uncertainty:      0.149ns  ((TSJ^2 + DJ^2)^1/2) / 2 + PE
    Total System Jitter     (TSJ):    0.071ns
    Discrete Jitter          (DJ):    0.290ns
    Phase Error              (PE):    0.000ns

    Location             Delay type                Incr(ns)  Path(ns)    Netlist Resource(s)
  -------------------------------------------------------------------    -------------------
                         (clock clk_out1_clk_wiz_0 rise edge)
                                                      0.000     0.000 r  
    E3                                                0.000     0.000 r  XCO (IN)
                         net (fo=0)                   0.000     0.000    xco_mmcm/inst/clk_in1
    E3                   IBUF (Prop_ibuf_I_O)         1.482     1.482 r  xco_mmcm/inst/clkin1_ibufg/O
                         net (fo=1, routed)           1.233     2.715    xco_mmcm/inst/clk_in1_clk_wiz_0
    MMCME2_ADV_X1Y2      MMCME2_ADV (Prop_mmcme2_adv_CLKIN1_CLKOUT0)
                                                     -7.070    -4.355 r  xco_mmcm/inst/mmcm_adv_inst/CLKOUT0
                         net (fo=1, routed)           1.719    -2.636    xco_mmcm/inst/clk_out1_clk_wiz_0
    BUFGCTRL_X0Y16       BUFG (Prop_bufg_I_O)         0.096    -2.540 r  xco_mmcm/inst/clkout1_buf/O
                         net (fo=4618, routed)        1.707    -0.833    gps/clk_out1
    SLICE_X2Y73          FDRE                                         r  gps/rst_reg[2]/C
  -------------------------------------------------------------------    -------------------
    SLICE_X2Y73          FDRE (Prop_fdre_C_Q)         0.478    -0.355 f  gps/rst_reg[2]/Q
                         net (fo=170, routed)         4.344     3.990    gps/cpu/fa[6]/muxcy_0
    SLICE_X14Y63         LUT3 (Prop_lut3_I1_O)        0.301     4.291 r  gps/cpu/fa[6]/xorcy_i_4__1/O
                         net (fo=2, routed)           0.294     4.585    gps/cpu/fa[6]/rst_reg[2]_1
    SLICE_X14Y63         LUT6 (Prop_lut6_I5_O)        0.124     4.709 r  gps/cpu/fa[6]/xorcy_i_2__5/O
                         net (fo=32, routed)          1.863     6.572    gps/cpu/fa[4]/muxcy_3
    SLICE_X7Y66          LUT2 (Prop_lut2_I0_O)        0.124     6.696 r  gps/cpu/fa[4]/xorcy_i_2__3/O
                         net (fo=1, routed)           0.671     7.367    gps/cpu/fa[4]/b[4]
    SLICE_X9Y63          LUT6 (Prop_lut6_I5_O)        0.124     7.491 r  gps/cpu/fa[4]/xorcy_i_1__28/O
                         net (fo=1, routed)           0.000     7.491    gps/cpu/fa[4]/d
    SLICE_X9Y63          CARRY4 (Prop_carry4_S[0]_CO[3])
                                                      0.532     8.023 r  gps/cpu/fa[4]/muxcy_CARRY4/CO[3]
                         net (fo=1, routed)           0.000     8.023    gps/cpu/fa[8]/xorcy_0[0]
    SLICE_X9Y64          CARRY4 (Prop_carry4_CI_O[2])
                                                      0.239     8.262 r  gps/cpu/fa[8]/muxcy_CARRY4/O[2]
                         net (fo=2, routed)           0.594     8.856    gps/cpu/fa[10]/s[10]
    SLICE_X9Y60          LUT5 (Prop_lut5_I3_O)        0.302     9.158 r  gps/cpu/fa[10]/cpu_ram_i_130/O
                         net (fo=1, routed)           0.316     9.474    gps/cpu/fa[10]/cpu_ram_i_130_n_0
    SLICE_X10Y60         LUT5 (Prop_lut5_I0_O)        0.124     9.598 r  gps/cpu/fa[10]/cpu_ram_i_92/O
                         net (fo=1, routed)           0.680    10.278    gps/cpu/fa[10]/cpu_ram_i_92_n_0
    SLICE_X10Y60         LUT6 (Prop_lut6_I5_O)        0.124    10.402 r  gps/cpu/fa[10]/cpu_ram_i_55/O
                         net (fo=1, routed)           0.453    10.854    gps/cpu/fa[10]/cpu_ram_i_55_n_0
    SLICE_X8Y60          LUT6 (Prop_lut6_I0_O)        0.124    10.978 r  gps/cpu/fa[10]/cpu_ram_i_29/O
                         net (fo=3, routed)           0.745    11.723    gps/cpu/fa_n_1_[10]
    DSP48_X0Y24          DSP48E1                                      r  gps/cpu/nos_x_tos/B[10]
  -------------------------------------------------------------------    -------------------

                         (clock clk_out1_clk_wiz_0 rise edge)
                                                    100.000   100.000 r  
    E3                                                0.000   100.000 r  XCO (IN)
                         net (fo=0)                   0.000   100.000    xco_mmcm/inst/clk_in1
    E3                   IBUF (Prop_ibuf_I_O)         1.411   101.411 r  xco_mmcm/inst/clkin1_ibufg/O
                         net (fo=1, routed)           1.162   102.573    xco_mmcm/inst/clk_in1_clk_wiz_0
    MMCME2_ADV_X1Y2      MMCME2_ADV (Prop_mmcme2_adv_CLKIN1_CLKOUT0)
                                                     -7.324    95.249 r  xco_mmcm/inst/mmcm_adv_inst/CLKOUT0
                         net (fo=1, routed)           1.639    96.888    xco_mmcm/inst/clk_out1_clk_wiz_0
    BUFGCTRL_X0Y16       BUFG (Prop_bufg_I_O)         0.091    96.979 r  xco_mmcm/inst/clkout1_buf/O
                         net (fo=4618, routed)        1.614    98.593    gps/cpu/clk_out1
    DSP48_X0Y24          DSP48E1                                      r  gps/cpu/nos_x_tos/CLK
                         clock pessimism              0.559    99.153    
                         clock uncertainty           -0.149    99.003    
    DSP48_X0Y24          DSP48E1 (Setup_dsp48e1_CLK_B[10])
                                                     -0.450    98.553    gps/cpu/nos_x_tos
  -------------------------------------------------------------------
                         required time                         98.553    
                         arrival time                         -11.723    
  -------------------------------------------------------------------
                         slack                                 86.830    

Slack (MET) :             86.847ns  (required time - arrival time)
  Source:                 gps/rst_reg[2]/C
                            (rising edge-triggered cell FDRE clocked by clk_out1_clk_wiz_0  {rise@0.000ns fall@50.000ns period=100.000ns})
  Destination:            gps/cpu/nos_x_tos/B[13]
                            (rising edge-triggered cell DSP48E1 clocked by clk_out1_clk_wiz_0  {rise@0.000ns fall@50.000ns period=100.000ns})
  Path Group:             clk_out1_clk_wiz_0
  Path Type:              Setup (Max at Slow Process Corner)
  Requirement:            100.000ns  (clk_out1_clk_wiz_0 rise@100.000ns - clk_out1_clk_wiz_0 rise@0.000ns)
  Data Path Delay:        12.539ns  (logic 2.806ns (22.379%)  route 9.733ns (77.621%))
  Logic Levels:           11  (CARRY4=3 LUT2=1 LUT3=1 LUT5=2 LUT6=4)
  Clock Path Skew:        -0.014ns (DCD - SCD + CPR)
    Destination Clock Delay (DCD):    -1.407ns = ( 98.593 - 100.000 ) 
    Source Clock Delay      (SCD):    -0.833ns
    Clock Pessimism Removal (CPR):    0.559ns
  Clock Uncertainty:      0.149ns  ((TSJ^2 + DJ^2)^1/2) / 2 + PE
    Total System Jitter     (TSJ):    0.071ns
    Discrete Jitter          (DJ):    0.290ns
    Phase Error              (PE):    0.000ns

    Location             Delay type                Incr(ns)  Path(ns)    Netlist Resource(s)
  -------------------------------------------------------------------    -------------------
                         (clock clk_out1_clk_wiz_0 rise edge)
                                                      0.000     0.000 r  
    E3                                                0.000     0.000 r  XCO (IN)
                         net (fo=0)                   0.000     0.000    xco_mmcm/inst/clk_in1
    E3                   IBUF (Prop_ibuf_I_O)         1.482     1.482 r  xco_mmcm/inst/clkin1_ibufg/O
                         net (fo=1, routed)           1.233     2.715    xco_mmcm/inst/clk_in1_clk_wiz_0
    MMCME2_ADV_X1Y2      MMCME2_ADV (Prop_mmcme2_adv_CLKIN1_CLKOUT0)
                                                     -7.070    -4.355 r  xco_mmcm/inst/mmcm_adv_inst/CLKOUT0
                         net (fo=1, routed)           1.719    -2.636    xco_mmcm/inst/clk_out1_clk_wiz_0
    BUFGCTRL_X0Y16       BUFG (Prop_bufg_I_O)         0.096    -2.540 r  xco_mmcm/inst/clkout1_buf/O
                         net (fo=4618, routed)        1.707    -0.833    gps/clk_out1
    SLICE_X2Y73          FDRE                                         r  gps/rst_reg[2]/C
  -------------------------------------------------------------------    -------------------
    SLICE_X2Y73          FDRE (Prop_fdre_C_Q)         0.478    -0.355 f  gps/rst_reg[2]/Q
                         net (fo=170, routed)         4.344     3.990    gps/cpu/fa[6]/muxcy_0
    SLICE_X14Y63         LUT3 (Prop_lut3_I1_O)        0.301     4.291 r  gps/cpu/fa[6]/xorcy_i_4__1/O
                         net (fo=2, routed)           0.294     4.585    gps/cpu/fa[6]/rst_reg[2]_1
    SLICE_X14Y63         LUT6 (Prop_lut6_I5_O)        0.124     4.709 r  gps/cpu/fa[6]/xorcy_i_2__5/O
                         net (fo=32, routed)          1.863     6.572    gps/cpu/fa[4]/muxcy_3
    SLICE_X7Y66          LUT2 (Prop_lut2_I0_O)        0.124     6.696 r  gps/cpu/fa[4]/xorcy_i_2__3/O
                         net (fo=1, routed)           0.671     7.367    gps/cpu/fa[4]/b[4]
    SLICE_X9Y63          LUT6 (Prop_lut6_I5_O)        0.124     7.491 r  gps/cpu/fa[4]/xorcy_i_1__28/O
                         net (fo=1, routed)           0.000     7.491    gps/cpu/fa[4]/d
    SLICE_X9Y63          CARRY4 (Prop_carry4_S[0]_CO[3])
                                                      0.532     8.023 r  gps/cpu/fa[4]/muxcy_CARRY4/CO[3]
                         net (fo=1, routed)           0.000     8.023    gps/cpu/fa[8]/xorcy_0[0]
    SLICE_X9Y64          CARRY4 (Prop_carry4_CI_CO[3])
                                                      0.114     8.137 r  gps/cpu/fa[8]/muxcy_CARRY4/CO[3]
                         net (fo=1, routed)           0.000     8.137    gps/cpu/fa[12]/co[0]
    SLICE_X9Y65          CARRY4 (Prop_carry4_CI_O[1])
                                                      0.334     8.471 r  gps/cpu/fa[12]/muxcy_CARRY4/O[1]
                         net (fo=2, routed)           0.747     9.218    gps/cpu/fa[13]/s[13]
    SLICE_X10Y62         LUT5 (Prop_lut5_I3_O)        0.303     9.521 r  gps/cpu/fa[13]/nos_x_tos_i_84/O
                         net (fo=1, routed)           0.656    10.177    gps/cpu/fa[13]/nos_x_tos_i_84_n_0
    SLICE_X11Y62         LUT5 (Prop_lut5_I0_O)        0.124    10.301 r  gps/cpu/fa[13]/nos_x_tos_i_62/O
                         net (fo=1, routed)           0.154    10.455    gps/cpu/fa[13]/nos_x_tos_i_62_n_0
    SLICE_X11Y62         LUT6 (Prop_lut6_I5_O)        0.124    10.579 r  gps/cpu/fa[13]/nos_x_tos_i_33/O
                         net (fo=1, routed)           0.427    11.007    gps/cpu/fa[13]/nos_x_tos_i_33_n_0
    SLICE_X10Y63         LUT6 (Prop_lut6_I0_O)        0.124    11.130 r  gps/cpu/fa[13]/nos_x_tos_i_4/O
                         net (fo=2, routed)           0.576    11.706    gps/cpu/fa_n_1_[13]
    DSP48_X0Y24          DSP48E1                                      r  gps/cpu/nos_x_tos/B[13]
  -------------------------------------------------------------------    -------------------

                         (clock clk_out1_clk_wiz_0 rise edge)
                                                    100.000   100.000 r  
    E3                                                0.000   100.000 r  XCO (IN)
                         net (fo=0)                   0.000   100.000    xco_mmcm/inst/clk_in1
    E3                   IBUF (Prop_ibuf_I_O)         1.411   101.411 r  xco_mmcm/inst/clkin1_ibufg/O
                         net (fo=1, routed)           1.162   102.573    xco_mmcm/inst/clk_in1_clk_wiz_0
    MMCME2_ADV_X1Y2      MMCME2_ADV (Prop_mmcme2_adv_CLKIN1_CLKOUT0)
                                                     -7.324    95.249 r  xco_mmcm/inst/mmcm_adv_inst/CLKOUT0
                         net (fo=1, routed)           1.639    96.888    xco_mmcm/inst/clk_out1_clk_wiz_0
    BUFGCTRL_X0Y16       BUFG (Prop_bufg_I_O)         0.091    96.979 r  xco_mmcm/inst/clkout1_buf/O
                         net (fo=4618, routed)        1.614    98.593    gps/cpu/clk_out1
    DSP48_X0Y24          DSP48E1                                      r  gps/cpu/nos_x_tos/CLK
                         clock pessimism              0.559    99.153    
                         clock uncertainty           -0.149    99.003    
    DSP48_X0Y24          DSP48E1 (Setup_dsp48e1_CLK_B[13])
                                                     -0.450    98.553    gps/cpu/nos_x_tos
  -------------------------------------------------------------------
                         required time                         98.553    
                         arrival time                         -11.706    
  -------------------------------------------------------------------
                         slack                                 86.847    

Slack (MET) :             86.891ns  (required time - arrival time)
  Source:                 gps/rst_reg[2]/C
                            (rising edge-triggered cell FDRE clocked by clk_out1_clk_wiz_0  {rise@0.000ns fall@50.000ns period=100.000ns})
  Destination:            gps/cpu/nos_x_tos/B[7]
                            (rising edge-triggered cell DSP48E1 clocked by clk_out1_clk_wiz_0  {rise@0.000ns fall@50.000ns period=100.000ns})
  Path Group:             clk_out1_clk_wiz_0
  Path Type:              Setup (Max at Slow Process Corner)
  Requirement:            100.000ns  (clk_out1_clk_wiz_0 rise@100.000ns - clk_out1_clk_wiz_0 rise@0.000ns)
  Data Path Delay:        12.495ns  (logic 2.435ns (19.487%)  route 10.060ns (80.513%))
  Logic Levels:           9  (CARRY4=1 LUT2=1 LUT3=1 LUT4=1 LUT5=1 LUT6=4)
  Clock Path Skew:        -0.014ns (DCD - SCD + CPR)
    Destination Clock Delay (DCD):    -1.407ns = ( 98.593 - 100.000 ) 
    Source Clock Delay      (SCD):    -0.833ns
    Clock Pessimism Removal (CPR):    0.559ns
  Clock Uncertainty:      0.149ns  ((TSJ^2 + DJ^2)^1/2) / 2 + PE
    Total System Jitter     (TSJ):    0.071ns
    Discrete Jitter          (DJ):    0.290ns
    Phase Error              (PE):    0.000ns

    Location             Delay type                Incr(ns)  Path(ns)    Netlist Resource(s)
  -------------------------------------------------------------------    -------------------
                         (clock clk_out1_clk_wiz_0 rise edge)
                                                      0.000     0.000 r  
    E3                                                0.000     0.000 r  XCO (IN)
                         net (fo=0)                   0.000     0.000    xco_mmcm/inst/clk_in1
    E3                   IBUF (Prop_ibuf_I_O)         1.482     1.482 r  xco_mmcm/inst/clkin1_ibufg/O
                         net (fo=1, routed)           1.233     2.715    xco_mmcm/inst/clk_in1_clk_wiz_0
    MMCME2_ADV_X1Y2      MMCME2_ADV (Prop_mmcme2_adv_CLKIN1_CLKOUT0)
                                                     -7.070    -4.355 r  xco_mmcm/inst/mmcm_adv_inst/CLKOUT0
                         net (fo=1, routed)           1.719    -2.636    xco_mmcm/inst/clk_out1_clk_wiz_0
    BUFGCTRL_X0Y16       BUFG (Prop_bufg_I_O)         0.096    -2.540 r  xco_mmcm/inst/clkout1_buf/O
                         net (fo=4618, routed)        1.707    -0.833    gps/clk_out1
    SLICE_X2Y73          FDRE                                         r  gps/rst_reg[2]/C
  -------------------------------------------------------------------    -------------------
    SLICE_X2Y73          FDRE (Prop_fdre_C_Q)         0.478    -0.355 f  gps/rst_reg[2]/Q
                         net (fo=170, routed)         4.344     3.990    gps/cpu/fa[6]/muxcy_0
    SLICE_X14Y63         LUT3 (Prop_lut3_I1_O)        0.301     4.291 r  gps/cpu/fa[6]/xorcy_i_4__1/O
                         net (fo=2, routed)           0.294     4.585    gps/cpu/fa[6]/rst_reg[2]_1
    SLICE_X14Y63         LUT6 (Prop_lut6_I5_O)        0.124     4.709 r  gps/cpu/fa[6]/xorcy_i_2__5/O
                         net (fo=32, routed)          1.863     6.572    gps/cpu/fa[4]/muxcy_3
    SLICE_X7Y66          LUT2 (Prop_lut2_I0_O)        0.124     6.696 r  gps/cpu/fa[4]/xorcy_i_2__3/O
                         net (fo=1, routed)           0.671     7.367    gps/cpu/fa[4]/b[4]
    SLICE_X9Y63          LUT6 (Prop_lut6_I5_O)        0.124     7.491 r  gps/cpu/fa[4]/xorcy_i_1__28/O
                         net (fo=1, routed)           0.000     7.491    gps/cpu/fa[4]/d
    SLICE_X9Y63          CARRY4 (Prop_carry4_S[0]_O[3])
                                                      0.606     8.097 r  gps/cpu/fa[4]/muxcy_CARRY4/O[3]
                         net (fo=2, routed)           0.317     8.415    gps/cpu/fa[7]/s[7]
    SLICE_X9Y61          LUT5 (Prop_lut5_I3_O)        0.306     8.721 r  gps/cpu/fa[7]/cpu_ram_i_135/O
                         net (fo=1, routed)           0.310     9.031    gps/cpu/fa[7]/cpu_ram_i_135_n_0
    SLICE_X10Y61         LUT6 (Prop_lut6_I4_O)        0.124     9.155 r  gps/cpu/fa[7]/cpu_ram_i_107/O
                         net (fo=1, routed)           0.697     9.851    gps/cpu/fa[7]/cpu_ram_i_107_n_0
    SLICE_X6Y62          LUT4 (Prop_lut4_I0_O)        0.124     9.975 r  gps/cpu/fa[7]/cpu_ram_i_67/O
                         net (fo=1, routed)           0.670    10.645    gps/cpu/fa[7]/cpu_ram_i_67_n_0
    SLICE_X6Y62          LUT6 (Prop_lut6_I1_O)        0.124    10.769 r  gps/cpu/fa[7]/cpu_ram_i_32/O
                         net (fo=3, routed)           0.894    11.663    gps/cpu/fa_n_1_[7]
    DSP48_X0Y24          DSP48E1                                      r  gps/cpu/nos_x_tos/B[7]
  -------------------------------------------------------------------    -------------------

                         (clock clk_out1_clk_wiz_0 rise edge)
                                                    100.000   100.000 r  
    E3                                                0.000   100.000 r  XCO (IN)
                         net (fo=0)                   0.000   100.000    xco_mmcm/inst/clk_in1
    E3                   IBUF (Prop_ibuf_I_O)         1.411   101.411 r  xco_mmcm/inst/clkin1_ibufg/O
                         net (fo=1, routed)           1.162   102.573    xco_mmcm/inst/clk_in1_clk_wiz_0
    MMCME2_ADV_X1Y2      MMCME2_ADV (Prop_mmcme2_adv_CLKIN1_CLKOUT0)
                                                     -7.324    95.249 r  xco_mmcm/inst/mmcm_adv_inst/CLKOUT0
                         net (fo=1, routed)           1.639    96.888    xco_mmcm/inst/clk_out1_clk_wiz_0
    BUFGCTRL_X0Y16       BUFG (Prop_bufg_I_O)         0.091    96.979 r  xco_mmcm/inst/clkout1_buf/O
                         net (fo=4618, routed)        1.614    98.593    gps/cpu/clk_out1
    DSP48_X0Y24          DSP48E1                                      r  gps/cpu/nos_x_tos/CLK
                         clock pessimism              0.559    99.153    
                         clock uncertainty           -0.149    99.003    
    DSP48_X0Y24          DSP48E1 (Setup_dsp48e1_CLK_B[7])
                                                     -0.450    98.553    gps/cpu/nos_x_tos
  -------------------------------------------------------------------
                         required time                         98.553    
                         arrival time                         -11.663    
  -------------------------------------------------------------------
                         slack                                 86.891    

Slack (MET) :             86.894ns  (required time - arrival time)
  Source:                 gps/rst_reg[2]/C
                            (rising edge-triggered cell FDRE clocked by clk_out1_clk_wiz_0  {rise@0.000ns fall@50.000ns period=100.000ns})
  Destination:            gps/cpu/nos_x_tos/B[5]
                            (rising edge-triggered cell DSP48E1 clocked by clk_out1_clk_wiz_0  {rise@0.000ns fall@50.000ns period=100.000ns})
  Path Group:             clk_out1_clk_wiz_0
  Path Type:              Setup (Max at Slow Process Corner)
  Requirement:            100.000ns  (clk_out1_clk_wiz_0 rise@100.000ns - clk_out1_clk_wiz_0 rise@0.000ns)
  Data Path Delay:        12.492ns  (logic 2.816ns (22.542%)  route 9.676ns (77.458%))
  Logic Levels:           10  (CARRY4=2 LUT2=1 LUT3=1 LUT4=1 LUT5=1 LUT6=4)
  Clock Path Skew:        -0.014ns (DCD - SCD + CPR)
    Destination Clock Delay (DCD):    -1.407ns = ( 98.593 - 100.000 ) 
    Source Clock Delay      (SCD):    -0.833ns
    Clock Pessimism Removal (CPR):    0.559ns
  Clock Uncertainty:      0.149ns  ((TSJ^2 + DJ^2)^1/2) / 2 + PE
    Total System Jitter     (TSJ):    0.071ns
    Discrete Jitter          (DJ):    0.290ns
    Phase Error              (PE):    0.000ns

    Location             Delay type                Incr(ns)  Path(ns)    Netlist Resource(s)
  -------------------------------------------------------------------    -------------------
                         (clock clk_out1_clk_wiz_0 rise edge)
                                                      0.000     0.000 r  
    E3                                                0.000     0.000 r  XCO (IN)
                         net (fo=0)                   0.000     0.000    xco_mmcm/inst/clk_in1
    E3                   IBUF (Prop_ibuf_I_O)         1.482     1.482 r  xco_mmcm/inst/clkin1_ibufg/O
                         net (fo=1, routed)           1.233     2.715    xco_mmcm/inst/clk_in1_clk_wiz_0
    MMCME2_ADV_X1Y2      MMCME2_ADV (Prop_mmcme2_adv_CLKIN1_CLKOUT0)
                                                     -7.070    -4.355 r  xco_mmcm/inst/mmcm_adv_inst/CLKOUT0
                         net (fo=1, routed)           1.719    -2.636    xco_mmcm/inst/clk_out1_clk_wiz_0
    BUFGCTRL_X0Y16       BUFG (Prop_bufg_I_O)         0.096    -2.540 r  xco_mmcm/inst/clkout1_buf/O
                         net (fo=4618, routed)        1.707    -0.833    gps/clk_out1
    SLICE_X2Y73          FDRE                                         r  gps/rst_reg[2]/C
  -------------------------------------------------------------------    -------------------
    SLICE_X2Y73          FDRE (Prop_fdre_C_Q)         0.478    -0.355 f  gps/rst_reg[2]/Q
                         net (fo=170, routed)         4.344     3.990    gps/cpu/fa[6]/muxcy_0
    SLICE_X14Y63         LUT3 (Prop_lut3_I1_O)        0.301     4.291 r  gps/cpu/fa[6]/xorcy_i_4__1/O
                         net (fo=2, routed)           0.294     4.585    gps/cpu/fa[6]/rst_reg[2]_1
    SLICE_X14Y63         LUT6 (Prop_lut6_I5_O)        0.124     4.709 r  gps/cpu/fa[6]/xorcy_i_2__5/O
                         net (fo=32, routed)          1.166     5.875    gps/cpu/fa[0]/muxcy_4
    SLICE_X9Y61          LUT2 (Prop_lut2_I0_O)        0.124     5.999 r  gps/cpu/fa[0]/xorcy_i_3__1/O
                         net (fo=1, routed)           0.264     6.263    gps/cpu/fa[0]/b[0]
    SLICE_X9Y61          LUT6 (Prop_lut6_I5_O)        0.124     6.387 r  gps/cpu/fa[0]/xorcy_i_1__25/O
                         net (fo=1, routed)           0.542     6.929    gps/cpu/fa[0]/d
    SLICE_X9Y62          CARRY4 (Prop_carry4_S[0]_CO[3])
                                                      0.656     7.585 r  gps/cpu/fa[0]/muxcy_CARRY4/CO[3]
                         net (fo=1, routed)           0.000     7.585    gps/cpu/fa[4]/xorcy_0[0]
    SLICE_X9Y63          CARRY4 (Prop_carry4_CI_O[1])
                                                      0.334     7.919 r  gps/cpu/fa[4]/muxcy_CARRY4/O[1]
                         net (fo=2, routed)           0.786     8.705    gps/cpu/fa[5]/s[5]
    SLICE_X2Y63          LUT5 (Prop_lut5_I3_O)        0.303     9.008 r  gps/cpu/fa[5]/cpu_ram_i_139/O
                         net (fo=1, routed)           0.670     9.678    gps/cpu/fa[5]/cpu_ram_i_139_n_0
    SLICE_X2Y63          LUT6 (Prop_lut6_I4_O)        0.124     9.802 r  gps/cpu/fa[5]/cpu_ram_i_113/O
                         net (fo=1, routed)           0.513    10.315    gps/cpu/fa[5]/cpu_ram_i_113_n_0
    SLICE_X3Y63          LUT4 (Prop_lut4_I0_O)        0.124    10.439 r  gps/cpu/fa[5]/cpu_ram_i_73/O
                         net (fo=1, routed)           0.296    10.735    gps/cpu/fa[5]/cpu_ram_i_73_n_0
    SLICE_X5Y63          LUT6 (Prop_lut6_I1_O)        0.124    10.859 r  gps/cpu/fa[5]/cpu_ram_i_34/O
                         net (fo=3, routed)           0.801    11.660    gps/cpu/fa_n_1_[5]
    DSP48_X0Y24          DSP48E1                                      r  gps/cpu/nos_x_tos/B[5]
  -------------------------------------------------------------------    -------------------

                         (clock clk_out1_clk_wiz_0 rise edge)
                                                    100.000   100.000 r  
    E3                                                0.000   100.000 r  XCO (IN)
                         net (fo=0)                   0.000   100.000    xco_mmcm/inst/clk_in1
    E3                   IBUF (Prop_ibuf_I_O)         1.411   101.411 r  xco_mmcm/inst/clkin1_ibufg/O
                         net (fo=1, routed)           1.162   102.573    xco_mmcm/inst/clk_in1_clk_wiz_0
    MMCME2_ADV_X1Y2      MMCME2_ADV (Prop_mmcme2_adv_CLKIN1_CLKOUT0)
                                                     -7.324    95.249 r  xco_mmcm/inst/mmcm_adv_inst/CLKOUT0
                         net (fo=1, routed)           1.639    96.888    xco_mmcm/inst/clk_out1_clk_wiz_0
    BUFGCTRL_X0Y16       BUFG (Prop_bufg_I_O)         0.091    96.979 r  xco_mmcm/inst/clkout1_buf/O
                         net (fo=4618, routed)        1.614    98.593    gps/cpu/clk_out1
    DSP48_X0Y24          DSP48E1                                      r  gps/cpu/nos_x_tos/CLK
                         clock pessimism              0.559    99.153    
                         clock uncertainty           -0.149    99.003    
    DSP48_X0Y24          DSP48E1 (Setup_dsp48e1_CLK_B[5])
                                                     -0.450    98.553    gps/cpu/nos_x_tos
  -------------------------------------------------------------------
                         required time                         98.553    
                         arrival time                         -11.660    
  -------------------------------------------------------------------
                         slack                                 86.894    





Min Delay Paths
--------------------------------------------------------------------------------------
Slack (MET) :             0.011ns  (arrival time - required time)
  Source:                 gps/demod[4]/il_reg[13]/C
                            (rising edge-triggered cell FDRE clocked by clk_out1_clk_wiz_0  {rise@0.000ns fall@50.000ns period=100.000ns})
  Destination:            gps/demod[4]/ser_iq_reg[26]/D
                            (rising edge-triggered cell FDRE clocked by clk_out1_clk_wiz_0  {rise@0.000ns fall@50.000ns period=100.000ns})
  Path Group:             clk_out1_clk_wiz_0
  Path Type:              Hold (Min at Fast Process Corner)
  Requirement:            0.000ns  (clk_out1_clk_wiz_0 rise@0.000ns - clk_out1_clk_wiz_0 rise@0.000ns)
  Data Path Delay:        0.408ns  (logic 0.186ns (45.580%)  route 0.222ns (54.420%))
  Logic Levels:           1  (LUT3=1)
  Clock Path Skew:        0.276ns (DCD - SCD - CPR)
    Destination Clock Delay (DCD):    -0.837ns
    Source Clock Delay      (SCD):    -0.604ns
    Clock Pessimism Removal (CPR):    -0.509ns

    Location             Delay type                Incr(ns)  Path(ns)    Netlist Resource(s)
  -------------------------------------------------------------------    -------------------
                         (clock clk_out1_clk_wiz_0 rise edge)
                                                      0.000     0.000 r  
    E3                                                0.000     0.000 r  XCO (IN)
                         net (fo=0)                   0.000     0.000    xco_mmcm/inst/clk_in1
    E3                   IBUF (Prop_ibuf_I_O)         0.250     0.250 r  xco_mmcm/inst/clkin1_ibufg/O
                         net (fo=1, routed)           0.440     0.690    xco_mmcm/inst/clk_in1_clk_wiz_0
    MMCME2_ADV_X1Y2      MMCME2_ADV (Prop_mmcme2_adv_CLKIN1_CLKOUT0)
                                                     -2.379    -1.689 r  xco_mmcm/inst/mmcm_adv_inst/CLKOUT0
                         net (fo=1, routed)           0.499    -1.190    xco_mmcm/inst/clk_out1_clk_wiz_0
    BUFGCTRL_X0Y16       BUFG (Prop_bufg_I_O)         0.026    -1.164 r  xco_mmcm/inst/clkout1_buf/O
                         net (fo=4618, routed)        0.560    -0.604    gps/demod[4]/clk_out1
    SLICE_X51Y100        FDRE                                         r  gps/demod[4]/il_reg[13]/C
  -------------------------------------------------------------------    -------------------
    SLICE_X51Y100        FDRE (Prop_fdre_C_Q)         0.141    -0.463 r  gps/demod[4]/il_reg[13]/Q
                         net (fo=3, routed)           0.222    -0.241    gps/demod[4]/il[13]
    SLICE_X50Y99         LUT3 (Prop_lut3_I0_O)        0.045    -0.196 r  gps/demod[4]/ser_iq[26]_i_1__6/O
                         net (fo=1, routed)           0.000    -0.196    gps/demod[4]/ser_iq[26]_i_1__6_n_0
    SLICE_X50Y99         FDRE                                         r  gps/demod[4]/ser_iq_reg[26]/D
  -------------------------------------------------------------------    -------------------

                         (clock clk_out1_clk_wiz_0 rise edge)
                                                      0.000     0.000 r  
    E3                                                0.000     0.000 r  XCO (IN)
                         net (fo=0)                   0.000     0.000    xco_mmcm/inst/clk_in1
    E3                   IBUF (Prop_ibuf_I_O)         0.438     0.438 r  xco_mmcm/inst/clkin1_ibufg/O
                         net (fo=1, routed)           0.480     0.918    xco_mmcm/inst/clk_in1_clk_wiz_0
    MMCME2_ADV_X1Y2      MMCME2_ADV (Prop_mmcme2_adv_CLKIN1_CLKOUT0)
                                                     -3.163    -2.245 r  xco_mmcm/inst/mmcm_adv_inst/CLKOUT0
                         net (fo=1, routed)           0.544    -1.702    xco_mmcm/inst/clk_out1_clk_wiz_0
    BUFGCTRL_X0Y16       BUFG (Prop_bufg_I_O)         0.029    -1.673 r  xco_mmcm/inst/clkout1_buf/O
                         net (fo=4618, routed)        0.836    -0.837    gps/demod[4]/clk_out1
    SLICE_X50Y99         FDRE                                         r  gps/demod[4]/ser_iq_reg[26]/C
                         clock pessimism              0.509    -0.328    
    SLICE_X50Y99         FDRE (Hold_fdre_C_D)         0.121    -0.207    gps/demod[4]/ser_iq_reg[26]
  -------------------------------------------------------------------
                         required time                          0.207    
                         arrival time                          -0.196    
  -------------------------------------------------------------------
                         slack                                  0.011    

Slack (MET) :             0.090ns  (arrival time - required time)
  Source:                 gps/cpu/nos_reg[7]/C
                            (rising edge-triggered cell FDRE clocked by clk_out1_clk_wiz_0  {rise@0.000ns fall@50.000ns period=100.000ns})
  Destination:            gps/cpu/cpu_stacks/U0/inst_blk_mem_gen/gnbram.gnativebmg.native_blk_mem_gen/valid.cstr/ramloop[0].ram.r/prim_noinit.ram/DEVICE_7SERIES.NO_BMM_INFO.TRUE_DP.SIMPLE_PRIM36.ram/DIADI[7]
                            (rising edge-triggered cell RAMB36E1 clocked by clk_out1_clk_wiz_0  {rise@0.000ns fall@50.000ns period=100.000ns})
  Path Group:             clk_out1_clk_wiz_0
  Path Type:              Hold (Min at Fast Process Corner)
  Requirement:            0.000ns  (clk_out1_clk_wiz_0 rise@0.000ns - clk_out1_clk_wiz_0 rise@0.000ns)
  Data Path Delay:        0.437ns  (logic 0.164ns (37.509%)  route 0.273ns (62.491%))
  Logic Levels:           0  
  Clock Path Skew:        0.051ns (DCD - SCD - CPR)
    Destination Clock Delay (DCD):    -0.794ns
    Source Clock Delay      (SCD):    -0.591ns
    Clock Pessimism Removal (CPR):    -0.254ns

    Location             Delay type                Incr(ns)  Path(ns)    Netlist Resource(s)
  -------------------------------------------------------------------    -------------------
                         (clock clk_out1_clk_wiz_0 rise edge)
                                                      0.000     0.000 r  
    E3                                                0.000     0.000 r  XCO (IN)
                         net (fo=0)                   0.000     0.000    xco_mmcm/inst/clk_in1
    E3                   IBUF (Prop_ibuf_I_O)         0.250     0.250 r  xco_mmcm/inst/clkin1_ibufg/O
                         net (fo=1, routed)           0.440     0.690    xco_mmcm/inst/clk_in1_clk_wiz_0
    MMCME2_ADV_X1Y2      MMCME2_ADV (Prop_mmcme2_adv_CLKIN1_CLKOUT0)
                                                     -2.379    -1.689 r  xco_mmcm/inst/mmcm_adv_inst/CLKOUT0
                         net (fo=1, routed)           0.499    -1.190    xco_mmcm/inst/clk_out1_clk_wiz_0
    BUFGCTRL_X0Y16       BUFG (Prop_bufg_I_O)         0.026    -1.164 r  xco_mmcm/inst/clkout1_buf/O
                         net (fo=4618, routed)        0.573    -0.591    gps/cpu/clk_out1
    SLICE_X8Y61          FDRE                                         r  gps/cpu/nos_reg[7]/C
  -------------------------------------------------------------------    -------------------
    SLICE_X8Y61          FDRE (Prop_fdre_C_Q)         0.164    -0.427 r  gps/cpu/nos_reg[7]/Q
                         net (fo=7, routed)           0.273    -0.154    gps/cpu/cpu_stacks/U0/inst_blk_mem_gen/gnbram.gnativebmg.native_blk_mem_gen/valid.cstr/ramloop[0].ram.r/prim_noinit.ram/dina[7]
    RAMB36_X0Y13         RAMB36E1                                     r  gps/cpu/cpu_stacks/U0/inst_blk_mem_gen/gnbram.gnativebmg.native_blk_mem_gen/valid.cstr/ramloop[0].ram.r/prim_noinit.ram/DEVICE_7SERIES.NO_BMM_INFO.TRUE_DP.SIMPLE_PRIM36.ram/DIADI[7]
  -------------------------------------------------------------------    -------------------

                         (clock clk_out1_clk_wiz_0 rise edge)
                                                      0.000     0.000 r  
    E3                                                0.000     0.000 r  XCO (IN)
                         net (fo=0)                   0.000     0.000    xco_mmcm/inst/clk_in1
    E3                   IBUF (Prop_ibuf_I_O)         0.438     0.438 r  xco_mmcm/inst/clkin1_ibufg/O
                         net (fo=1, routed)           0.480     0.918    xco_mmcm/inst/clk_in1_clk_wiz_0
    MMCME2_ADV_X1Y2      MMCME2_ADV (Prop_mmcme2_adv_CLKIN1_CLKOUT0)
                                                     -3.163    -2.245 r  xco_mmcm/inst/mmcm_adv_inst/CLKOUT0
                         net (fo=1, routed)           0.544    -1.702    xco_mmcm/inst/clk_out1_clk_wiz_0
    BUFGCTRL_X0Y16       BUFG (Prop_bufg_I_O)         0.029    -1.673 r  xco_mmcm/inst/clkout1_buf/O
                         net (fo=4618, routed)        0.879    -0.794    gps/cpu/cpu_stacks/U0/inst_blk_mem_gen/gnbram.gnativebmg.native_blk_mem_gen/valid.cstr/ramloop[0].ram.r/prim_noinit.ram/clka
    RAMB36_X0Y13         RAMB36E1                                     r  gps/cpu/cpu_stacks/U0/inst_blk_mem_gen/gnbram.gnativebmg.native_blk_mem_gen/valid.cstr/ramloop[0].ram.r/prim_noinit.ram/DEVICE_7SERIES.NO_BMM_INFO.TRUE_DP.SIMPLE_PRIM36.ram/CLKARDCLK
                         clock pessimism              0.254    -0.540    
    RAMB36_X0Y13         RAMB36E1 (Hold_ramb36e1_CLKARDCLK_DIADI[7])
                                                      0.296    -0.244    gps/cpu/cpu_stacks/U0/inst_blk_mem_gen/gnbram.gnativebmg.native_blk_mem_gen/valid.cstr/ramloop[0].ram.r/prim_noinit.ram/DEVICE_7SERIES.NO_BMM_INFO.TRUE_DP.SIMPLE_PRIM36.ram
  -------------------------------------------------------------------
                         required time                          0.244    
                         arrival time                          -0.154    
  -------------------------------------------------------------------
                         slack                                  0.090    

Slack (MET) :             0.114ns  (arrival time - required time)
  Source:                 gps/log/addrb_reg[7]/C
                            (rising edge-triggered cell FDRE clocked by clk_out1_clk_wiz_0  {rise@0.000ns fall@50.000ns period=100.000ns})
  Destination:            gps/log/logger_ram/U0/inst_blk_mem_gen/gnbram.gnativebmg.native_blk_mem_gen/valid.cstr/ramloop[0].ram.r/prim_noinit.ram/DEVICE_7SERIES.NO_BMM_INFO.TRUE_DP.SIMPLE_PRIM18.ram/ADDRBWRADDR[11]
                            (rising edge-triggered cell RAMB18E1 clocked by clk_out1_clk_wiz_0  {rise@0.000ns fall@50.000ns period=100.000ns})
  Path Group:             clk_out1_clk_wiz_0
  Path Type:              Hold (Min at Fast Process Corner)
  Requirement:            0.000ns  (clk_out1_clk_wiz_0 rise@0.000ns - clk_out1_clk_wiz_0 rise@0.000ns)
  Data Path Delay:        0.354ns  (logic 0.141ns (39.847%)  route 0.213ns (60.153%))
  Logic Levels:           0  
  Clock Path Skew:        0.056ns (DCD - SCD - CPR)
    Destination Clock Delay (DCD):    -0.797ns
    Source Clock Delay      (SCD):    -0.599ns
    Clock Pessimism Removal (CPR):    -0.254ns

    Location             Delay type                Incr(ns)  Path(ns)    Netlist Resource(s)
  -------------------------------------------------------------------    -------------------
                         (clock clk_out1_clk_wiz_0 rise edge)
                                                      0.000     0.000 r  
    E3                                                0.000     0.000 r  XCO (IN)
                         net (fo=0)                   0.000     0.000    xco_mmcm/inst/clk_in1
    E3                   IBUF (Prop_ibuf_I_O)         0.250     0.250 r  xco_mmcm/inst/clkin1_ibufg/O
                         net (fo=1, routed)           0.440     0.690    xco_mmcm/inst/clk_in1_clk_wiz_0
    MMCME2_ADV_X1Y2      MMCME2_ADV (Prop_mmcme2_adv_CLKIN1_CLKOUT0)
                                                     -2.379    -1.689 r  xco_mmcm/inst/mmcm_adv_inst/CLKOUT0
                         net (fo=1, routed)           0.499    -1.190    xco_mmcm/inst/clk_out1_clk_wiz_0
    BUFGCTRL_X0Y16       BUFG (Prop_bufg_I_O)         0.026    -1.164 r  xco_mmcm/inst/clkout1_buf/O
                         net (fo=4618, routed)        0.565    -0.599    gps/log/clk_out1
    SLICE_X9Y72          FDRE                                         r  gps/log/addrb_reg[7]/C
  -------------------------------------------------------------------    -------------------
    SLICE_X9Y72          FDRE (Prop_fdre_C_Q)         0.141    -0.458 r  gps/log/addrb_reg[7]/Q
                         net (fo=5, routed)           0.213    -0.245    gps/log/logger_ram/U0/inst_blk_mem_gen/gnbram.gnativebmg.native_blk_mem_gen/valid.cstr/ramloop[0].ram.r/prim_noinit.ram/addrb[7]
    RAMB18_X0Y29         RAMB18E1                                     r  gps/log/logger_ram/U0/inst_blk_mem_gen/gnbram.gnativebmg.native_blk_mem_gen/valid.cstr/ramloop[0].ram.r/prim_noinit.ram/DEVICE_7SERIES.NO_BMM_INFO.TRUE_DP.SIMPLE_PRIM18.ram/ADDRBWRADDR[11]
  -------------------------------------------------------------------    -------------------

                         (clock clk_out1_clk_wiz_0 rise edge)
                                                      0.000     0.000 r  
    E3                                                0.000     0.000 r  XCO (IN)
                         net (fo=0)                   0.000     0.000    xco_mmcm/inst/clk_in1
    E3                   IBUF (Prop_ibuf_I_O)         0.438     0.438 r  xco_mmcm/inst/clkin1_ibufg/O
                         net (fo=1, routed)           0.480     0.918    xco_mmcm/inst/clk_in1_clk_wiz_0
    MMCME2_ADV_X1Y2      MMCME2_ADV (Prop_mmcme2_adv_CLKIN1_CLKOUT0)
                                                     -3.163    -2.245 r  xco_mmcm/inst/mmcm_adv_inst/CLKOUT0
                         net (fo=1, routed)           0.544    -1.702    xco_mmcm/inst/clk_out1_clk_wiz_0
    BUFGCTRL_X0Y16       BUFG (Prop_bufg_I_O)         0.029    -1.673 r  xco_mmcm/inst/clkout1_buf/O
                         net (fo=4618, routed)        0.876    -0.797    gps/log/logger_ram/U0/inst_blk_mem_gen/gnbram.gnativebmg.native_blk_mem_gen/valid.cstr/ramloop[0].ram.r/prim_noinit.ram/clka
    RAMB18_X0Y29         RAMB18E1                                     r  gps/log/logger_ram/U0/inst_blk_mem_gen/gnbram.gnativebmg.native_blk_mem_gen/valid.cstr/ramloop[0].ram.r/prim_noinit.ram/DEVICE_7SERIES.NO_BMM_INFO.TRUE_DP.SIMPLE_PRIM18.ram/CLKBWRCLK
                         clock pessimism              0.254    -0.543    
    RAMB18_X0Y29         RAMB18E1 (Hold_ramb18e1_CLKBWRCLK_ADDRBWRADDR[11])
                                                      0.183    -0.360    gps/log/logger_ram/U0/inst_blk_mem_gen/gnbram.gnativebmg.native_blk_mem_gen/valid.cstr/ramloop[0].ram.r/prim_noinit.ram/DEVICE_7SERIES.NO_BMM_INFO.TRUE_DP.SIMPLE_PRIM18.ram
  -------------------------------------------------------------------
                         required time                          0.360    
                         arrival time                          -0.245    
  -------------------------------------------------------------------
                         slack                                  0.114    

Slack (MET) :             0.117ns  (arrival time - required time)
  Source:                 gps/demod[1]/ip_reg[14]/C
                            (rising edge-triggered cell FDRE clocked by clk_out1_clk_wiz_0  {rise@0.000ns fall@50.000ns period=100.000ns})
  Destination:            gps/demod[1]/ser_iq_reg[83]/D
                            (rising edge-triggered cell FDRE clocked by clk_out1_clk_wiz_0  {rise@0.000ns fall@50.000ns period=100.000ns})
  Path Group:             clk_out1_clk_wiz_0
  Path Type:              Hold (Min at Fast Process Corner)
  Requirement:            0.000ns  (clk_out1_clk_wiz_0 rise@0.000ns - clk_out1_clk_wiz_0 rise@0.000ns)
  Data Path Delay:        0.251ns  (logic 0.186ns (74.042%)  route 0.065ns (25.958%))
  Logic Levels:           1  (LUT3=1)
  Clock Path Skew:        0.013ns (DCD - SCD - CPR)
    Destination Clock Delay (DCD):    -0.829ns
    Source Clock Delay      (SCD):    -0.591ns
    Clock Pessimism Removal (CPR):    -0.251ns

    Location             Delay type                Incr(ns)  Path(ns)    Netlist Resource(s)
  -------------------------------------------------------------------    -------------------
                         (clock clk_out1_clk_wiz_0 rise edge)
                                                      0.000     0.000 r  
    E3                                                0.000     0.000 r  XCO (IN)
                         net (fo=0)                   0.000     0.000    xco_mmcm/inst/clk_in1
    E3                   IBUF (Prop_ibuf_I_O)         0.250     0.250 r  xco_mmcm/inst/clkin1_ibufg/O
                         net (fo=1, routed)           0.440     0.690    xco_mmcm/inst/clk_in1_clk_wiz_0
    MMCME2_ADV_X1Y2      MMCME2_ADV (Prop_mmcme2_adv_CLKIN1_CLKOUT0)
                                                     -2.379    -1.689 r  xco_mmcm/inst/mmcm_adv_inst/CLKOUT0
                         net (fo=1, routed)           0.499    -1.190    xco_mmcm/inst/clk_out1_clk_wiz_0
    BUFGCTRL_X0Y16       BUFG (Prop_bufg_I_O)         0.026    -1.164 r  xco_mmcm/inst/clkout1_buf/O
                         net (fo=4618, routed)        0.573    -0.591    gps/demod[1]/clk_out1
    SLICE_X13Y88         FDRE                                         r  gps/demod[1]/ip_reg[14]/C
  -------------------------------------------------------------------    -------------------
    SLICE_X13Y88         FDRE (Prop_fdre_C_Q)         0.141    -0.450 r  gps/demod[1]/ip_reg[14]/Q
                         net (fo=2, routed)           0.065    -0.385    gps/demod[1]/ip[14]
    SLICE_X12Y88         LUT3 (Prop_lut3_I0_O)        0.045    -0.340 r  gps/demod[1]/ser_iq[83]_i_2__9/O
                         net (fo=1, routed)           0.000    -0.340    gps/demod[1]/ser_iq[83]_i_2__9_n_0
    SLICE_X12Y88         FDRE                                         r  gps/demod[1]/ser_iq_reg[83]/D
  -------------------------------------------------------------------    -------------------

                         (clock clk_out1_clk_wiz_0 rise edge)
                                                      0.000     0.000 r  
    E3                                                0.000     0.000 r  XCO (IN)
                         net (fo=0)                   0.000     0.000    xco_mmcm/inst/clk_in1
    E3                   IBUF (Prop_ibuf_I_O)         0.438     0.438 r  xco_mmcm/inst/clkin1_ibufg/O
                         net (fo=1, routed)           0.480     0.918    xco_mmcm/inst/clk_in1_clk_wiz_0
    MMCME2_ADV_X1Y2      MMCME2_ADV (Prop_mmcme2_adv_CLKIN1_CLKOUT0)
                                                     -3.163    -2.245 r  xco_mmcm/inst/mmcm_adv_inst/CLKOUT0
                         net (fo=1, routed)           0.544    -1.702    xco_mmcm/inst/clk_out1_clk_wiz_0
    BUFGCTRL_X0Y16       BUFG (Prop_bufg_I_O)         0.029    -1.673 r  xco_mmcm/inst/clkout1_buf/O
                         net (fo=4618, routed)        0.844    -0.829    gps/demod[1]/clk_out1
    SLICE_X12Y88         FDRE                                         r  gps/demod[1]/ser_iq_reg[83]/C
                         clock pessimism              0.251    -0.578    
    SLICE_X12Y88         FDRE (Hold_fdre_C_D)         0.121    -0.457    gps/demod[1]/ser_iq_reg[83]
  -------------------------------------------------------------------
                         required time                          0.457    
                         arrival time                          -0.340    
  -------------------------------------------------------------------
                         slack                                  0.117    

Slack (MET) :             0.117ns  (arrival time - required time)
  Source:                 gps/srq_noted_reg[1]/C
                            (rising edge-triggered cell FDRE clocked by clk_out1_clk_wiz_0  {rise@0.000ns fall@50.000ns period=100.000ns})
  Destination:            gps/snapshot_reg[193]/D
                            (rising edge-triggered cell FDRE clocked by clk_out1_clk_wiz_0  {rise@0.000ns fall@50.000ns period=100.000ns})
  Path Group:             clk_out1_clk_wiz_0
  Path Type:              Hold (Min at Fast Process Corner)
  Requirement:            0.000ns  (clk_out1_clk_wiz_0 rise@0.000ns - clk_out1_clk_wiz_0 rise@0.000ns)
  Data Path Delay:        0.251ns  (logic 0.186ns (74.042%)  route 0.065ns (25.958%))
  Logic Levels:           1  (LUT4=1)
  Clock Path Skew:        0.013ns (DCD - SCD - CPR)
    Destination Clock Delay (DCD):    -0.832ns
    Source Clock Delay      (SCD):    -0.593ns
    Clock Pessimism Removal (CPR):    -0.252ns

    Location             Delay type                Incr(ns)  Path(ns)    Netlist Resource(s)
  -------------------------------------------------------------------    -------------------
                         (clock clk_out1_clk_wiz_0 rise edge)
                                                      0.000     0.000 r  
    E3                                                0.000     0.000 r  XCO (IN)
                         net (fo=0)                   0.000     0.000    xco_mmcm/inst/clk_in1
    E3                   IBUF (Prop_ibuf_I_O)         0.250     0.250 r  xco_mmcm/inst/clkin1_ibufg/O
                         net (fo=1, routed)           0.440     0.690    xco_mmcm/inst/clk_in1_clk_wiz_0
    MMCME2_ADV_X1Y2      MMCME2_ADV (Prop_mmcme2_adv_CLKIN1_CLKOUT0)
                                                     -2.379    -1.689 r  xco_mmcm/inst/mmcm_adv_inst/CLKOUT0
                         net (fo=1, routed)           0.499    -1.190    xco_mmcm/inst/clk_out1_clk_wiz_0
    BUFGCTRL_X0Y16       BUFG (Prop_bufg_I_O)         0.026    -1.164 r  xco_mmcm/inst/clkout1_buf/O
                         net (fo=4618, routed)        0.571    -0.593    gps/clk_out1
    SLICE_X15Y86         FDRE                                         r  gps/srq_noted_reg[1]/C
  -------------------------------------------------------------------    -------------------
    SLICE_X15Y86         FDRE (Prop_fdre_C_Q)         0.141    -0.452 r  gps/srq_noted_reg[1]/Q
                         net (fo=3, routed)           0.065    -0.387    gps/demod[1]/snapshot_reg[193]_1[0]
    SLICE_X14Y86         LUT4 (Prop_lut4_I3_O)        0.045    -0.342 r  gps/demod[1]/snapshot[193]_i_1/O
                         net (fo=1, routed)           0.000    -0.342    gps/demod_n_8_[1]
    SLICE_X14Y86         FDRE                                         r  gps/snapshot_reg[193]/D
  -------------------------------------------------------------------    -------------------

                         (clock clk_out1_clk_wiz_0 rise edge)
                                                      0.000     0.000 r  
    E3                                                0.000     0.000 r  XCO (IN)
                         net (fo=0)                   0.000     0.000    xco_mmcm/inst/clk_in1
    E3                   IBUF (Prop_ibuf_I_O)         0.438     0.438 r  xco_mmcm/inst/clkin1_ibufg/O
                         net (fo=1, routed)           0.480     0.918    xco_mmcm/inst/clk_in1_clk_wiz_0
    MMCME2_ADV_X1Y2      MMCME2_ADV (Prop_mmcme2_adv_CLKIN1_CLKOUT0)
                                                     -3.163    -2.245 r  xco_mmcm/inst/mmcm_adv_inst/CLKOUT0
                         net (fo=1, routed)           0.544    -1.702    xco_mmcm/inst/clk_out1_clk_wiz_0
    BUFGCTRL_X0Y16       BUFG (Prop_bufg_I_O)         0.029    -1.673 r  xco_mmcm/inst/clkout1_buf/O
                         net (fo=4618, routed)        0.841    -0.832    gps/clk_out1
    SLICE_X14Y86         FDRE                                         r  gps/snapshot_reg[193]/C
                         clock pessimism              0.252    -0.580    
    SLICE_X14Y86         FDRE (Hold_fdre_C_D)         0.121    -0.459    gps/snapshot_reg[193]
  -------------------------------------------------------------------
                         required time                          0.459    
                         arrival time                          -0.342    
  -------------------------------------------------------------------
                         slack                                  0.117    

Slack (MET) :             0.119ns  (arrival time - required time)
  Source:                 gps/demod[6]/ser_iq_reg[69]/C
                            (rising edge-triggered cell FDRE clocked by clk_out1_clk_wiz_0  {rise@0.000ns fall@50.000ns period=100.000ns})
  Destination:            gps/demod[6]/ser_iq_reg[70]/D
                            (rising edge-triggered cell FDRE clocked by clk_out1_clk_wiz_0  {rise@0.000ns fall@50.000ns period=100.000ns})
  Path Group:             clk_out1_clk_wiz_0
  Path Type:              Hold (Min at Fast Process Corner)
  Requirement:            0.000ns  (clk_out1_clk_wiz_0 rise@0.000ns - clk_out1_clk_wiz_0 rise@0.000ns)
  Data Path Delay:        0.516ns  (logic 0.246ns (47.713%)  route 0.270ns (52.287%))
  Logic Levels:           1  (LUT3=1)
  Clock Path Skew:        0.277ns (DCD - SCD - CPR)
    Destination Clock Delay (DCD):    -0.826ns
    Source Clock Delay      (SCD):    -0.594ns
    Clock Pessimism Removal (CPR):    -0.509ns

    Location             Delay type                Incr(ns)  Path(ns)    Netlist Resource(s)
  -------------------------------------------------------------------    -------------------
                         (clock clk_out1_clk_wiz_0 rise edge)
                                                      0.000     0.000 r  
    E3                                                0.000     0.000 r  XCO (IN)
                         net (fo=0)                   0.000     0.000    xco_mmcm/inst/clk_in1
    E3                   IBUF (Prop_ibuf_I_O)         0.250     0.250 r  xco_mmcm/inst/clkin1_ibufg/O
                         net (fo=1, routed)           0.440     0.690    xco_mmcm/inst/clk_in1_clk_wiz_0
    MMCME2_ADV_X1Y2      MMCME2_ADV (Prop_mmcme2_adv_CLKIN1_CLKOUT0)
                                                     -2.379    -1.689 r  xco_mmcm/inst/mmcm_adv_inst/CLKOUT0
                         net (fo=1, routed)           0.499    -1.190    xco_mmcm/inst/clk_out1_clk_wiz_0
    BUFGCTRL_X0Y16       BUFG (Prop_bufg_I_O)         0.026    -1.164 r  xco_mmcm/inst/clkout1_buf/O
                         net (fo=4618, routed)        0.570    -0.594    gps/demod[6]/clk_out1
    SLICE_X8Y101         FDRE                                         r  gps/demod[6]/ser_iq_reg[69]/C
  -------------------------------------------------------------------    -------------------
    SLICE_X8Y101         FDRE (Prop_fdre_C_Q)         0.148    -0.446 r  gps/demod[6]/ser_iq_reg[69]/Q
                         net (fo=1, routed)           0.270    -0.177    gps/demod[6]/ser_iq[69]
    SLICE_X10Y97         LUT3 (Prop_lut3_I2_O)        0.098    -0.079 r  gps/demod[6]/ser_iq[70]_i_1__4/O
                         net (fo=1, routed)           0.000    -0.079    gps/demod[6]/ser_iq[70]_i_1__4_n_0
    SLICE_X10Y97         FDRE                                         r  gps/demod[6]/ser_iq_reg[70]/D
  -------------------------------------------------------------------    -------------------

                         (clock clk_out1_clk_wiz_0 rise edge)
                                                      0.000     0.000 r  
    E3                                                0.000     0.000 r  XCO (IN)
                         net (fo=0)                   0.000     0.000    xco_mmcm/inst/clk_in1
    E3                   IBUF (Prop_ibuf_I_O)         0.438     0.438 r  xco_mmcm/inst/clkin1_ibufg/O
                         net (fo=1, routed)           0.480     0.918    xco_mmcm/inst/clk_in1_clk_wiz_0
    MMCME2_ADV_X1Y2      MMCME2_ADV (Prop_mmcme2_adv_CLKIN1_CLKOUT0)
                                                     -3.163    -2.245 r  xco_mmcm/inst/mmcm_adv_inst/CLKOUT0
                         net (fo=1, routed)           0.544    -1.702    xco_mmcm/inst/clk_out1_clk_wiz_0
    BUFGCTRL_X0Y16       BUFG (Prop_bufg_I_O)         0.029    -1.673 r  xco_mmcm/inst/clkout1_buf/O
                         net (fo=4618, routed)        0.847    -0.826    gps/demod[6]/clk_out1
    SLICE_X10Y97         FDRE                                         r  gps/demod[6]/ser_iq_reg[70]/C
                         clock pessimism              0.509    -0.317    
    SLICE_X10Y97         FDRE (Hold_fdre_C_D)         0.120    -0.197    gps/demod[6]/ser_iq_reg[70]
  -------------------------------------------------------------------
                         required time                          0.197    
                         arrival time                          -0.079    
  -------------------------------------------------------------------
                         slack                                  0.119    

Slack (MET) :             0.120ns  (arrival time - required time)
  Source:                 gps/demod[6]/ser_iq_reg[55]/C
                            (rising edge-triggered cell FDRE clocked by clk_out1_clk_wiz_0  {rise@0.000ns fall@50.000ns period=100.000ns})
  Destination:            gps/demod[6]/ser_iq_reg[56]/D
                            (rising edge-triggered cell FDRE clocked by clk_out1_clk_wiz_0  {rise@0.000ns fall@50.000ns period=100.000ns})
  Path Group:             clk_out1_clk_wiz_0
  Path Type:              Hold (Min at Fast Process Corner)
  Requirement:            0.000ns  (clk_out1_clk_wiz_0 rise@0.000ns - clk_out1_clk_wiz_0 rise@0.000ns)
  Data Path Delay:        0.518ns  (logic 0.246ns (47.529%)  route 0.272ns (52.471%))
  Logic Levels:           1  (LUT3=1)
  Clock Path Skew:        0.278ns (DCD - SCD - CPR)
    Destination Clock Delay (DCD):    -0.826ns
    Source Clock Delay      (SCD):    -0.595ns
    Clock Pessimism Removal (CPR):    -0.509ns

    Location             Delay type                Incr(ns)  Path(ns)    Netlist Resource(s)
  -------------------------------------------------------------------    -------------------
                         (clock clk_out1_clk_wiz_0 rise edge)
                                                      0.000     0.000 r  
    E3                                                0.000     0.000 r  XCO (IN)
                         net (fo=0)                   0.000     0.000    xco_mmcm/inst/clk_in1
    E3                   IBUF (Prop_ibuf_I_O)         0.250     0.250 r  xco_mmcm/inst/clkin1_ibufg/O
                         net (fo=1, routed)           0.440     0.690    xco_mmcm/inst/clk_in1_clk_wiz_0
    MMCME2_ADV_X1Y2      MMCME2_ADV (Prop_mmcme2_adv_CLKIN1_CLKOUT0)
                                                     -2.379    -1.689 r  xco_mmcm/inst/mmcm_adv_inst/CLKOUT0
                         net (fo=1, routed)           0.499    -1.190    xco_mmcm/inst/clk_out1_clk_wiz_0
    BUFGCTRL_X0Y16       BUFG (Prop_bufg_I_O)         0.026    -1.164 r  xco_mmcm/inst/clkout1_buf/O
                         net (fo=4618, routed)        0.569    -0.595    gps/demod[6]/clk_out1
    SLICE_X10Y103        FDRE                                         r  gps/demod[6]/ser_iq_reg[55]/C
  -------------------------------------------------------------------    -------------------
    SLICE_X10Y103        FDRE (Prop_fdre_C_Q)         0.148    -0.447 r  gps/demod[6]/ser_iq_reg[55]/Q
                         net (fo=1, routed)           0.272    -0.176    gps/demod[6]/ser_iq[55]
    SLICE_X8Y99          LUT3 (Prop_lut3_I2_O)        0.098    -0.078 r  gps/demod[6]/ser_iq[56]_i_1__4/O
                         net (fo=1, routed)           0.000    -0.078    gps/demod[6]/ser_iq[56]_i_1__4_n_0
    SLICE_X8Y99          FDRE                                         r  gps/demod[6]/ser_iq_reg[56]/D
  -------------------------------------------------------------------    -------------------

                         (clock clk_out1_clk_wiz_0 rise edge)
                                                      0.000     0.000 r  
    E3                                                0.000     0.000 r  XCO (IN)
                         net (fo=0)                   0.000     0.000    xco_mmcm/inst/clk_in1
    E3                   IBUF (Prop_ibuf_I_O)         0.438     0.438 r  xco_mmcm/inst/clkin1_ibufg/O
                         net (fo=1, routed)           0.480     0.918    xco_mmcm/inst/clk_in1_clk_wiz_0
    MMCME2_ADV_X1Y2      MMCME2_ADV (Prop_mmcme2_adv_CLKIN1_CLKOUT0)
                                                     -3.163    -2.245 r  xco_mmcm/inst/mmcm_adv_inst/CLKOUT0
                         net (fo=1, routed)           0.544    -1.702    xco_mmcm/inst/clk_out1_clk_wiz_0
    BUFGCTRL_X0Y16       BUFG (Prop_bufg_I_O)         0.029    -1.673 r  xco_mmcm/inst/clkout1_buf/O
                         net (fo=4618, routed)        0.847    -0.826    gps/demod[6]/clk_out1
    SLICE_X8Y99          FDRE                                         r  gps/demod[6]/ser_iq_reg[56]/C
                         clock pessimism              0.509    -0.317    
    SLICE_X8Y99          FDRE (Hold_fdre_C_D)         0.120    -0.197    gps/demod[6]/ser_iq_reg[56]
  -------------------------------------------------------------------
                         required time                          0.197    
                         arrival time                          -0.078    
  -------------------------------------------------------------------
                         slack                                  0.120    

Slack (MET) :             0.121ns  (arrival time - required time)
  Source:                 gps/demod[6]/lsb_reg/C
                            (rising edge-triggered cell FDRE clocked by clk_out1_clk_wiz_0  {rise@0.000ns fall@50.000ns period=100.000ns})
  Destination:            gps/demod[6]/qp_reg[2]/D
                            (rising edge-triggered cell FDRE clocked by clk_out1_clk_wiz_0  {rise@0.000ns fall@50.000ns period=100.000ns})
  Path Group:             clk_out1_clk_wiz_0
  Path Type:              Hold (Min at Fast Process Corner)
  Requirement:            0.000ns  (clk_out1_clk_wiz_0 rise@0.000ns - clk_out1_clk_wiz_0 rise@0.000ns)
  Data Path Delay:        0.532ns  (logic 0.252ns (47.410%)  route 0.280ns (52.590%))
  Logic Levels:           2  (CARRY4=1 LUT4=1)
  Clock Path Skew:        0.277ns (DCD - SCD - CPR)
    Destination Clock Delay (DCD):    -0.798ns
    Source Clock Delay      (SCD):    -0.566ns
    Clock Pessimism Removal (CPR):    -0.509ns

    Location             Delay type                Incr(ns)  Path(ns)    Netlist Resource(s)
  -------------------------------------------------------------------    -------------------
                         (clock clk_out1_clk_wiz_0 rise edge)
                                                      0.000     0.000 r  
    E3                                                0.000     0.000 r  XCO (IN)
                         net (fo=0)                   0.000     0.000    xco_mmcm/inst/clk_in1
    E3                   IBUF (Prop_ibuf_I_O)         0.250     0.250 r  xco_mmcm/inst/clkin1_ibufg/O
                         net (fo=1, routed)           0.440     0.690    xco_mmcm/inst/clk_in1_clk_wiz_0
    MMCME2_ADV_X1Y2      MMCME2_ADV (Prop_mmcme2_adv_CLKIN1_CLKOUT0)
                                                     -2.379    -1.689 r  xco_mmcm/inst/mmcm_adv_inst/CLKOUT0
                         net (fo=1, routed)           0.499    -1.190    xco_mmcm/inst/clk_out1_clk_wiz_0
    BUFGCTRL_X0Y16       BUFG (Prop_bufg_I_O)         0.026    -1.164 r  xco_mmcm/inst/clkout1_buf/O
                         net (fo=4618, routed)        0.598    -0.566    gps/demod[6]/clk_out1
    SLICE_X7Y100         FDRE                                         r  gps/demod[6]/lsb_reg/C
  -------------------------------------------------------------------    -------------------
    SLICE_X7Y100         FDRE (Prop_fdre_C_Q)         0.141    -0.425 r  gps/demod[6]/lsb_reg/Q
                         net (fo=25, routed)          0.280    -0.146    gps/demod[6]/lsb
    SLICE_X6Y98          LUT4 (Prop_lut4_I1_O)        0.045    -0.101 r  gps/demod[6]/qp[4]_i_8__4/O
                         net (fo=1, routed)           0.000    -0.101    gps/demod[6]/qp[4]_i_8__4_n_0
    SLICE_X6Y98          CARRY4 (Prop_carry4_S[1]_O[1])
                                                      0.066    -0.035 r  gps/demod[6]/qp_reg[4]_i_1__4/O[1]
                         net (fo=1, routed)           0.000    -0.035    gps/demod[6]/qp_reg[4]_i_1__4_n_6
    SLICE_X6Y98          FDRE                                         r  gps/demod[6]/qp_reg[2]/D
  -------------------------------------------------------------------    -------------------

                         (clock clk_out1_clk_wiz_0 rise edge)
                                                      0.000     0.000 r  
    E3                                                0.000     0.000 r  XCO (IN)
                         net (fo=0)                   0.000     0.000    xco_mmcm/inst/clk_in1
    E3                   IBUF (Prop_ibuf_I_O)         0.438     0.438 r  xco_mmcm/inst/clkin1_ibufg/O
                         net (fo=1, routed)           0.480     0.918    xco_mmcm/inst/clk_in1_clk_wiz_0
    MMCME2_ADV_X1Y2      MMCME2_ADV (Prop_mmcme2_adv_CLKIN1_CLKOUT0)
                                                     -3.163    -2.245 r  xco_mmcm/inst/mmcm_adv_inst/CLKOUT0
                         net (fo=1, routed)           0.544    -1.702    xco_mmcm/inst/clk_out1_clk_wiz_0
    BUFGCTRL_X0Y16       BUFG (Prop_bufg_I_O)         0.029    -1.673 r  xco_mmcm/inst/clkout1_buf/O
                         net (fo=4618, routed)        0.875    -0.798    gps/demod[6]/clk_out1
    SLICE_X6Y98          FDRE                                         r  gps/demod[6]/qp_reg[2]/C
                         clock pessimism              0.509    -0.289    
    SLICE_X6Y98          FDRE (Hold_fdre_C_D)         0.134    -0.155    gps/demod[6]/qp_reg[2]
  -------------------------------------------------------------------
                         required time                          0.155    
                         arrival time                          -0.035    
  -------------------------------------------------------------------
                         slack                                  0.121    

Slack (MET) :             0.122ns  (arrival time - required time)
  Source:                 gps/demod[10]/ca/g2_reg[1]/C
                            (rising edge-triggered cell FDSE clocked by clk_out1_clk_wiz_0  {rise@0.000ns fall@50.000ns period=100.000ns})
  Destination:            gps/demod[10]/ca/g2_reg[2]/D
                            (rising edge-triggered cell FDSE clocked by clk_out1_clk_wiz_0  {rise@0.000ns fall@50.000ns period=100.000ns})
  Path Group:             clk_out1_clk_wiz_0
  Path Type:              Hold (Min at Fast Process Corner)
  Requirement:            0.000ns  (clk_out1_clk_wiz_0 rise@0.000ns - clk_out1_clk_wiz_0 rise@0.000ns)
  Data Path Delay:        0.197ns  (logic 0.141ns (71.611%)  route 0.056ns (28.389%))
  Logic Levels:           0  
  Clock Path Skew:        0.000ns (DCD - SCD - CPR)
    Destination Clock Delay (DCD):    -0.846ns
    Source Clock Delay      (SCD):    -0.605ns
    Clock Pessimism Removal (CPR):    -0.241ns

    Location             Delay type                Incr(ns)  Path(ns)    Netlist Resource(s)
  -------------------------------------------------------------------    -------------------
                         (clock clk_out1_clk_wiz_0 rise edge)
                                                      0.000     0.000 r  
    E3                                                0.000     0.000 r  XCO (IN)
                         net (fo=0)                   0.000     0.000    xco_mmcm/inst/clk_in1
    E3                   IBUF (Prop_ibuf_I_O)         0.250     0.250 r  xco_mmcm/inst/clkin1_ibufg/O
                         net (fo=1, routed)           0.440     0.690    xco_mmcm/inst/clk_in1_clk_wiz_0
    MMCME2_ADV_X1Y2      MMCME2_ADV (Prop_mmcme2_adv_CLKIN1_CLKOUT0)
                                                     -2.379    -1.689 r  xco_mmcm/inst/mmcm_adv_inst/CLKOUT0
                         net (fo=1, routed)           0.499    -1.190    xco_mmcm/inst/clk_out1_clk_wiz_0
    BUFGCTRL_X0Y16       BUFG (Prop_bufg_I_O)         0.026    -1.164 r  xco_mmcm/inst/clkout1_buf/O
                         net (fo=4618, routed)        0.559    -0.605    gps/demod[10]/ca/clk_out1
    SLICE_X33Y76         FDSE                                         r  gps/demod[10]/ca/g2_reg[1]/C
  -------------------------------------------------------------------    -------------------
    SLICE_X33Y76         FDSE (Prop_fdse_C_Q)         0.141    -0.464 r  gps/demod[10]/ca/g2_reg[1]/Q
                         net (fo=3, routed)           0.056    -0.408    gps/demod[10]/ca/g2_reg_n_0_[1]
    SLICE_X33Y76         FDSE                                         r  gps/demod[10]/ca/g2_reg[2]/D
  -------------------------------------------------------------------    -------------------

                         (clock clk_out1_clk_wiz_0 rise edge)
                                                      0.000     0.000 r  
    E3                                                0.000     0.000 r  XCO (IN)
                         net (fo=0)                   0.000     0.000    xco_mmcm/inst/clk_in1
    E3                   IBUF (Prop_ibuf_I_O)         0.438     0.438 r  xco_mmcm/inst/clkin1_ibufg/O
                         net (fo=1, routed)           0.480     0.918    xco_mmcm/inst/clk_in1_clk_wiz_0
    MMCME2_ADV_X1Y2      MMCME2_ADV (Prop_mmcme2_adv_CLKIN1_CLKOUT0)
                                                     -3.163    -2.245 r  xco_mmcm/inst/mmcm_adv_inst/CLKOUT0
                         net (fo=1, routed)           0.544    -1.702    xco_mmcm/inst/clk_out1_clk_wiz_0
    BUFGCTRL_X0Y16       BUFG (Prop_bufg_I_O)         0.029    -1.673 r  xco_mmcm/inst/clkout1_buf/O
                         net (fo=4618, routed)        0.827    -0.846    gps/demod[10]/ca/clk_out1
    SLICE_X33Y76         FDSE                                         r  gps/demod[10]/ca/g2_reg[2]/C
                         clock pessimism              0.241    -0.605    
    SLICE_X33Y76         FDSE (Hold_fdse_C_D)         0.075    -0.530    gps/demod[10]/ca/g2_reg[2]
  -------------------------------------------------------------------
                         required time                          0.530    
                         arrival time                          -0.408    
  -------------------------------------------------------------------
                         slack                                  0.122    

Slack (MET) :             0.122ns  (arrival time - required time)
  Source:                 gps/demod[10]/ca/g1_reg[1]/C
                            (rising edge-triggered cell FDSE clocked by clk_out1_clk_wiz_0  {rise@0.000ns fall@50.000ns period=100.000ns})
  Destination:            gps/demod[10]/ca/g1_reg[2]/D
                            (rising edge-triggered cell FDSE clocked by clk_out1_clk_wiz_0  {rise@0.000ns fall@50.000ns period=100.000ns})
  Path Group:             clk_out1_clk_wiz_0
  Path Type:              Hold (Min at Fast Process Corner)
  Requirement:            0.000ns  (clk_out1_clk_wiz_0 rise@0.000ns - clk_out1_clk_wiz_0 rise@0.000ns)
  Data Path Delay:        0.197ns  (logic 0.141ns (71.611%)  route 0.056ns (28.389%))
  Logic Levels:           0  
  Clock Path Skew:        0.000ns (DCD - SCD - CPR)
    Destination Clock Delay (DCD):    -0.845ns
    Source Clock Delay      (SCD):    -0.604ns
    Clock Pessimism Removal (CPR):    -0.241ns

    Location             Delay type                Incr(ns)  Path(ns)    Netlist Resource(s)
  -------------------------------------------------------------------    -------------------
                         (clock clk_out1_clk_wiz_0 rise edge)
                                                      0.000     0.000 r  
    E3                                                0.000     0.000 r  XCO (IN)
                         net (fo=0)                   0.000     0.000    xco_mmcm/inst/clk_in1
    E3                   IBUF (Prop_ibuf_I_O)         0.250     0.250 r  xco_mmcm/inst/clkin1_ibufg/O
                         net (fo=1, routed)           0.440     0.690    xco_mmcm/inst/clk_in1_clk_wiz_0
    MMCME2_ADV_X1Y2      MMCME2_ADV (Prop_mmcme2_adv_CLKIN1_CLKOUT0)
                                                     -2.379    -1.689 r  xco_mmcm/inst/mmcm_adv_inst/CLKOUT0
                         net (fo=1, routed)           0.499    -1.190    xco_mmcm/inst/clk_out1_clk_wiz_0
    BUFGCTRL_X0Y16       BUFG (Prop_bufg_I_O)         0.026    -1.164 r  xco_mmcm/inst/clkout1_buf/O
                         net (fo=4618, routed)        0.560    -0.604    gps/demod[10]/ca/clk_out1
    SLICE_X35Y77         FDSE                                         r  gps/demod[10]/ca/g1_reg[1]/C
  -------------------------------------------------------------------    -------------------
    SLICE_X35Y77         FDSE (Prop_fdse_C_Q)         0.141    -0.463 r  gps/demod[10]/ca/g1_reg[1]/Q
                         net (fo=3, routed)           0.056    -0.407    gps/demod[10]/ca/Q[0]
    SLICE_X35Y77         FDSE                                         r  gps/demod[10]/ca/g1_reg[2]/D
  -------------------------------------------------------------------    -------------------

                         (clock clk_out1_clk_wiz_0 rise edge)
                                                      0.000     0.000 r  
    E3                                                0.000     0.000 r  XCO (IN)
                         net (fo=0)                   0.000     0.000    xco_mmcm/inst/clk_in1
    E3                   IBUF (Prop_ibuf_I_O)         0.438     0.438 r  xco_mmcm/inst/clkin1_ibufg/O
                         net (fo=1, routed)           0.480     0.918    xco_mmcm/inst/clk_in1_clk_wiz_0
    MMCME2_ADV_X1Y2      MMCME2_ADV (Prop_mmcme2_adv_CLKIN1_CLKOUT0)
                                                     -3.163    -2.245 r  xco_mmcm/inst/mmcm_adv_inst/CLKOUT0
                         net (fo=1, routed)           0.544    -1.702    xco_mmcm/inst/clk_out1_clk_wiz_0
    BUFGCTRL_X0Y16       BUFG (Prop_bufg_I_O)         0.029    -1.673 r  xco_mmcm/inst/clkout1_buf/O
                         net (fo=4618, routed)        0.828    -0.845    gps/demod[10]/ca/clk_out1
    SLICE_X35Y77         FDSE                                         r  gps/demod[10]/ca/g1_reg[2]/C
                         clock pessimism              0.241    -0.604    
    SLICE_X35Y77         FDSE (Hold_fdse_C_D)         0.075    -0.529    gps/demod[10]/ca/g1_reg[2]
  -------------------------------------------------------------------
                         required time                          0.529    
                         arrival time                          -0.407    
  -------------------------------------------------------------------
                         slack                                  0.122    





Pulse Width Checks
--------------------------------------------------------------------------------------
Clock Name:         clk_out1_clk_wiz_0
Waveform(ns):       { 0.000 50.000 }
Period(ns):         100.000
Sources:            { xco_mmcm/inst/mmcm_adv_inst/CLKOUT0 }

Check Type        Corner  Lib Pin             Reference Pin  Required(ns)  Actual(ns)  Slack(ns)  Location         Pin
Min Period        n/a     RAMB18E1/CLKARDCLK  n/a            2.576         100.000     97.424     RAMB18_X0Y24     gps/cpu/cpu_ram/U0/inst_blk_mem_gen/gnbram.gnativebmg.native_blk_mem_gen/valid.cstr/ramloop[0].ram.r/prim_init.ram/DEVICE_7SERIES.NO_BMM_INFO.TRUE_DP.SIMPLE_PRIM18.ram/CLKARDCLK
Min Period        n/a     RAMB18E1/CLKBWRCLK  n/a            2.576         100.000     97.424     RAMB18_X0Y24     gps/cpu/cpu_ram/U0/inst_blk_mem_gen/gnbram.gnativebmg.native_blk_mem_gen/valid.cstr/ramloop[0].ram.r/prim_init.ram/DEVICE_7SERIES.NO_BMM_INFO.TRUE_DP.SIMPLE_PRIM18.ram/CLKBWRCLK
Min Period        n/a     RAMB36E1/CLKARDCLK  n/a            2.576         100.000     97.424     RAMB36_X0Y13     gps/cpu/cpu_stacks/U0/inst_blk_mem_gen/gnbram.gnativebmg.native_blk_mem_gen/valid.cstr/ramloop[0].ram.r/prim_noinit.ram/DEVICE_7SERIES.NO_BMM_INFO.TRUE_DP.SIMPLE_PRIM36.ram/CLKARDCLK
Min Period        n/a     RAMB36E1/CLKBWRCLK  n/a            2.576         100.000     97.424     RAMB36_X0Y13     gps/cpu/cpu_stacks/U0/inst_blk_mem_gen/gnbram.gnativebmg.native_blk_mem_gen/valid.cstr/ramloop[0].ram.r/prim_noinit.ram/DEVICE_7SERIES.NO_BMM_INFO.TRUE_DP.SIMPLE_PRIM36.ram/CLKBWRCLK
Min Period        n/a     RAMB18E1/CLKBWRCLK  n/a            2.576         100.000     97.424     RAMB18_X0Y28     gps/host_fifo/U0/inst_blk_mem_gen/gnbram.gnativebmg.native_blk_mem_gen/valid.cstr/ramloop[0].ram.r/prim_noinit.ram/DEVICE_7SERIES.NO_BMM_INFO.TRUE_DP.SIMPLE_PRIM18.ram/CLKBWRCLK
Min Period        n/a     RAMB18E1/CLKARDCLK  n/a            2.576         100.000     97.424     RAMB18_X0Y29     gps/log/logger_ram/U0/inst_blk_mem_gen/gnbram.gnativebmg.native_blk_mem_gen/valid.cstr/ramloop[0].ram.r/prim_noinit.ram/DEVICE_7SERIES.NO_BMM_INFO.TRUE_DP.SIMPLE_PRIM18.ram/CLKARDCLK
Min Period        n/a     RAMB18E1/CLKBWRCLK  n/a            2.576         100.000     97.424     RAMB18_X0Y29     gps/log/logger_ram/U0/inst_blk_mem_gen/gnbram.gnativebmg.native_blk_mem_gen/valid.cstr/ramloop[0].ram.r/prim_noinit.ram/DEVICE_7SERIES.NO_BMM_INFO.TRUE_DP.SIMPLE_PRIM18.ram/CLKBWRCLK
Min Period        n/a     RAMB18E1/CLKARDCLK  n/a            2.576         100.000     97.424     RAMB18_X0Y22     gps/sampler/SR[0].sampler_ram/U0/inst_blk_mem_gen/gnbram.gnativebmg.native_blk_mem_gen/valid.cstr/ramloop[0].ram.r/prim_noinit.ram/DEVICE_7SERIES.NO_BMM_INFO.TRUE_DP.SIMPLE_PRIM18.ram/CLKARDCLK
Min Period        n/a     RAMB18E1/CLKBWRCLK  n/a            2.576         100.000     97.424     RAMB18_X0Y22     gps/sampler/SR[0].sampler_ram/U0/inst_blk_mem_gen/gnbram.gnativebmg.native_blk_mem_gen/valid.cstr/ramloop[0].ram.r/prim_noinit.ram/DEVICE_7SERIES.NO_BMM_INFO.TRUE_DP.SIMPLE_PRIM18.ram/CLKBWRCLK
Min Period        n/a     RAMB18E1/CLKARDCLK  n/a            2.576         100.000     97.424     RAMB18_X0Y20     gps/sampler/SR[1].sampler_ram/U0/inst_blk_mem_gen/gnbram.gnativebmg.native_blk_mem_gen/valid.cstr/ramloop[0].ram.r/prim_noinit.ram/DEVICE_7SERIES.NO_BMM_INFO.TRUE_DP.SIMPLE_PRIM18.ram/CLKARDCLK
Max Period        n/a     MMCME2_ADV/CLKOUT0  n/a            213.360       100.000     113.360    MMCME2_ADV_X1Y2  xco_mmcm/inst/mmcm_adv_inst/CLKOUT0
Low Pulse Width   Slow    SRL16E/CLK          n/a            0.980         50.000      49.020     SLICE_X2Y59      gps/cpu/cpu_ram/U0/inst_blk_mem_gen/gnbram.gnativebmg.native_blk_mem_gen/valid.cstr/ramloop[0].ram.r/SAFETY_CKT_GEN.RSTA_SHFT_REG_reg[3]_srl3/CLK
Low Pulse Width   Fast    SRL16E/CLK          n/a            0.980         50.000      49.020     SLICE_X2Y59      gps/cpu/cpu_ram/U0/inst_blk_mem_gen/gnbram.gnativebmg.native_blk_mem_gen/valid.cstr/ramloop[0].ram.r/SAFETY_CKT_GEN.RSTA_SHFT_REG_reg[3]_srl3/CLK
Low Pulse Width   Slow    FDRE/C              n/a            0.500         50.000      49.500     SLICE_X4Y76      gps/ca_cnt_reg[0]/C
Low Pulse Width   Fast    FDRE/C              n/a            0.500         50.000      49.500     SLICE_X4Y76      gps/ca_cnt_reg[0]/C
Low Pulse Width   Slow    FDRE/C              n/a            0.500         50.000      49.500     SLICE_X4Y78      gps/ca_cnt_reg[10]/C
Low Pulse Width   Fast    FDRE/C              n/a            0.500         50.000      49.500     SLICE_X4Y78      gps/ca_cnt_reg[10]/C
Low Pulse Width   Slow    FDRE/C              n/a            0.500         50.000      49.500     SLICE_X4Y78      gps/ca_cnt_reg[11]/C
Low Pulse Width   Fast    FDRE/C              n/a            0.500         50.000      49.500     SLICE_X4Y78      gps/ca_cnt_reg[11]/C
Low Pulse Width   Slow    FDRE/C              n/a            0.500         50.000      49.500     SLICE_X4Y78      gps/ca_cnt_reg[12]/C
Low Pulse Width   Fast    FDRE/C              n/a            0.500         50.000      49.500     SLICE_X4Y78      gps/ca_cnt_reg[12]/C
High Pulse Width  Slow    SRL16E/CLK          n/a            0.980         50.000      49.020     SLICE_X2Y59      gps/cpu/cpu_ram/U0/inst_blk_mem_gen/gnbram.gnativebmg.native_blk_mem_gen/valid.cstr/ramloop[0].ram.r/SAFETY_CKT_GEN.RSTA_SHFT_REG_reg[3]_srl3/CLK
High Pulse Width  Fast    SRL16E/CLK          n/a            0.980         50.000      49.020     SLICE_X2Y59      gps/cpu/cpu_ram/U0/inst_blk_mem_gen/gnbram.gnativebmg.native_blk_mem_gen/valid.cstr/ramloop[0].ram.r/SAFETY_CKT_GEN.RSTA_SHFT_REG_reg[3]_srl3/CLK
High Pulse Width  Slow    FDRE/C              n/a            0.500         50.000      49.500     SLICE_X4Y76      gps/ca_cnt_reg[0]/C
High Pulse Width  Fast    FDRE/C              n/a            0.500         50.000      49.500     SLICE_X4Y76      gps/ca_cnt_reg[0]/C
High Pulse Width  Slow    FDRE/C              n/a            0.500         50.000      49.500     SLICE_X4Y78      gps/ca_cnt_reg[10]/C
High Pulse Width  Fast    FDRE/C              n/a            0.500         50.000      49.500     SLICE_X4Y78      gps/ca_cnt_reg[10]/C
High Pulse Width  Slow    FDRE/C              n/a            0.500         50.000      49.500     SLICE_X4Y78      gps/ca_cnt_reg[11]/C
High Pulse Width  Fast    FDRE/C              n/a            0.500         50.000      49.500     SLICE_X4Y78      gps/ca_cnt_reg[11]/C
High Pulse Width  Slow    FDRE/C              n/a            0.500         50.000      49.500     SLICE_X4Y78      gps/ca_cnt_reg[12]/C
High Pulse Width  Fast    FDRE/C              n/a            0.500         50.000      49.500     SLICE_X4Y78      gps/ca_cnt_reg[12]/C



---------------------------------------------------------------------------------------------------
From Clock:  clkfbout_clk_wiz_0
  To Clock:  clkfbout_clk_wiz_0

Setup :           NA  Failing Endpoints,  Worst Slack           NA  ,  Total Violation           NA
Hold  :           NA  Failing Endpoints,  Worst Slack           NA  ,  Total Violation           NA
PW    :            0  Failing Endpoints,  Worst Slack       17.845ns,  Total Violation        0.000ns
---------------------------------------------------------------------------------------------------


Pulse Width Checks
--------------------------------------------------------------------------------------
Clock Name:         clkfbout_clk_wiz_0
Waveform(ns):       { 0.000 10.000 }
Period(ns):         20.000
Sources:            { xco_mmcm/inst/mmcm_adv_inst/CLKFBOUT }

Check Type  Corner  Lib Pin              Reference Pin  Required(ns)  Actual(ns)  Slack(ns)  Location         Pin
Min Period  n/a     BUFG/I               n/a            2.155         20.000      17.845     BUFGCTRL_X0Y18   xco_mmcm/inst/clkf_buf/I
Min Period  n/a     MMCME2_ADV/CLKFBOUT  n/a            1.249         20.000      18.751     MMCME2_ADV_X1Y2  xco_mmcm/inst/mmcm_adv_inst/CLKFBOUT
Min Period  n/a     MMCME2_ADV/CLKFBIN   n/a            1.249         20.000      18.751     MMCME2_ADV_X1Y2  xco_mmcm/inst/mmcm_adv_inst/CLKFBIN
Max Period  n/a     MMCME2_ADV/CLKFBIN   n/a            100.000       20.000      80.000     MMCME2_ADV_X1Y2  xco_mmcm/inst/mmcm_adv_inst/CLKFBIN
Max Period  n/a     MMCME2_ADV/CLKFBOUT  n/a            213.360       20.000      193.360    MMCME2_ADV_X1Y2  xco_mmcm/inst/mmcm_adv_inst/CLKFBOUT



---------------------------------------------------------------------------------------------------
From Clock:  rpi_sclk
  To Clock:  rpi_sclk

Setup :            0  Failing Endpoints,  Worst Slack       96.549ns,  Total Violation        0.000ns
Hold  :            0  Failing Endpoints,  Worst Slack        0.190ns,  Total Violation        0.000ns
PW    :            0  Failing Endpoints,  Worst Slack       49.020ns,  Total Violation        0.000ns
---------------------------------------------------------------------------------------------------


Max Delay Paths
--------------------------------------------------------------------------------------
Slack (MET) :             96.549ns  (required time - arrival time)
  Source:                 gps/host_fifo/U0/inst_blk_mem_gen/gnbram.gnativebmg.native_blk_mem_gen/valid.cstr/ramloop[0].ram.r/prim_noinit.ram/DEVICE_7SERIES.NO_BMM_INFO.TRUE_DP.SIMPLE_PRIM18.ram/CLKARDCLK
                            (rising edge-triggered cell RAMB18E1 clocked by rpi_sclk  {rise@0.000ns fall@50.000ns period=100.000ns})
  Destination:            gps/ha_dosr_reg[1]_srl2/D
                            (rising edge-triggered cell SRL16E clocked by rpi_sclk  {rise@0.000ns fall@50.000ns period=100.000ns})
  Path Group:             rpi_sclk
  Path Type:              Setup (Max at Slow Process Corner)
  Requirement:            100.000ns  (rpi_sclk rise@100.000ns - rpi_sclk rise@0.000ns)
  Data Path Delay:        3.368ns  (logic 2.454ns (72.863%)  route 0.914ns (27.137%))
  Logic Levels:           0  
  Clock Path Skew:        -0.003ns (DCD - SCD + CPR)
    Destination Clock Delay (DCD):    5.001ns = ( 105.001 - 100.000 ) 
    Source Clock Delay      (SCD):    5.263ns
    Clock Pessimism Removal (CPR):    0.259ns
  Clock Uncertainty:      0.035ns  ((TSJ^2 + TIJ^2)^1/2 + DJ) / 2 + PE
    Total System Jitter     (TSJ):    0.071ns
    Total Input Jitter      (TIJ):    0.000ns
    Discrete Jitter          (DJ):    0.000ns
    Phase Error              (PE):    0.000ns

    Location             Delay type                Incr(ns)  Path(ns)    Netlist Resource(s)
  -------------------------------------------------------------------    -------------------
                         (clock rpi_sclk rise edge)
                                                      0.000     0.000 r  
    F4                                                0.000     0.000 r  RPI_SCLK (IN)
                         net (fo=0)                   0.000     0.000    RPI_SCLK
    F4                   IBUF (Prop_ibuf_I_O)         1.472     1.472 r  RPI_SCLK_IBUF_inst/O
                         net (fo=1, routed)           2.025     3.496    gps/spi_sclk
    BUFGCTRL_X0Y17       BUFG (Prop_bufg_I_O)         0.096     3.592 r  gps/ha_clk_bufg/O
                         net (fo=32, routed)          1.671     5.263    gps/host_fifo/U0/inst_blk_mem_gen/gnbram.gnativebmg.native_blk_mem_gen/valid.cstr/ramloop[0].ram.r/prim_noinit.ram/clka
    RAMB18_X0Y28         RAMB18E1                                     r  gps/host_fifo/U0/inst_blk_mem_gen/gnbram.gnativebmg.native_blk_mem_gen/valid.cstr/ramloop[0].ram.r/prim_noinit.ram/DEVICE_7SERIES.NO_BMM_INFO.TRUE_DP.SIMPLE_PRIM18.ram/CLKARDCLK
  -------------------------------------------------------------------    -------------------
    RAMB18_X0Y28         RAMB18E1 (Prop_ramb18e1_CLKARDCLK_DOADO[0])
                                                      2.454     7.717 r  gps/host_fifo/U0/inst_blk_mem_gen/gnbram.gnativebmg.native_blk_mem_gen/valid.cstr/ramloop[0].ram.r/prim_noinit.ram/DEVICE_7SERIES.NO_BMM_INFO.TRUE_DP.SIMPLE_PRIM18.ram/DOADO[0]
                         net (fo=1, routed)           0.914     8.631    gps/ha_dout
    SLICE_X6Y73          SRL16E                                       r  gps/ha_dosr_reg[1]_srl2/D
  -------------------------------------------------------------------    -------------------

                         (clock rpi_sclk rise edge)
                                                    100.000   100.000 r  
    F4                                                0.000   100.000 r  RPI_SCLK (IN)
                         net (fo=0)                   0.000   100.000    RPI_SCLK
    F4                   IBUF (Prop_ibuf_I_O)         1.401   101.401 r  RPI_SCLK_IBUF_inst/O
                         net (fo=1, routed)           1.920   103.321    gps/spi_sclk
    BUFGCTRL_X0Y17       BUFG (Prop_bufg_I_O)         0.091   103.412 r  gps/ha_clk_bufg/O
                         net (fo=32, routed)          1.588   105.001    gps/ha_clk
    SLICE_X6Y73          SRL16E                                       r  gps/ha_dosr_reg[1]_srl2/CLK
                         clock pessimism              0.259   105.260    
                         clock uncertainty           -0.035   105.224    
    SLICE_X6Y73          SRL16E (Setup_srl16e_CLK_D)
                                                     -0.044   105.180    gps/ha_dosr_reg[1]_srl2
  -------------------------------------------------------------------
                         required time                        105.180    
                         arrival time                          -8.631    
  -------------------------------------------------------------------
                         slack                                 96.549    

Slack (MET) :             96.979ns  (required time - arrival time)
  Source:                 gps/ha_cnt_reg[2]/C
                            (rising edge-triggered cell FDCE clocked by rpi_sclk  {rise@0.000ns fall@50.000ns period=100.000ns})
  Destination:            gps/host_fifo/U0/inst_blk_mem_gen/gnbram.gnativebmg.native_blk_mem_gen/valid.cstr/ramloop[0].ram.r/prim_noinit.ram/DEVICE_7SERIES.NO_BMM_INFO.TRUE_DP.SIMPLE_PRIM18.ram/ADDRARDADDR[2]
                            (rising edge-triggered cell RAMB18E1 clocked by rpi_sclk  {rise@0.000ns fall@50.000ns period=100.000ns})
  Path Group:             rpi_sclk
  Path Type:              Setup (Max at Slow Process Corner)
  Requirement:            100.000ns  (rpi_sclk rise@100.000ns - rpi_sclk rise@0.000ns)
  Data Path Delay:        2.337ns  (logic 0.580ns (24.816%)  route 1.757ns (75.184%))
  Logic Levels:           1  (LUT1=1)
  Clock Path Skew:        -0.083ns (DCD - SCD + CPR)
    Destination Clock Delay (DCD):    4.964ns = ( 104.964 - 100.000 ) 
    Source Clock Delay      (SCD):    5.306ns
    Clock Pessimism Removal (CPR):    0.259ns
  Clock Uncertainty:      0.035ns  ((TSJ^2 + TIJ^2)^1/2 + DJ) / 2 + PE
    Total System Jitter     (TSJ):    0.071ns
    Total Input Jitter      (TIJ):    0.000ns
    Discrete Jitter          (DJ):    0.000ns
    Phase Error              (PE):    0.000ns

    Location             Delay type                Incr(ns)  Path(ns)    Netlist Resource(s)
  -------------------------------------------------------------------    -------------------
                         (clock rpi_sclk rise edge)
                                                      0.000     0.000 r  
    F4                                                0.000     0.000 r  RPI_SCLK (IN)
                         net (fo=0)                   0.000     0.000    RPI_SCLK
    F4                   IBUF (Prop_ibuf_I_O)         1.472     1.472 r  RPI_SCLK_IBUF_inst/O
                         net (fo=1, routed)           2.025     3.496    gps/spi_sclk
    BUFGCTRL_X0Y17       BUFG (Prop_bufg_I_O)         0.096     3.592 r  gps/ha_clk_bufg/O
                         net (fo=32, routed)          1.713     5.306    gps/ha_clk
    SLICE_X7Y68          FDCE                                         r  gps/ha_cnt_reg[2]/C
  -------------------------------------------------------------------    -------------------
    SLICE_X7Y68          FDCE (Prop_fdce_C_Q)         0.456     5.762 f  gps/ha_cnt_reg[2]/Q
                         net (fo=2, routed)           0.821     6.583    gps/ha_cnt_reg__0[2]
    SLICE_X6Y69          LUT1 (Prop_lut1_I0_O)        0.124     6.707 r  gps/host_fifo_i_1/O
                         net (fo=1, routed)           0.936     7.643    gps/host_fifo/U0/inst_blk_mem_gen/gnbram.gnativebmg.native_blk_mem_gen/valid.cstr/ramloop[0].ram.r/prim_noinit.ram/addra[2]
    RAMB18_X0Y28         RAMB18E1                                     r  gps/host_fifo/U0/inst_blk_mem_gen/gnbram.gnativebmg.native_blk_mem_gen/valid.cstr/ramloop[0].ram.r/prim_noinit.ram/DEVICE_7SERIES.NO_BMM_INFO.TRUE_DP.SIMPLE_PRIM18.ram/ADDRARDADDR[2]
  -------------------------------------------------------------------    -------------------

                         (clock rpi_sclk rise edge)
                                                    100.000   100.000 r  
    F4                                                0.000   100.000 r  RPI_SCLK (IN)
                         net (fo=0)                   0.000   100.000    RPI_SCLK
    F4                   IBUF (Prop_ibuf_I_O)         1.401   101.401 r  RPI_SCLK_IBUF_inst/O
                         net (fo=1, routed)           1.920   103.321    gps/spi_sclk
    BUFGCTRL_X0Y17       BUFG (Prop_bufg_I_O)         0.091   103.412 r  gps/ha_clk_bufg/O
                         net (fo=32, routed)          1.552   104.964    gps/host_fifo/U0/inst_blk_mem_gen/gnbram.gnativebmg.native_blk_mem_gen/valid.cstr/ramloop[0].ram.r/prim_noinit.ram/clka
    RAMB18_X0Y28         RAMB18E1                                     r  gps/host_fifo/U0/inst_blk_mem_gen/gnbram.gnativebmg.native_blk_mem_gen/valid.cstr/ramloop[0].ram.r/prim_noinit.ram/DEVICE_7SERIES.NO_BMM_INFO.TRUE_DP.SIMPLE_PRIM18.ram/CLKARDCLK
                         clock pessimism              0.259   105.223    
                         clock uncertainty           -0.035   105.188    
    RAMB18_X0Y28         RAMB18E1 (Setup_ramb18e1_CLKARDCLK_ADDRARDADDR[2])
                                                     -0.566   104.622    gps/host_fifo/U0/inst_blk_mem_gen/gnbram.gnativebmg.native_blk_mem_gen/valid.cstr/ramloop[0].ram.r/prim_noinit.ram/DEVICE_7SERIES.NO_BMM_INFO.TRUE_DP.SIMPLE_PRIM18.ram
  -------------------------------------------------------------------
                         required time                        104.622    
                         arrival time                          -7.643    
  -------------------------------------------------------------------
                         slack                                 96.979    

Slack (MET) :             97.159ns  (required time - arrival time)
  Source:                 gps/ha_cnt_reg[0]/C
                            (rising edge-triggered cell FDCE clocked by rpi_sclk  {rise@0.000ns fall@50.000ns period=100.000ns})
  Destination:            gps/host_fifo/U0/inst_blk_mem_gen/gnbram.gnativebmg.native_blk_mem_gen/valid.cstr/ramloop[0].ram.r/prim_noinit.ram/DEVICE_7SERIES.NO_BMM_INFO.TRUE_DP.SIMPLE_PRIM18.ram/ADDRARDADDR[0]
                            (rising edge-triggered cell RAMB18E1 clocked by rpi_sclk  {rise@0.000ns fall@50.000ns period=100.000ns})
  Path Group:             rpi_sclk
  Path Type:              Setup (Max at Slow Process Corner)
  Requirement:            100.000ns  (rpi_sclk rise@100.000ns - rpi_sclk rise@0.000ns)
  Data Path Delay:        2.157ns  (logic 0.580ns (26.892%)  route 1.577ns (73.108%))
  Logic Levels:           1  (LUT1=1)
  Clock Path Skew:        -0.083ns (DCD - SCD + CPR)
    Destination Clock Delay (DCD):    4.964ns = ( 104.964 - 100.000 ) 
    Source Clock Delay      (SCD):    5.306ns
    Clock Pessimism Removal (CPR):    0.259ns
  Clock Uncertainty:      0.035ns  ((TSJ^2 + TIJ^2)^1/2 + DJ) / 2 + PE
    Total System Jitter     (TSJ):    0.071ns
    Total Input Jitter      (TIJ):    0.000ns
    Discrete Jitter          (DJ):    0.000ns
    Phase Error              (PE):    0.000ns

    Location             Delay type                Incr(ns)  Path(ns)    Netlist Resource(s)
  -------------------------------------------------------------------    -------------------
                         (clock rpi_sclk rise edge)
                                                      0.000     0.000 r  
    F4                                                0.000     0.000 r  RPI_SCLK (IN)
                         net (fo=0)                   0.000     0.000    RPI_SCLK
    F4                   IBUF (Prop_ibuf_I_O)         1.472     1.472 r  RPI_SCLK_IBUF_inst/O
                         net (fo=1, routed)           2.025     3.496    gps/spi_sclk
    BUFGCTRL_X0Y17       BUFG (Prop_bufg_I_O)         0.096     3.592 r  gps/ha_clk_bufg/O
                         net (fo=32, routed)          1.713     5.306    gps/ha_clk
    SLICE_X7Y68          FDCE                                         r  gps/ha_cnt_reg[0]/C
  -------------------------------------------------------------------    -------------------
    SLICE_X7Y68          FDCE (Prop_fdce_C_Q)         0.456     5.762 f  gps/ha_cnt_reg[0]/Q
                         net (fo=2, routed)           0.842     6.604    gps/ha_cnt_reg__0[0]
    SLICE_X6Y69          LUT1 (Prop_lut1_I0_O)        0.124     6.728 r  gps/host_fifo_i_3/O
                         net (fo=1, routed)           0.734     7.462    gps/host_fifo/U0/inst_blk_mem_gen/gnbram.gnativebmg.native_blk_mem_gen/valid.cstr/ramloop[0].ram.r/prim_noinit.ram/addra[0]
    RAMB18_X0Y28         RAMB18E1                                     r  gps/host_fifo/U0/inst_blk_mem_gen/gnbram.gnativebmg.native_blk_mem_gen/valid.cstr/ramloop[0].ram.r/prim_noinit.ram/DEVICE_7SERIES.NO_BMM_INFO.TRUE_DP.SIMPLE_PRIM18.ram/ADDRARDADDR[0]
  -------------------------------------------------------------------    -------------------

                         (clock rpi_sclk rise edge)
                                                    100.000   100.000 r  
    F4                                                0.000   100.000 r  RPI_SCLK (IN)
                         net (fo=0)                   0.000   100.000    RPI_SCLK
    F4                   IBUF (Prop_ibuf_I_O)         1.401   101.401 r  RPI_SCLK_IBUF_inst/O
                         net (fo=1, routed)           1.920   103.321    gps/spi_sclk
    BUFGCTRL_X0Y17       BUFG (Prop_bufg_I_O)         0.091   103.412 r  gps/ha_clk_bufg/O
                         net (fo=32, routed)          1.552   104.964    gps/host_fifo/U0/inst_blk_mem_gen/gnbram.gnativebmg.native_blk_mem_gen/valid.cstr/ramloop[0].ram.r/prim_noinit.ram/clka
    RAMB18_X0Y28         RAMB18E1                                     r  gps/host_fifo/U0/inst_blk_mem_gen/gnbram.gnativebmg.native_blk_mem_gen/valid.cstr/ramloop[0].ram.r/prim_noinit.ram/DEVICE_7SERIES.NO_BMM_INFO.TRUE_DP.SIMPLE_PRIM18.ram/CLKARDCLK
                         clock pessimism              0.259   105.223    
                         clock uncertainty           -0.035   105.188    
    RAMB18_X0Y28         RAMB18E1 (Setup_ramb18e1_CLKARDCLK_ADDRARDADDR[0])
                                                     -0.566   104.622    gps/host_fifo/U0/inst_blk_mem_gen/gnbram.gnativebmg.native_blk_mem_gen/valid.cstr/ramloop[0].ram.r/prim_noinit.ram/DEVICE_7SERIES.NO_BMM_INFO.TRUE_DP.SIMPLE_PRIM18.ram
  -------------------------------------------------------------------
                         required time                        104.622    
                         arrival time                          -7.462    
  -------------------------------------------------------------------
                         slack                                 97.159    

Slack (MET) :             97.197ns  (required time - arrival time)
  Source:                 gps/ha_wr_reg/C
                            (rising edge-triggered cell FDCE clocked by rpi_sclk  {rise@0.000ns fall@50.000ns period=100.000ns})
  Destination:            gps/ha_cnt_reg[13]/D
                            (rising edge-triggered cell FDCE clocked by rpi_sclk  {rise@0.000ns fall@50.000ns period=100.000ns})
  Path Group:             rpi_sclk
  Path Type:              Setup (Max at Slow Process Corner)
  Requirement:            100.000ns  (rpi_sclk rise@100.000ns - rpi_sclk rise@0.000ns)
  Data Path Delay:        2.810ns  (logic 1.544ns (54.940%)  route 1.266ns (45.060%))
  Logic Levels:           4  (CARRY4=4)
  Clock Path Skew:        -0.019ns (DCD - SCD + CPR)
    Destination Clock Delay (DCD):    5.004ns = ( 105.004 - 100.000 ) 
    Source Clock Delay      (SCD):    5.299ns
    Clock Pessimism Removal (CPR):    0.276ns
  Clock Uncertainty:      0.035ns  ((TSJ^2 + TIJ^2)^1/2 + DJ) / 2 + PE
    Total System Jitter     (TSJ):    0.071ns
    Total Input Jitter      (TIJ):    0.000ns
    Discrete Jitter          (DJ):    0.000ns
    Phase Error              (PE):    0.000ns

    Location             Delay type                Incr(ns)  Path(ns)    Netlist Resource(s)
  -------------------------------------------------------------------    -------------------
                         (clock rpi_sclk rise edge)
                                                      0.000     0.000 r  
    F4                                                0.000     0.000 r  RPI_SCLK (IN)
                         net (fo=0)                   0.000     0.000    RPI_SCLK
    F4                   IBUF (Prop_ibuf_I_O)         1.472     1.472 r  RPI_SCLK_IBUF_inst/O
                         net (fo=1, routed)           2.025     3.496    gps/spi_sclk
    BUFGCTRL_X0Y17       BUFG (Prop_bufg_I_O)         0.096     3.592 r  gps/ha_clk_bufg/O
                         net (fo=32, routed)          1.706     5.299    gps/ha_clk
    SLICE_X7Y73          FDCE                                         r  gps/ha_wr_reg/C
  -------------------------------------------------------------------    -------------------
    SLICE_X7Y73          FDCE (Prop_fdce_C_Q)         0.456     5.755 r  gps/ha_wr_reg/Q
                         net (fo=4, routed)           1.266     7.021    gps/ha_wr
    SLICE_X7Y68          CARRY4 (Prop_carry4_DI[0]_CO[3])
                                                      0.526     7.547 r  gps/ha_cnt_reg[0]_i_1/CO[3]
                         net (fo=1, routed)           0.000     7.547    gps/ha_cnt_reg[0]_i_1_n_0
    SLICE_X7Y69          CARRY4 (Prop_carry4_CI_CO[3])
                                                      0.114     7.661 r  gps/ha_cnt_reg[4]_i_1/CO[3]
                         net (fo=1, routed)           0.000     7.661    gps/ha_cnt_reg[4]_i_1_n_0
    SLICE_X7Y70          CARRY4 (Prop_carry4_CI_CO[3])
                                                      0.114     7.775 r  gps/ha_cnt_reg[8]_i_1/CO[3]
                         net (fo=1, routed)           0.000     7.775    gps/ha_cnt_reg[8]_i_1_n_0
    SLICE_X7Y71          CARRY4 (Prop_carry4_CI_O[1])
                                                      0.334     8.109 r  gps/ha_cnt_reg[12]_i_1/O[1]
                         net (fo=1, routed)           0.000     8.109    gps/ha_cnt_reg[12]_i_1_n_6
    SLICE_X7Y71          FDCE                                         r  gps/ha_cnt_reg[13]/D
  -------------------------------------------------------------------    -------------------

                         (clock rpi_sclk rise edge)
                                                    100.000   100.000 r  
    F4                                                0.000   100.000 r  RPI_SCLK (IN)
                         net (fo=0)                   0.000   100.000    RPI_SCLK
    F4                   IBUF (Prop_ibuf_I_O)         1.401   101.401 r  RPI_SCLK_IBUF_inst/O
                         net (fo=1, routed)           1.920   103.321    gps/spi_sclk
    BUFGCTRL_X0Y17       BUFG (Prop_bufg_I_O)         0.091   103.412 r  gps/ha_clk_bufg/O
                         net (fo=32, routed)          1.591   105.004    gps/ha_clk
    SLICE_X7Y71          FDCE                                         r  gps/ha_cnt_reg[13]/C
                         clock pessimism              0.276   105.280    
                         clock uncertainty           -0.035   105.244    
    SLICE_X7Y71          FDCE (Setup_fdce_C_D)        0.062   105.306    gps/ha_cnt_reg[13]
  -------------------------------------------------------------------
                         required time                        105.306    
                         arrival time                          -8.109    
  -------------------------------------------------------------------
                         slack                                 97.197    

Slack (MET) :             97.308ns  (required time - arrival time)
  Source:                 gps/ha_wr_reg/C
                            (rising edge-triggered cell FDCE clocked by rpi_sclk  {rise@0.000ns fall@50.000ns period=100.000ns})
  Destination:            gps/ha_cnt_reg[12]/D
                            (rising edge-triggered cell FDCE clocked by rpi_sclk  {rise@0.000ns fall@50.000ns period=100.000ns})
  Path Group:             rpi_sclk
  Path Type:              Setup (Max at Slow Process Corner)
  Requirement:            100.000ns  (rpi_sclk rise@100.000ns - rpi_sclk rise@0.000ns)
  Data Path Delay:        2.699ns  (logic 1.433ns (53.087%)  route 1.266ns (46.913%))
  Logic Levels:           4  (CARRY4=4)
  Clock Path Skew:        -0.019ns (DCD - SCD + CPR)
    Destination Clock Delay (DCD):    5.004ns = ( 105.004 - 100.000 ) 
    Source Clock Delay      (SCD):    5.299ns
    Clock Pessimism Removal (CPR):    0.276ns
  Clock Uncertainty:      0.035ns  ((TSJ^2 + TIJ^2)^1/2 + DJ) / 2 + PE
    Total System Jitter     (TSJ):    0.071ns
    Total Input Jitter      (TIJ):    0.000ns
    Discrete Jitter          (DJ):    0.000ns
    Phase Error              (PE):    0.000ns

    Location             Delay type                Incr(ns)  Path(ns)    Netlist Resource(s)
  -------------------------------------------------------------------    -------------------
                         (clock rpi_sclk rise edge)
                                                      0.000     0.000 r  
    F4                                                0.000     0.000 r  RPI_SCLK (IN)
                         net (fo=0)                   0.000     0.000    RPI_SCLK
    F4                   IBUF (Prop_ibuf_I_O)         1.472     1.472 r  RPI_SCLK_IBUF_inst/O
                         net (fo=1, routed)           2.025     3.496    gps/spi_sclk
    BUFGCTRL_X0Y17       BUFG (Prop_bufg_I_O)         0.096     3.592 r  gps/ha_clk_bufg/O
                         net (fo=32, routed)          1.706     5.299    gps/ha_clk
    SLICE_X7Y73          FDCE                                         r  gps/ha_wr_reg/C
  -------------------------------------------------------------------    -------------------
    SLICE_X7Y73          FDCE (Prop_fdce_C_Q)         0.456     5.755 r  gps/ha_wr_reg/Q
                         net (fo=4, routed)           1.266     7.021    gps/ha_wr
    SLICE_X7Y68          CARRY4 (Prop_carry4_DI[0]_CO[3])
                                                      0.526     7.547 r  gps/ha_cnt_reg[0]_i_1/CO[3]
                         net (fo=1, routed)           0.000     7.547    gps/ha_cnt_reg[0]_i_1_n_0
    SLICE_X7Y69          CARRY4 (Prop_carry4_CI_CO[3])
                                                      0.114     7.661 r  gps/ha_cnt_reg[4]_i_1/CO[3]
                         net (fo=1, routed)           0.000     7.661    gps/ha_cnt_reg[4]_i_1_n_0
    SLICE_X7Y70          CARRY4 (Prop_carry4_CI_CO[3])
                                                      0.114     7.775 r  gps/ha_cnt_reg[8]_i_1/CO[3]
                         net (fo=1, routed)           0.000     7.775    gps/ha_cnt_reg[8]_i_1_n_0
    SLICE_X7Y71          CARRY4 (Prop_carry4_CI_O[0])
                                                      0.223     7.998 r  gps/ha_cnt_reg[12]_i_1/O[0]
                         net (fo=1, routed)           0.000     7.998    gps/ha_cnt_reg[12]_i_1_n_7
    SLICE_X7Y71          FDCE                                         r  gps/ha_cnt_reg[12]/D
  -------------------------------------------------------------------    -------------------

                         (clock rpi_sclk rise edge)
                                                    100.000   100.000 r  
    F4                                                0.000   100.000 r  RPI_SCLK (IN)
                         net (fo=0)                   0.000   100.000    RPI_SCLK
    F4                   IBUF (Prop_ibuf_I_O)         1.401   101.401 r  RPI_SCLK_IBUF_inst/O
                         net (fo=1, routed)           1.920   103.321    gps/spi_sclk
    BUFGCTRL_X0Y17       BUFG (Prop_bufg_I_O)         0.091   103.412 r  gps/ha_clk_bufg/O
                         net (fo=32, routed)          1.591   105.004    gps/ha_clk
    SLICE_X7Y71          FDCE                                         r  gps/ha_cnt_reg[12]/C
                         clock pessimism              0.276   105.280    
                         clock uncertainty           -0.035   105.244    
    SLICE_X7Y71          FDCE (Setup_fdce_C_D)        0.062   105.306    gps/ha_cnt_reg[12]
  -------------------------------------------------------------------
                         required time                        105.306    
                         arrival time                          -7.998    
  -------------------------------------------------------------------
                         slack                                 97.308    

Slack (MET) :             97.312ns  (required time - arrival time)
  Source:                 gps/ha_wr_reg/C
                            (rising edge-triggered cell FDCE clocked by rpi_sclk  {rise@0.000ns fall@50.000ns period=100.000ns})
  Destination:            gps/ha_cnt_reg[9]/D
                            (rising edge-triggered cell FDCE clocked by rpi_sclk  {rise@0.000ns fall@50.000ns period=100.000ns})
  Path Group:             rpi_sclk
  Path Type:              Setup (Max at Slow Process Corner)
  Requirement:            100.000ns  (rpi_sclk rise@100.000ns - rpi_sclk rise@0.000ns)
  Data Path Delay:        2.696ns  (logic 1.430ns (53.035%)  route 1.266ns (46.965%))
  Logic Levels:           3  (CARRY4=3)
  Clock Path Skew:        -0.018ns (DCD - SCD + CPR)
    Destination Clock Delay (DCD):    5.005ns = ( 105.005 - 100.000 ) 
    Source Clock Delay      (SCD):    5.299ns
    Clock Pessimism Removal (CPR):    0.276ns
  Clock Uncertainty:      0.035ns  ((TSJ^2 + TIJ^2)^1/2 + DJ) / 2 + PE
    Total System Jitter     (TSJ):    0.071ns
    Total Input Jitter      (TIJ):    0.000ns
    Discrete Jitter          (DJ):    0.000ns
    Phase Error              (PE):    0.000ns

    Location             Delay type                Incr(ns)  Path(ns)    Netlist Resource(s)
  -------------------------------------------------------------------    -------------------
                         (clock rpi_sclk rise edge)
                                                      0.000     0.000 r  
    F4                                                0.000     0.000 r  RPI_SCLK (IN)
                         net (fo=0)                   0.000     0.000    RPI_SCLK
    F4                   IBUF (Prop_ibuf_I_O)         1.472     1.472 r  RPI_SCLK_IBUF_inst/O
                         net (fo=1, routed)           2.025     3.496    gps/spi_sclk
    BUFGCTRL_X0Y17       BUFG (Prop_bufg_I_O)         0.096     3.592 r  gps/ha_clk_bufg/O
                         net (fo=32, routed)          1.706     5.299    gps/ha_clk
    SLICE_X7Y73          FDCE                                         r  gps/ha_wr_reg/C
  -------------------------------------------------------------------    -------------------
    SLICE_X7Y73          FDCE (Prop_fdce_C_Q)         0.456     5.755 r  gps/ha_wr_reg/Q
                         net (fo=4, routed)           1.266     7.021    gps/ha_wr
    SLICE_X7Y68          CARRY4 (Prop_carry4_DI[0]_CO[3])
                                                      0.526     7.547 r  gps/ha_cnt_reg[0]_i_1/CO[3]
                         net (fo=1, routed)           0.000     7.547    gps/ha_cnt_reg[0]_i_1_n_0
    SLICE_X7Y69          CARRY4 (Prop_carry4_CI_CO[3])
                                                      0.114     7.661 r  gps/ha_cnt_reg[4]_i_1/CO[3]
                         net (fo=1, routed)           0.000     7.661    gps/ha_cnt_reg[4]_i_1_n_0
    SLICE_X7Y70          CARRY4 (Prop_carry4_CI_O[1])
                                                      0.334     7.995 r  gps/ha_cnt_reg[8]_i_1/O[1]
                         net (fo=1, routed)           0.000     7.995    gps/ha_cnt_reg[8]_i_1_n_6
    SLICE_X7Y70          FDCE                                         r  gps/ha_cnt_reg[9]/D
  -------------------------------------------------------------------    -------------------

                         (clock rpi_sclk rise edge)
                                                    100.000   100.000 r  
    F4                                                0.000   100.000 r  RPI_SCLK (IN)
                         net (fo=0)                   0.000   100.000    RPI_SCLK
    F4                   IBUF (Prop_ibuf_I_O)         1.401   101.401 r  RPI_SCLK_IBUF_inst/O
                         net (fo=1, routed)           1.920   103.321    gps/spi_sclk
    BUFGCTRL_X0Y17       BUFG (Prop_bufg_I_O)         0.091   103.412 r  gps/ha_clk_bufg/O
                         net (fo=32, routed)          1.592   105.005    gps/ha_clk
    SLICE_X7Y70          FDCE                                         r  gps/ha_cnt_reg[9]/C
                         clock pessimism              0.276   105.281    
                         clock uncertainty           -0.035   105.245    
    SLICE_X7Y70          FDCE (Setup_fdce_C_D)        0.062   105.307    gps/ha_cnt_reg[9]
  -------------------------------------------------------------------
                         required time                        105.307    
                         arrival time                          -7.995    
  -------------------------------------------------------------------
                         slack                                 97.312    

Slack (MET) :             97.333ns  (required time - arrival time)
  Source:                 gps/ha_wr_reg/C
                            (rising edge-triggered cell FDCE clocked by rpi_sclk  {rise@0.000ns fall@50.000ns period=100.000ns})
  Destination:            gps/ha_cnt_reg[11]/D
                            (rising edge-triggered cell FDCE clocked by rpi_sclk  {rise@0.000ns fall@50.000ns period=100.000ns})
  Path Group:             rpi_sclk
  Path Type:              Setup (Max at Slow Process Corner)
  Requirement:            100.000ns  (rpi_sclk rise@100.000ns - rpi_sclk rise@0.000ns)
  Data Path Delay:        2.675ns  (logic 1.409ns (52.666%)  route 1.266ns (47.334%))
  Logic Levels:           3  (CARRY4=3)
  Clock Path Skew:        -0.018ns (DCD - SCD + CPR)
    Destination Clock Delay (DCD):    5.005ns = ( 105.005 - 100.000 ) 
    Source Clock Delay      (SCD):    5.299ns
    Clock Pessimism Removal (CPR):    0.276ns
  Clock Uncertainty:      0.035ns  ((TSJ^2 + TIJ^2)^1/2 + DJ) / 2 + PE
    Total System Jitter     (TSJ):    0.071ns
    Total Input Jitter      (TIJ):    0.000ns
    Discrete Jitter          (DJ):    0.000ns
    Phase Error              (PE):    0.000ns

    Location             Delay type                Incr(ns)  Path(ns)    Netlist Resource(s)
  -------------------------------------------------------------------    -------------------
                         (clock rpi_sclk rise edge)
                                                      0.000     0.000 r  
    F4                                                0.000     0.000 r  RPI_SCLK (IN)
                         net (fo=0)                   0.000     0.000    RPI_SCLK
    F4                   IBUF (Prop_ibuf_I_O)         1.472     1.472 r  RPI_SCLK_IBUF_inst/O
                         net (fo=1, routed)           2.025     3.496    gps/spi_sclk
    BUFGCTRL_X0Y17       BUFG (Prop_bufg_I_O)         0.096     3.592 r  gps/ha_clk_bufg/O
                         net (fo=32, routed)          1.706     5.299    gps/ha_clk
    SLICE_X7Y73          FDCE                                         r  gps/ha_wr_reg/C
  -------------------------------------------------------------------    -------------------
    SLICE_X7Y73          FDCE (Prop_fdce_C_Q)         0.456     5.755 r  gps/ha_wr_reg/Q
                         net (fo=4, routed)           1.266     7.021    gps/ha_wr
    SLICE_X7Y68          CARRY4 (Prop_carry4_DI[0]_CO[3])
                                                      0.526     7.547 r  gps/ha_cnt_reg[0]_i_1/CO[3]
                         net (fo=1, routed)           0.000     7.547    gps/ha_cnt_reg[0]_i_1_n_0
    SLICE_X7Y69          CARRY4 (Prop_carry4_CI_CO[3])
                                                      0.114     7.661 r  gps/ha_cnt_reg[4]_i_1/CO[3]
                         net (fo=1, routed)           0.000     7.661    gps/ha_cnt_reg[4]_i_1_n_0
    SLICE_X7Y70          CARRY4 (Prop_carry4_CI_O[3])
                                                      0.313     7.974 r  gps/ha_cnt_reg[8]_i_1/O[3]
                         net (fo=1, routed)           0.000     7.974    gps/ha_cnt_reg[8]_i_1_n_4
    SLICE_X7Y70          FDCE                                         r  gps/ha_cnt_reg[11]/D
  -------------------------------------------------------------------    -------------------

                         (clock rpi_sclk rise edge)
                                                    100.000   100.000 r  
    F4                                                0.000   100.000 r  RPI_SCLK (IN)
                         net (fo=0)                   0.000   100.000    RPI_SCLK
    F4                   IBUF (Prop_ibuf_I_O)         1.401   101.401 r  RPI_SCLK_IBUF_inst/O
                         net (fo=1, routed)           1.920   103.321    gps/spi_sclk
    BUFGCTRL_X0Y17       BUFG (Prop_bufg_I_O)         0.091   103.412 r  gps/ha_clk_bufg/O
                         net (fo=32, routed)          1.592   105.005    gps/ha_clk
    SLICE_X7Y70          FDCE                                         r  gps/ha_cnt_reg[11]/C
                         clock pessimism              0.276   105.281    
                         clock uncertainty           -0.035   105.245    
    SLICE_X7Y70          FDCE (Setup_fdce_C_D)        0.062   105.307    gps/ha_cnt_reg[11]
  -------------------------------------------------------------------
                         required time                        105.307    
                         arrival time                          -7.974    
  -------------------------------------------------------------------
                         slack                                 97.333    

Slack (MET) :             97.407ns  (required time - arrival time)
  Source:                 gps/ha_wr_reg/C
                            (rising edge-triggered cell FDCE clocked by rpi_sclk  {rise@0.000ns fall@50.000ns period=100.000ns})
  Destination:            gps/ha_cnt_reg[10]/D
                            (rising edge-triggered cell FDCE clocked by rpi_sclk  {rise@0.000ns fall@50.000ns period=100.000ns})
  Path Group:             rpi_sclk
  Path Type:              Setup (Max at Slow Process Corner)
  Requirement:            100.000ns  (rpi_sclk rise@100.000ns - rpi_sclk rise@0.000ns)
  Data Path Delay:        2.601ns  (logic 1.335ns (51.320%)  route 1.266ns (48.680%))
  Logic Levels:           3  (CARRY4=3)
  Clock Path Skew:        -0.018ns (DCD - SCD + CPR)
    Destination Clock Delay (DCD):    5.005ns = ( 105.005 - 100.000 ) 
    Source Clock Delay      (SCD):    5.299ns
    Clock Pessimism Removal (CPR):    0.276ns
  Clock Uncertainty:      0.035ns  ((TSJ^2 + TIJ^2)^1/2 + DJ) / 2 + PE
    Total System Jitter     (TSJ):    0.071ns
    Total Input Jitter      (TIJ):    0.000ns
    Discrete Jitter          (DJ):    0.000ns
    Phase Error              (PE):    0.000ns

    Location             Delay type                Incr(ns)  Path(ns)    Netlist Resource(s)
  -------------------------------------------------------------------    -------------------
                         (clock rpi_sclk rise edge)
                                                      0.000     0.000 r  
    F4                                                0.000     0.000 r  RPI_SCLK (IN)
                         net (fo=0)                   0.000     0.000    RPI_SCLK
    F4                   IBUF (Prop_ibuf_I_O)         1.472     1.472 r  RPI_SCLK_IBUF_inst/O
                         net (fo=1, routed)           2.025     3.496    gps/spi_sclk
    BUFGCTRL_X0Y17       BUFG (Prop_bufg_I_O)         0.096     3.592 r  gps/ha_clk_bufg/O
                         net (fo=32, routed)          1.706     5.299    gps/ha_clk
    SLICE_X7Y73          FDCE                                         r  gps/ha_wr_reg/C
  -------------------------------------------------------------------    -------------------
    SLICE_X7Y73          FDCE (Prop_fdce_C_Q)         0.456     5.755 r  gps/ha_wr_reg/Q
                         net (fo=4, routed)           1.266     7.021    gps/ha_wr
    SLICE_X7Y68          CARRY4 (Prop_carry4_DI[0]_CO[3])
                                                      0.526     7.547 r  gps/ha_cnt_reg[0]_i_1/CO[3]
                         net (fo=1, routed)           0.000     7.547    gps/ha_cnt_reg[0]_i_1_n_0
    SLICE_X7Y69          CARRY4 (Prop_carry4_CI_CO[3])
                                                      0.114     7.661 r  gps/ha_cnt_reg[4]_i_1/CO[3]
                         net (fo=1, routed)           0.000     7.661    gps/ha_cnt_reg[4]_i_1_n_0
    SLICE_X7Y70          CARRY4 (Prop_carry4_CI_O[2])
                                                      0.239     7.900 r  gps/ha_cnt_reg[8]_i_1/O[2]
                         net (fo=1, routed)           0.000     7.900    gps/ha_cnt_reg[8]_i_1_n_5
    SLICE_X7Y70          FDCE                                         r  gps/ha_cnt_reg[10]/D
  -------------------------------------------------------------------    -------------------

                         (clock rpi_sclk rise edge)
                                                    100.000   100.000 r  
    F4                                                0.000   100.000 r  RPI_SCLK (IN)
                         net (fo=0)                   0.000   100.000    RPI_SCLK
    F4                   IBUF (Prop_ibuf_I_O)         1.401   101.401 r  RPI_SCLK_IBUF_inst/O
                         net (fo=1, routed)           1.920   103.321    gps/spi_sclk
    BUFGCTRL_X0Y17       BUFG (Prop_bufg_I_O)         0.091   103.412 r  gps/ha_clk_bufg/O
                         net (fo=32, routed)          1.592   105.005    gps/ha_clk
    SLICE_X7Y70          FDCE                                         r  gps/ha_cnt_reg[10]/C
                         clock pessimism              0.276   105.281    
                         clock uncertainty           -0.035   105.245    
    SLICE_X7Y70          FDCE (Setup_fdce_C_D)        0.062   105.307    gps/ha_cnt_reg[10]
  -------------------------------------------------------------------
                         required time                        105.307    
                         arrival time                          -7.900    
  -------------------------------------------------------------------
                         slack                                 97.407    

Slack (MET) :             97.423ns  (required time - arrival time)
  Source:                 gps/ha_wr_reg/C
                            (rising edge-triggered cell FDCE clocked by rpi_sclk  {rise@0.000ns fall@50.000ns period=100.000ns})
  Destination:            gps/ha_cnt_reg[8]/D
                            (rising edge-triggered cell FDCE clocked by rpi_sclk  {rise@0.000ns fall@50.000ns period=100.000ns})
  Path Group:             rpi_sclk
  Path Type:              Setup (Max at Slow Process Corner)
  Requirement:            100.000ns  (rpi_sclk rise@100.000ns - rpi_sclk rise@0.000ns)
  Data Path Delay:        2.585ns  (logic 1.319ns (51.018%)  route 1.266ns (48.982%))
  Logic Levels:           3  (CARRY4=3)
  Clock Path Skew:        -0.018ns (DCD - SCD + CPR)
    Destination Clock Delay (DCD):    5.005ns = ( 105.005 - 100.000 ) 
    Source Clock Delay      (SCD):    5.299ns
    Clock Pessimism Removal (CPR):    0.276ns
  Clock Uncertainty:      0.035ns  ((TSJ^2 + TIJ^2)^1/2 + DJ) / 2 + PE
    Total System Jitter     (TSJ):    0.071ns
    Total Input Jitter      (TIJ):    0.000ns
    Discrete Jitter          (DJ):    0.000ns
    Phase Error              (PE):    0.000ns

    Location             Delay type                Incr(ns)  Path(ns)    Netlist Resource(s)
  -------------------------------------------------------------------    -------------------
                         (clock rpi_sclk rise edge)
                                                      0.000     0.000 r  
    F4                                                0.000     0.000 r  RPI_SCLK (IN)
                         net (fo=0)                   0.000     0.000    RPI_SCLK
    F4                   IBUF (Prop_ibuf_I_O)         1.472     1.472 r  RPI_SCLK_IBUF_inst/O
                         net (fo=1, routed)           2.025     3.496    gps/spi_sclk
    BUFGCTRL_X0Y17       BUFG (Prop_bufg_I_O)         0.096     3.592 r  gps/ha_clk_bufg/O
                         net (fo=32, routed)          1.706     5.299    gps/ha_clk
    SLICE_X7Y73          FDCE                                         r  gps/ha_wr_reg/C
  -------------------------------------------------------------------    -------------------
    SLICE_X7Y73          FDCE (Prop_fdce_C_Q)         0.456     5.755 r  gps/ha_wr_reg/Q
                         net (fo=4, routed)           1.266     7.021    gps/ha_wr
    SLICE_X7Y68          CARRY4 (Prop_carry4_DI[0]_CO[3])
                                                      0.526     7.547 r  gps/ha_cnt_reg[0]_i_1/CO[3]
                         net (fo=1, routed)           0.000     7.547    gps/ha_cnt_reg[0]_i_1_n_0
    SLICE_X7Y69          CARRY4 (Prop_carry4_CI_CO[3])
                                                      0.114     7.661 r  gps/ha_cnt_reg[4]_i_1/CO[3]
                         net (fo=1, routed)           0.000     7.661    gps/ha_cnt_reg[4]_i_1_n_0
    SLICE_X7Y70          CARRY4 (Prop_carry4_CI_O[0])
                                                      0.223     7.884 r  gps/ha_cnt_reg[8]_i_1/O[0]
                         net (fo=1, routed)           0.000     7.884    gps/ha_cnt_reg[8]_i_1_n_7
    SLICE_X7Y70          FDCE                                         r  gps/ha_cnt_reg[8]/D
  -------------------------------------------------------------------    -------------------

                         (clock rpi_sclk rise edge)
                                                    100.000   100.000 r  
    F4                                                0.000   100.000 r  RPI_SCLK (IN)
                         net (fo=0)                   0.000   100.000    RPI_SCLK
    F4                   IBUF (Prop_ibuf_I_O)         1.401   101.401 r  RPI_SCLK_IBUF_inst/O
                         net (fo=1, routed)           1.920   103.321    gps/spi_sclk
    BUFGCTRL_X0Y17       BUFG (Prop_bufg_I_O)         0.091   103.412 r  gps/ha_clk_bufg/O
                         net (fo=32, routed)          1.592   105.005    gps/ha_clk
    SLICE_X7Y70          FDCE                                         r  gps/ha_cnt_reg[8]/C
                         clock pessimism              0.276   105.281    
                         clock uncertainty           -0.035   105.245    
    SLICE_X7Y70          FDCE (Setup_fdce_C_D)        0.062   105.307    gps/ha_cnt_reg[8]
  -------------------------------------------------------------------
                         required time                        105.307    
                         arrival time                          -7.884    
  -------------------------------------------------------------------
                         slack                                 97.423    

Slack (MET) :             97.426ns  (required time - arrival time)
  Source:                 gps/ha_wr_reg/C
                            (rising edge-triggered cell FDCE clocked by rpi_sclk  {rise@0.000ns fall@50.000ns period=100.000ns})
  Destination:            gps/ha_cnt_reg[5]/D
                            (rising edge-triggered cell FDCE clocked by rpi_sclk  {rise@0.000ns fall@50.000ns period=100.000ns})
  Path Group:             rpi_sclk
  Path Type:              Setup (Max at Slow Process Corner)
  Requirement:            100.000ns  (rpi_sclk rise@100.000ns - rpi_sclk rise@0.000ns)
  Data Path Delay:        2.582ns  (logic 1.316ns (50.961%)  route 1.266ns (49.039%))
  Logic Levels:           2  (CARRY4=2)
  Clock Path Skew:        -0.018ns (DCD - SCD + CPR)
    Destination Clock Delay (DCD):    5.005ns = ( 105.005 - 100.000 ) 
    Source Clock Delay      (SCD):    5.299ns
    Clock Pessimism Removal (CPR):    0.276ns
  Clock Uncertainty:      0.035ns  ((TSJ^2 + TIJ^2)^1/2 + DJ) / 2 + PE
    Total System Jitter     (TSJ):    0.071ns
    Total Input Jitter      (TIJ):    0.000ns
    Discrete Jitter          (DJ):    0.000ns
    Phase Error              (PE):    0.000ns

    Location             Delay type                Incr(ns)  Path(ns)    Netlist Resource(s)
  -------------------------------------------------------------------    -------------------
                         (clock rpi_sclk rise edge)
                                                      0.000     0.000 r  
    F4                                                0.000     0.000 r  RPI_SCLK (IN)
                         net (fo=0)                   0.000     0.000    RPI_SCLK
    F4                   IBUF (Prop_ibuf_I_O)         1.472     1.472 r  RPI_SCLK_IBUF_inst/O
                         net (fo=1, routed)           2.025     3.496    gps/spi_sclk
    BUFGCTRL_X0Y17       BUFG (Prop_bufg_I_O)         0.096     3.592 r  gps/ha_clk_bufg/O
                         net (fo=32, routed)          1.706     5.299    gps/ha_clk
    SLICE_X7Y73          FDCE                                         r  gps/ha_wr_reg/C
  -------------------------------------------------------------------    -------------------
    SLICE_X7Y73          FDCE (Prop_fdce_C_Q)         0.456     5.755 r  gps/ha_wr_reg/Q
                         net (fo=4, routed)           1.266     7.021    gps/ha_wr
    SLICE_X7Y68          CARRY4 (Prop_carry4_DI[0]_CO[3])
                                                      0.526     7.547 r  gps/ha_cnt_reg[0]_i_1/CO[3]
                         net (fo=1, routed)           0.000     7.547    gps/ha_cnt_reg[0]_i_1_n_0
    SLICE_X7Y69          CARRY4 (Prop_carry4_CI_O[1])
                                                      0.334     7.881 r  gps/ha_cnt_reg[4]_i_1/O[1]
                         net (fo=1, routed)           0.000     7.881    gps/ha_cnt_reg[4]_i_1_n_6
    SLICE_X7Y69          FDCE                                         r  gps/ha_cnt_reg[5]/D
  -------------------------------------------------------------------    -------------------

                         (clock rpi_sclk rise edge)
                                                    100.000   100.000 r  
    F4                                                0.000   100.000 r  RPI_SCLK (IN)
                         net (fo=0)                   0.000   100.000    RPI_SCLK
    F4                   IBUF (Prop_ibuf_I_O)         1.401   101.401 r  RPI_SCLK_IBUF_inst/O
                         net (fo=1, routed)           1.920   103.321    gps/spi_sclk
    BUFGCTRL_X0Y17       BUFG (Prop_bufg_I_O)         0.091   103.412 r  gps/ha_clk_bufg/O
                         net (fo=32, routed)          1.592   105.005    gps/ha_clk
    SLICE_X7Y69          FDCE                                         r  gps/ha_cnt_reg[5]/C
                         clock pessimism              0.276   105.281    
                         clock uncertainty           -0.035   105.245    
    SLICE_X7Y69          FDCE (Setup_fdce_C_D)        0.062   105.307    gps/ha_cnt_reg[5]
  -------------------------------------------------------------------
                         required time                        105.307    
                         arrival time                          -7.881    
  -------------------------------------------------------------------
                         slack                                 97.426    





Min Delay Paths
--------------------------------------------------------------------------------------
Slack (MET) :             0.190ns  (arrival time - required time)
  Source:                 gps/ha_rdy_reg/C
                            (rising edge-triggered cell FDRE clocked by rpi_sclk  {rise@0.000ns fall@50.000ns period=100.000ns})
  Destination:            gps/ha_ack_reg/D
                            (rising edge-triggered cell FDRE clocked by rpi_sclk  {rise@0.000ns fall@50.000ns period=100.000ns})
  Path Group:             rpi_sclk
  Path Type:              Hold (Min at Fast Process Corner)
  Requirement:            0.000ns  (rpi_sclk rise@0.000ns - rpi_sclk rise@0.000ns)
  Data Path Delay:        0.281ns  (logic 0.227ns (80.665%)  route 0.054ns (19.335%))
  Logic Levels:           1  (LUT3=1)
  Clock Path Skew:        0.000ns (DCD - SCD - CPR)
    Destination Clock Delay (DCD):    2.013ns
    Source Clock Delay      (SCD):    1.499ns
    Clock Pessimism Removal (CPR):    0.513ns

    Location             Delay type                Incr(ns)  Path(ns)    Netlist Resource(s)
  -------------------------------------------------------------------    -------------------
                         (clock rpi_sclk rise edge)
                                                      0.000     0.000 r  
    F4                                                0.000     0.000 r  RPI_SCLK (IN)
                         net (fo=0)                   0.000     0.000    RPI_SCLK
    F4                   IBUF (Prop_ibuf_I_O)         0.240     0.240 r  RPI_SCLK_IBUF_inst/O
                         net (fo=1, routed)           0.644     0.884    gps/spi_sclk
    BUFGCTRL_X0Y17       BUFG (Prop_bufg_I_O)         0.026     0.910 r  gps/ha_clk_bufg/O
                         net (fo=32, routed)          0.590     1.499    gps/ha_clk
    SLICE_X5Y74          FDRE                                         r  gps/ha_rdy_reg/C
  -------------------------------------------------------------------    -------------------
    SLICE_X5Y74          FDRE (Prop_fdre_C_Q)         0.128     1.627 r  gps/ha_rdy_reg/Q
                         net (fo=1, routed)           0.054     1.682    gps/ha_rdy
    SLICE_X5Y74          LUT3 (Prop_lut3_I0_O)        0.099     1.781 r  gps/ha_ack_i_1/O
                         net (fo=1, routed)           0.000     1.781    gps/ha_ack_i_1_n_0
    SLICE_X5Y74          FDRE                                         r  gps/ha_ack_reg/D
  -------------------------------------------------------------------    -------------------

                         (clock rpi_sclk rise edge)
                                                      0.000     0.000 r  
    F4                                                0.000     0.000 r  RPI_SCLK (IN)
                         net (fo=0)                   0.000     0.000    RPI_SCLK
    F4                   IBUF (Prop_ibuf_I_O)         0.427     0.427 r  RPI_SCLK_IBUF_inst/O
                         net (fo=1, routed)           0.699     1.126    gps/spi_sclk
    BUFGCTRL_X0Y17       BUFG (Prop_bufg_I_O)         0.029     1.155 r  gps/ha_clk_bufg/O
                         net (fo=32, routed)          0.858     2.013    gps/ha_clk
    SLICE_X5Y74          FDRE                                         r  gps/ha_ack_reg/C
                         clock pessimism             -0.513     1.499    
    SLICE_X5Y74          FDRE (Hold_fdre_C_D)         0.091     1.590    gps/ha_ack_reg
  -------------------------------------------------------------------
                         required time                         -1.590    
                         arrival time                           1.781    
  -------------------------------------------------------------------
                         slack                                  0.190    

Slack (MET) :             0.205ns  (arrival time - required time)
  Source:                 gps/ha_st_reg[4]/C
                            (rising edge-triggered cell FDCE clocked by rpi_sclk  {rise@0.000ns fall@50.000ns period=100.000ns})
  Destination:            gps/ha_st_reg[5]/D
                            (rising edge-triggered cell FDCE clocked by rpi_sclk  {rise@0.000ns fall@50.000ns period=100.000ns})
  Path Group:             rpi_sclk
  Path Type:              Hold (Min at Fast Process Corner)
  Requirement:            0.000ns  (rpi_sclk rise@0.000ns - rpi_sclk rise@0.000ns)
  Data Path Delay:        0.310ns  (logic 0.141ns (45.516%)  route 0.169ns (54.484%))
  Logic Levels:           0  
  Clock Path Skew:        0.033ns (DCD - SCD - CPR)
    Destination Clock Delay (DCD):    2.014ns
    Source Clock Delay      (SCD):    1.501ns
    Clock Pessimism Removal (CPR):    0.479ns

    Location             Delay type                Incr(ns)  Path(ns)    Netlist Resource(s)
  -------------------------------------------------------------------    -------------------
                         (clock rpi_sclk rise edge)
                                                      0.000     0.000 r  
    F4                                                0.000     0.000 r  RPI_SCLK (IN)
                         net (fo=0)                   0.000     0.000    RPI_SCLK
    F4                   IBUF (Prop_ibuf_I_O)         0.240     0.240 r  RPI_SCLK_IBUF_inst/O
                         net (fo=1, routed)           0.644     0.884    gps/spi_sclk
    BUFGCTRL_X0Y17       BUFG (Prop_bufg_I_O)         0.026     0.910 r  gps/ha_clk_bufg/O
                         net (fo=32, routed)          0.592     1.501    gps/ha_clk
    SLICE_X3Y73          FDCE                                         r  gps/ha_st_reg[4]/C
  -------------------------------------------------------------------    -------------------
    SLICE_X3Y73          FDCE (Prop_fdce_C_Q)         0.141     1.642 r  gps/ha_st_reg[4]/Q
                         net (fo=1, routed)           0.169     1.811    gps/ha_st__0[4]
    SLICE_X5Y73          FDCE                                         r  gps/ha_st_reg[5]/D
  -------------------------------------------------------------------    -------------------

                         (clock rpi_sclk rise edge)
                                                      0.000     0.000 r  
    F4                                                0.000     0.000 r  RPI_SCLK (IN)
                         net (fo=0)                   0.000     0.000    RPI_SCLK
    F4                   IBUF (Prop_ibuf_I_O)         0.427     0.427 r  RPI_SCLK_IBUF_inst/O
                         net (fo=1, routed)           0.699     1.126    gps/spi_sclk
    BUFGCTRL_X0Y17       BUFG (Prop_bufg_I_O)         0.029     1.155 r  gps/ha_clk_bufg/O
                         net (fo=32, routed)          0.859     2.014    gps/ha_clk
    SLICE_X5Y73          FDCE                                         r  gps/ha_st_reg[5]/C
                         clock pessimism             -0.479     1.534    
    SLICE_X5Y73          FDCE (Hold_fdce_C_D)         0.072     1.606    gps/ha_st_reg[5]
  -------------------------------------------------------------------
                         required time                         -1.606    
                         arrival time                           1.811    
  -------------------------------------------------------------------
                         slack                                  0.205    

Slack (MET) :             0.222ns  (arrival time - required time)
  Source:                 gps/ha_st_reg[2]/C
                            (rising edge-triggered cell FDCE clocked by rpi_sclk  {rise@0.000ns fall@50.000ns period=100.000ns})
  Destination:            gps/ha_st_reg[3]/D
                            (rising edge-triggered cell FDCE clocked by rpi_sclk  {rise@0.000ns fall@50.000ns period=100.000ns})
  Path Group:             rpi_sclk
  Path Type:              Hold (Min at Fast Process Corner)
  Requirement:            0.000ns  (rpi_sclk rise@0.000ns - rpi_sclk rise@0.000ns)
  Data Path Delay:        0.329ns  (logic 0.141ns (42.878%)  route 0.188ns (57.122%))
  Logic Levels:           0  
  Clock Path Skew:        0.037ns (DCD - SCD - CPR)
    Destination Clock Delay (DCD):    2.017ns
    Source Clock Delay      (SCD):    1.500ns
    Clock Pessimism Removal (CPR):    0.479ns

    Location             Delay type                Incr(ns)  Path(ns)    Netlist Resource(s)
  -------------------------------------------------------------------    -------------------
                         (clock rpi_sclk rise edge)
                                                      0.000     0.000 r  
    F4                                                0.000     0.000 r  RPI_SCLK (IN)
                         net (fo=0)                   0.000     0.000    RPI_SCLK
    F4                   IBUF (Prop_ibuf_I_O)         0.240     0.240 r  RPI_SCLK_IBUF_inst/O
                         net (fo=1, routed)           0.644     0.884    gps/spi_sclk
    BUFGCTRL_X0Y17       BUFG (Prop_bufg_I_O)         0.026     0.910 r  gps/ha_clk_bufg/O
                         net (fo=32, routed)          0.591     1.500    gps/ha_clk
    SLICE_X5Y73          FDCE                                         r  gps/ha_st_reg[2]/C
  -------------------------------------------------------------------    -------------------
    SLICE_X5Y73          FDCE (Prop_fdce_C_Q)         0.141     1.641 r  gps/ha_st_reg[2]/Q
                         net (fo=3, routed)           0.188     1.829    gps/ha_st[2]
    SLICE_X3Y73          FDCE                                         r  gps/ha_st_reg[3]/D
  -------------------------------------------------------------------    -------------------

                         (clock rpi_sclk rise edge)
                                                      0.000     0.000 r  
    F4                                                0.000     0.000 r  RPI_SCLK (IN)
                         net (fo=0)                   0.000     0.000    RPI_SCLK
    F4                   IBUF (Prop_ibuf_I_O)         0.427     0.427 r  RPI_SCLK_IBUF_inst/O
                         net (fo=1, routed)           0.699     1.126    gps/spi_sclk
    BUFGCTRL_X0Y17       BUFG (Prop_bufg_I_O)         0.029     1.155 r  gps/ha_clk_bufg/O
                         net (fo=32, routed)          0.862     2.017    gps/ha_clk
    SLICE_X3Y73          FDCE                                         r  gps/ha_st_reg[3]/C
                         clock pessimism             -0.479     1.537    
    SLICE_X3Y73          FDCE (Hold_fdce_C_D)         0.070     1.607    gps/ha_st_reg[3]
  -------------------------------------------------------------------
                         required time                         -1.607    
                         arrival time                           1.829    
  -------------------------------------------------------------------
                         slack                                  0.222    

Slack (MET) :             0.224ns  (arrival time - required time)
  Source:                 gps/ha_cnt_reg[7]/C
                            (rising edge-triggered cell FDCE clocked by rpi_sclk  {rise@0.000ns fall@50.000ns period=100.000ns})
  Destination:            gps/host_fifo/U0/inst_blk_mem_gen/gnbram.gnativebmg.native_blk_mem_gen/valid.cstr/ramloop[0].ram.r/prim_noinit.ram/DEVICE_7SERIES.NO_BMM_INFO.TRUE_DP.SIMPLE_PRIM18.ram/ADDRARDADDR[7]
                            (rising edge-triggered cell RAMB18E1 clocked by rpi_sclk  {rise@0.000ns fall@50.000ns period=100.000ns})
  Path Group:             rpi_sclk
  Path Type:              Hold (Min at Fast Process Corner)
  Requirement:            0.000ns  (rpi_sclk rise@0.000ns - rpi_sclk rise@0.000ns)
  Data Path Delay:        0.451ns  (logic 0.141ns (31.244%)  route 0.310ns (68.756%))
  Logic Levels:           0  
  Clock Path Skew:        0.044ns (DCD - SCD - CPR)
    Destination Clock Delay (DCD):    2.028ns
    Source Clock Delay      (SCD):    1.504ns
    Clock Pessimism Removal (CPR):    0.479ns

    Location             Delay type                Incr(ns)  Path(ns)    Netlist Resource(s)
  -------------------------------------------------------------------    -------------------
                         (clock rpi_sclk rise edge)
                                                      0.000     0.000 r  
    F4                                                0.000     0.000 r  RPI_SCLK (IN)
                         net (fo=0)                   0.000     0.000    RPI_SCLK
    F4                   IBUF (Prop_ibuf_I_O)         0.240     0.240 r  RPI_SCLK_IBUF_inst/O
                         net (fo=1, routed)           0.644     0.884    gps/spi_sclk
    BUFGCTRL_X0Y17       BUFG (Prop_bufg_I_O)         0.026     0.910 r  gps/ha_clk_bufg/O
                         net (fo=32, routed)          0.595     1.504    gps/ha_clk
    SLICE_X7Y69          FDCE                                         r  gps/ha_cnt_reg[7]/C
  -------------------------------------------------------------------    -------------------
    SLICE_X7Y69          FDCE (Prop_fdce_C_Q)         0.141     1.645 r  gps/ha_cnt_reg[7]/Q
                         net (fo=2, routed)           0.310     1.956    gps/host_fifo/U0/inst_blk_mem_gen/gnbram.gnativebmg.native_blk_mem_gen/valid.cstr/ramloop[0].ram.r/prim_noinit.ram/addra[7]
    RAMB18_X0Y28         RAMB18E1                                     r  gps/host_fifo/U0/inst_blk_mem_gen/gnbram.gnativebmg.native_blk_mem_gen/valid.cstr/ramloop[0].ram.r/prim_noinit.ram/DEVICE_7SERIES.NO_BMM_INFO.TRUE_DP.SIMPLE_PRIM18.ram/ADDRARDADDR[7]
  -------------------------------------------------------------------    -------------------

                         (clock rpi_sclk rise edge)
                                                      0.000     0.000 r  
    F4                                                0.000     0.000 r  RPI_SCLK (IN)
                         net (fo=0)                   0.000     0.000    RPI_SCLK
    F4                   IBUF (Prop_ibuf_I_O)         0.427     0.427 r  RPI_SCLK_IBUF_inst/O
                         net (fo=1, routed)           0.699     1.126    gps/spi_sclk
    BUFGCTRL_X0Y17       BUFG (Prop_bufg_I_O)         0.029     1.155 r  gps/ha_clk_bufg/O
                         net (fo=32, routed)          0.873     2.028    gps/host_fifo/U0/inst_blk_mem_gen/gnbram.gnativebmg.native_blk_mem_gen/valid.cstr/ramloop[0].ram.r/prim_noinit.ram/clka
    RAMB18_X0Y28         RAMB18E1                                     r  gps/host_fifo/U0/inst_blk_mem_gen/gnbram.gnativebmg.native_blk_mem_gen/valid.cstr/ramloop[0].ram.r/prim_noinit.ram/DEVICE_7SERIES.NO_BMM_INFO.TRUE_DP.SIMPLE_PRIM18.ram/CLKARDCLK
                         clock pessimism             -0.479     1.549    
    RAMB18_X0Y28         RAMB18E1 (Hold_ramb18e1_CLKARDCLK_ADDRARDADDR[7])
                                                      0.183     1.732    gps/host_fifo/U0/inst_blk_mem_gen/gnbram.gnativebmg.native_blk_mem_gen/valid.cstr/ramloop[0].ram.r/prim_noinit.ram/DEVICE_7SERIES.NO_BMM_INFO.TRUE_DP.SIMPLE_PRIM18.ram
  -------------------------------------------------------------------
                         required time                         -1.732    
                         arrival time                           1.956    
  -------------------------------------------------------------------
                         slack                                  0.224    

Slack (MET) :             0.230ns  (arrival time - required time)
  Source:                 gps/ha_st_reg[2]/C
                            (rising edge-triggered cell FDCE clocked by rpi_sclk  {rise@0.000ns fall@50.000ns period=100.000ns})
  Destination:            gps/tdo_reg/D
                            (rising edge-triggered cell FDPE clocked by rpi_sclk  {rise@0.000ns fall@50.000ns period=100.000ns})
  Path Group:             rpi_sclk
  Path Type:              Hold (Min at Fast Process Corner)
  Requirement:            0.000ns  (rpi_sclk rise@0.000ns - rpi_sclk rise@0.000ns)
  Data Path Delay:        0.335ns  (logic 0.186ns (55.493%)  route 0.149ns (44.507%))
  Logic Levels:           1  (LUT4=1)
  Clock Path Skew:        0.013ns (DCD - SCD - CPR)
    Destination Clock Delay (DCD):    2.014ns
    Source Clock Delay      (SCD):    1.500ns
    Clock Pessimism Removal (CPR):    0.500ns

    Location             Delay type                Incr(ns)  Path(ns)    Netlist Resource(s)
  -------------------------------------------------------------------    -------------------
                         (clock rpi_sclk rise edge)
                                                      0.000     0.000 r  
    F4                                                0.000     0.000 r  RPI_SCLK (IN)
                         net (fo=0)                   0.000     0.000    RPI_SCLK
    F4                   IBUF (Prop_ibuf_I_O)         0.240     0.240 r  RPI_SCLK_IBUF_inst/O
                         net (fo=1, routed)           0.644     0.884    gps/spi_sclk
    BUFGCTRL_X0Y17       BUFG (Prop_bufg_I_O)         0.026     0.910 r  gps/ha_clk_bufg/O
                         net (fo=32, routed)          0.591     1.500    gps/ha_clk
    SLICE_X5Y73          FDCE                                         r  gps/ha_st_reg[2]/C
  -------------------------------------------------------------------    -------------------
    SLICE_X5Y73          FDCE (Prop_fdce_C_Q)         0.141     1.641 r  gps/ha_st_reg[2]/Q
                         net (fo=3, routed)           0.149     1.791    gps/ha_st[2]
    SLICE_X7Y73          LUT4 (Prop_lut4_I2_O)        0.045     1.836 r  gps/tdo_i_1/O
                         net (fo=1, routed)           0.000     1.836    gps/tdo_i_1_n_0
    SLICE_X7Y73          FDPE                                         r  gps/tdo_reg/D
  -------------------------------------------------------------------    -------------------

                         (clock rpi_sclk rise edge)
                                                      0.000     0.000 r  
    F4                                                0.000     0.000 r  RPI_SCLK (IN)
                         net (fo=0)                   0.000     0.000    RPI_SCLK
    F4                   IBUF (Prop_ibuf_I_O)         0.427     0.427 r  RPI_SCLK_IBUF_inst/O
                         net (fo=1, routed)           0.699     1.126    gps/spi_sclk
    BUFGCTRL_X0Y17       BUFG (Prop_bufg_I_O)         0.029     1.155 r  gps/ha_clk_bufg/O
                         net (fo=32, routed)          0.859     2.014    gps/ha_clk
    SLICE_X7Y73          FDPE                                         r  gps/tdo_reg/C
                         clock pessimism             -0.500     1.513    
    SLICE_X7Y73          FDPE (Hold_fdpe_C_D)         0.092     1.605    gps/tdo_reg
  -------------------------------------------------------------------
                         required time                         -1.605    
                         arrival time                           1.836    
  -------------------------------------------------------------------
                         slack                                  0.230    

Slack (MET) :             0.230ns  (arrival time - required time)
  Source:                 gps/ha_disr_reg[2]/C
                            (rising edge-triggered cell FDRE clocked by rpi_sclk  {rise@0.000ns fall@50.000ns period=100.000ns})
  Destination:            gps/host_fifo/U0/inst_blk_mem_gen/gnbram.gnativebmg.native_blk_mem_gen/valid.cstr/ramloop[0].ram.r/prim_noinit.ram/DEVICE_7SERIES.NO_BMM_INFO.TRUE_DP.SIMPLE_PRIM18.ram/DIADI[0]
                            (rising edge-triggered cell RAMB18E1 clocked by rpi_sclk  {rise@0.000ns fall@50.000ns period=100.000ns})
  Path Group:             rpi_sclk
  Path Type:              Hold (Min at Fast Process Corner)
  Requirement:            0.000ns  (rpi_sclk rise@0.000ns - rpi_sclk rise@0.000ns)
  Data Path Delay:        0.432ns  (logic 0.141ns (32.658%)  route 0.291ns (67.342%))
  Logic Levels:           0  
  Clock Path Skew:        0.046ns (DCD - SCD - CPR)
    Destination Clock Delay (DCD):    2.028ns
    Source Clock Delay      (SCD):    1.502ns
    Clock Pessimism Removal (CPR):    0.479ns

    Location             Delay type                Incr(ns)  Path(ns)    Netlist Resource(s)
  -------------------------------------------------------------------    -------------------
                         (clock rpi_sclk rise edge)
                                                      0.000     0.000 r  
    F4                                                0.000     0.000 r  RPI_SCLK (IN)
                         net (fo=0)                   0.000     0.000    RPI_SCLK
    F4                   IBUF (Prop_ibuf_I_O)         0.240     0.240 r  RPI_SCLK_IBUF_inst/O
                         net (fo=1, routed)           0.644     0.884    gps/spi_sclk
    BUFGCTRL_X0Y17       BUFG (Prop_bufg_I_O)         0.026     0.910 r  gps/ha_clk_bufg/O
                         net (fo=32, routed)          0.593     1.502    gps/ha_clk
    SLICE_X7Y72          FDRE                                         r  gps/ha_disr_reg[2]/C
  -------------------------------------------------------------------    -------------------
    SLICE_X7Y72          FDRE (Prop_fdre_C_Q)         0.141     1.643 r  gps/ha_disr_reg[2]/Q
                         net (fo=1, routed)           0.291     1.934    gps/host_fifo/U0/inst_blk_mem_gen/gnbram.gnativebmg.native_blk_mem_gen/valid.cstr/ramloop[0].ram.r/prim_noinit.ram/dina[0]
    RAMB18_X0Y28         RAMB18E1                                     r  gps/host_fifo/U0/inst_blk_mem_gen/gnbram.gnativebmg.native_blk_mem_gen/valid.cstr/ramloop[0].ram.r/prim_noinit.ram/DEVICE_7SERIES.NO_BMM_INFO.TRUE_DP.SIMPLE_PRIM18.ram/DIADI[0]
  -------------------------------------------------------------------    -------------------

                         (clock rpi_sclk rise edge)
                                                      0.000     0.000 r  
    F4                                                0.000     0.000 r  RPI_SCLK (IN)
                         net (fo=0)                   0.000     0.000    RPI_SCLK
    F4                   IBUF (Prop_ibuf_I_O)         0.427     0.427 r  RPI_SCLK_IBUF_inst/O
                         net (fo=1, routed)           0.699     1.126    gps/spi_sclk
    BUFGCTRL_X0Y17       BUFG (Prop_bufg_I_O)         0.029     1.155 r  gps/ha_clk_bufg/O
                         net (fo=32, routed)          0.873     2.028    gps/host_fifo/U0/inst_blk_mem_gen/gnbram.gnativebmg.native_blk_mem_gen/valid.cstr/ramloop[0].ram.r/prim_noinit.ram/clka
    RAMB18_X0Y28         RAMB18E1                                     r  gps/host_fifo/U0/inst_blk_mem_gen/gnbram.gnativebmg.native_blk_mem_gen/valid.cstr/ramloop[0].ram.r/prim_noinit.ram/DEVICE_7SERIES.NO_BMM_INFO.TRUE_DP.SIMPLE_PRIM18.ram/CLKARDCLK
                         clock pessimism             -0.479     1.549    
    RAMB18_X0Y28         RAMB18E1 (Hold_ramb18e1_CLKARDCLK_DIADI[0])
                                                      0.155     1.704    gps/host_fifo/U0/inst_blk_mem_gen/gnbram.gnativebmg.native_blk_mem_gen/valid.cstr/ramloop[0].ram.r/prim_noinit.ram/DEVICE_7SERIES.NO_BMM_INFO.TRUE_DP.SIMPLE_PRIM18.ram
  -------------------------------------------------------------------
                         required time                         -1.704    
                         arrival time                           1.934    
  -------------------------------------------------------------------
                         slack                                  0.230    

Slack (MET) :             0.242ns  (arrival time - required time)
  Source:                 gps/ha_st_reg[5]/C
                            (rising edge-triggered cell FDCE clocked by rpi_sclk  {rise@0.000ns fall@50.000ns period=100.000ns})
  Destination:            gps/ha_st_reg[6]/D
                            (rising edge-triggered cell FDCE clocked by rpi_sclk  {rise@0.000ns fall@50.000ns period=100.000ns})
  Path Group:             rpi_sclk
  Path Type:              Hold (Min at Fast Process Corner)
  Requirement:            0.000ns  (rpi_sclk rise@0.000ns - rpi_sclk rise@0.000ns)
  Data Path Delay:        0.317ns  (logic 0.141ns (44.512%)  route 0.176ns (55.488%))
  Logic Levels:           0  
  Clock Path Skew:        0.000ns (DCD - SCD - CPR)
    Destination Clock Delay (DCD):    2.014ns
    Source Clock Delay      (SCD):    1.500ns
    Clock Pessimism Removal (CPR):    0.513ns

    Location             Delay type                Incr(ns)  Path(ns)    Netlist Resource(s)
  -------------------------------------------------------------------    -------------------
                         (clock rpi_sclk rise edge)
                                                      0.000     0.000 r  
    F4                                                0.000     0.000 r  RPI_SCLK (IN)
                         net (fo=0)                   0.000     0.000    RPI_SCLK
    F4                   IBUF (Prop_ibuf_I_O)         0.240     0.240 r  RPI_SCLK_IBUF_inst/O
                         net (fo=1, routed)           0.644     0.884    gps/spi_sclk
    BUFGCTRL_X0Y17       BUFG (Prop_bufg_I_O)         0.026     0.910 r  gps/ha_clk_bufg/O
                         net (fo=32, routed)          0.591     1.500    gps/ha_clk
    SLICE_X5Y73          FDCE                                         r  gps/ha_st_reg[5]/C
  -------------------------------------------------------------------    -------------------
    SLICE_X5Y73          FDCE (Prop_fdce_C_Q)         0.141     1.641 r  gps/ha_st_reg[5]/Q
                         net (fo=1, routed)           0.176     1.817    gps/ha_st__0[5]
    SLICE_X5Y73          FDCE                                         r  gps/ha_st_reg[6]/D
  -------------------------------------------------------------------    -------------------

                         (clock rpi_sclk rise edge)
                                                      0.000     0.000 r  
    F4                                                0.000     0.000 r  RPI_SCLK (IN)
                         net (fo=0)                   0.000     0.000    RPI_SCLK
    F4                   IBUF (Prop_ibuf_I_O)         0.427     0.427 r  RPI_SCLK_IBUF_inst/O
                         net (fo=1, routed)           0.699     1.126    gps/spi_sclk
    BUFGCTRL_X0Y17       BUFG (Prop_bufg_I_O)         0.029     1.155 r  gps/ha_clk_bufg/O
                         net (fo=32, routed)          0.859     2.014    gps/ha_clk
    SLICE_X5Y73          FDCE                                         r  gps/ha_st_reg[6]/C
                         clock pessimism             -0.513     1.500    
    SLICE_X5Y73          FDCE (Hold_fdce_C_D)         0.075     1.575    gps/ha_st_reg[6]
  -------------------------------------------------------------------
                         required time                         -1.575    
                         arrival time                           1.817    
  -------------------------------------------------------------------
                         slack                                  0.242    

Slack (MET) :             0.245ns  (arrival time - required time)
  Source:                 gps/ha_st_reg[0]/C
                            (rising edge-triggered cell FDPE clocked by rpi_sclk  {rise@0.000ns fall@50.000ns period=100.000ns})
  Destination:            gps/ha_st_reg[1]/D
                            (rising edge-triggered cell FDCE clocked by rpi_sclk  {rise@0.000ns fall@50.000ns period=100.000ns})
  Path Group:             rpi_sclk
  Path Type:              Hold (Min at Fast Process Corner)
  Requirement:            0.000ns  (rpi_sclk rise@0.000ns - rpi_sclk rise@0.000ns)
  Data Path Delay:        0.311ns  (logic 0.141ns (45.298%)  route 0.170ns (54.702%))
  Logic Levels:           0  
  Clock Path Skew:        0.000ns (DCD - SCD - CPR)
    Destination Clock Delay (DCD):    2.014ns
    Source Clock Delay      (SCD):    1.500ns
    Clock Pessimism Removal (CPR):    0.513ns

    Location             Delay type                Incr(ns)  Path(ns)    Netlist Resource(s)
  -------------------------------------------------------------------    -------------------
                         (clock rpi_sclk rise edge)
                                                      0.000     0.000 r  
    F4                                                0.000     0.000 r  RPI_SCLK (IN)
                         net (fo=0)                   0.000     0.000    RPI_SCLK
    F4                   IBUF (Prop_ibuf_I_O)         0.240     0.240 r  RPI_SCLK_IBUF_inst/O
                         net (fo=1, routed)           0.644     0.884    gps/spi_sclk
    BUFGCTRL_X0Y17       BUFG (Prop_bufg_I_O)         0.026     0.910 r  gps/ha_clk_bufg/O
                         net (fo=32, routed)          0.591     1.500    gps/ha_clk
    SLICE_X5Y73          FDPE                                         r  gps/ha_st_reg[0]/C
  -------------------------------------------------------------------    -------------------
    SLICE_X5Y73          FDPE (Prop_fdpe_C_Q)         0.141     1.641 r  gps/ha_st_reg[0]/Q
                         net (fo=1, routed)           0.170     1.812    gps/ha_st__0[0]
    SLICE_X5Y73          FDCE                                         r  gps/ha_st_reg[1]/D
  -------------------------------------------------------------------    -------------------

                         (clock rpi_sclk rise edge)
                                                      0.000     0.000 r  
    F4                                                0.000     0.000 r  RPI_SCLK (IN)
                         net (fo=0)                   0.000     0.000    RPI_SCLK
    F4                   IBUF (Prop_ibuf_I_O)         0.427     0.427 r  RPI_SCLK_IBUF_inst/O
                         net (fo=1, routed)           0.699     1.126    gps/spi_sclk
    BUFGCTRL_X0Y17       BUFG (Prop_bufg_I_O)         0.029     1.155 r  gps/ha_clk_bufg/O
                         net (fo=32, routed)          0.859     2.014    gps/ha_clk
    SLICE_X5Y73          FDCE                                         r  gps/ha_st_reg[1]/C
                         clock pessimism             -0.513     1.500    
    SLICE_X5Y73          FDCE (Hold_fdce_C_D)         0.066     1.566    gps/ha_st_reg[1]
  -------------------------------------------------------------------
                         required time                         -1.566    
                         arrival time                           1.812    
  -------------------------------------------------------------------
                         slack                                  0.245    

Slack (MET) :             0.245ns  (arrival time - required time)
  Source:                 gps/ha_disr_reg[0]/C
                            (rising edge-triggered cell FDRE clocked by rpi_sclk  {rise@0.000ns fall@50.000ns period=100.000ns})
  Destination:            gps/ha_disr_reg[1]/D
                            (rising edge-triggered cell FDRE clocked by rpi_sclk  {rise@0.000ns fall@50.000ns period=100.000ns})
  Path Group:             rpi_sclk
  Path Type:              Hold (Min at Fast Process Corner)
  Requirement:            0.000ns  (rpi_sclk rise@0.000ns - rpi_sclk rise@0.000ns)
  Data Path Delay:        0.311ns  (logic 0.141ns (45.298%)  route 0.170ns (54.702%))
  Logic Levels:           0  
  Clock Path Skew:        0.000ns (DCD - SCD - CPR)
    Destination Clock Delay (DCD):    2.016ns
    Source Clock Delay      (SCD):    1.502ns
    Clock Pessimism Removal (CPR):    0.513ns

    Location             Delay type                Incr(ns)  Path(ns)    Netlist Resource(s)
  -------------------------------------------------------------------    -------------------
                         (clock rpi_sclk rise edge)
                                                      0.000     0.000 r  
    F4                                                0.000     0.000 r  RPI_SCLK (IN)
                         net (fo=0)                   0.000     0.000    RPI_SCLK
    F4                   IBUF (Prop_ibuf_I_O)         0.240     0.240 r  RPI_SCLK_IBUF_inst/O
                         net (fo=1, routed)           0.644     0.884    gps/spi_sclk
    BUFGCTRL_X0Y17       BUFG (Prop_bufg_I_O)         0.026     0.910 r  gps/ha_clk_bufg/O
                         net (fo=32, routed)          0.593     1.502    gps/ha_clk
    SLICE_X7Y72          FDRE                                         r  gps/ha_disr_reg[0]/C
  -------------------------------------------------------------------    -------------------
    SLICE_X7Y72          FDRE (Prop_fdre_C_Q)         0.141     1.643 r  gps/ha_disr_reg[0]/Q
                         net (fo=1, routed)           0.170     1.814    gps/ha_disr__0[0]
    SLICE_X7Y72          FDRE                                         r  gps/ha_disr_reg[1]/D
  -------------------------------------------------------------------    -------------------

                         (clock rpi_sclk rise edge)
                                                      0.000     0.000 r  
    F4                                                0.000     0.000 r  RPI_SCLK (IN)
                         net (fo=0)                   0.000     0.000    RPI_SCLK
    F4                   IBUF (Prop_ibuf_I_O)         0.427     0.427 r  RPI_SCLK_IBUF_inst/O
                         net (fo=1, routed)           0.699     1.126    gps/spi_sclk
    BUFGCTRL_X0Y17       BUFG (Prop_bufg_I_O)         0.029     1.155 r  gps/ha_clk_bufg/O
                         net (fo=32, routed)          0.861     2.016    gps/ha_clk
    SLICE_X7Y72          FDRE                                         r  gps/ha_disr_reg[1]/C
                         clock pessimism             -0.513     1.502    
    SLICE_X7Y72          FDRE (Hold_fdre_C_D)         0.066     1.568    gps/ha_disr_reg[1]
  -------------------------------------------------------------------
                         required time                         -1.568    
                         arrival time                           1.814    
  -------------------------------------------------------------------
                         slack                                  0.245    

Slack (MET) :             0.247ns  (arrival time - required time)
  Source:                 gps/ha_disr_reg[1]/C
                            (rising edge-triggered cell FDRE clocked by rpi_sclk  {rise@0.000ns fall@50.000ns period=100.000ns})
  Destination:            gps/ha_disr_reg[2]/D
                            (rising edge-triggered cell FDRE clocked by rpi_sclk  {rise@0.000ns fall@50.000ns period=100.000ns})
  Path Group:             rpi_sclk
  Path Type:              Hold (Min at Fast Process Corner)
  Requirement:            0.000ns  (rpi_sclk rise@0.000ns - rpi_sclk rise@0.000ns)
  Data Path Delay:        0.317ns  (logic 0.141ns (44.419%)  route 0.176ns (55.582%))
  Logic Levels:           0  
  Clock Path Skew:        0.000ns (DCD - SCD - CPR)
    Destination Clock Delay (DCD):    2.016ns
    Source Clock Delay      (SCD):    1.502ns
    Clock Pessimism Removal (CPR):    0.513ns

    Location             Delay type                Incr(ns)  Path(ns)    Netlist Resource(s)
  -------------------------------------------------------------------    -------------------
                         (clock rpi_sclk rise edge)
                                                      0.000     0.000 r  
    F4                                                0.000     0.000 r  RPI_SCLK (IN)
                         net (fo=0)                   0.000     0.000    RPI_SCLK
    F4                   IBUF (Prop_ibuf_I_O)         0.240     0.240 r  RPI_SCLK_IBUF_inst/O
                         net (fo=1, routed)           0.644     0.884    gps/spi_sclk
    BUFGCTRL_X0Y17       BUFG (Prop_bufg_I_O)         0.026     0.910 r  gps/ha_clk_bufg/O
                         net (fo=32, routed)          0.593     1.502    gps/ha_clk
    SLICE_X7Y72          FDRE                                         r  gps/ha_disr_reg[1]/C
  -------------------------------------------------------------------    -------------------
    SLICE_X7Y72          FDRE (Prop_fdre_C_Q)         0.141     1.643 r  gps/ha_disr_reg[1]/Q
                         net (fo=1, routed)           0.176     1.820    gps/ha_disr__0[1]
    SLICE_X7Y72          FDRE                                         r  gps/ha_disr_reg[2]/D
  -------------------------------------------------------------------    -------------------

                         (clock rpi_sclk rise edge)
                                                      0.000     0.000 r  
    F4                                                0.000     0.000 r  RPI_SCLK (IN)
                         net (fo=0)                   0.000     0.000    RPI_SCLK
    F4                   IBUF (Prop_ibuf_I_O)         0.427     0.427 r  RPI_SCLK_IBUF_inst/O
                         net (fo=1, routed)           0.699     1.126    gps/spi_sclk
    BUFGCTRL_X0Y17       BUFG (Prop_bufg_I_O)         0.029     1.155 r  gps/ha_clk_bufg/O
                         net (fo=32, routed)          0.861     2.016    gps/ha_clk
    SLICE_X7Y72          FDRE                                         r  gps/ha_disr_reg[2]/C
                         clock pessimism             -0.513     1.502    
    SLICE_X7Y72          FDRE (Hold_fdre_C_D)         0.070     1.572    gps/ha_disr_reg[2]
  -------------------------------------------------------------------
                         required time                         -1.572    
                         arrival time                           1.820    
  -------------------------------------------------------------------
                         slack                                  0.247    





Pulse Width Checks
--------------------------------------------------------------------------------------
Clock Name:         rpi_sclk
Waveform(ns):       { 0.000 50.000 }
Period(ns):         100.000
Sources:            { RPI_SCLK }

Check Type        Corner  Lib Pin             Reference Pin  Required(ns)  Actual(ns)  Slack(ns)  Location        Pin
Min Period        n/a     RAMB18E1/CLKARDCLK  n/a            2.944         100.000     97.056     RAMB18_X0Y28    gps/host_fifo/U0/inst_blk_mem_gen/gnbram.gnativebmg.native_blk_mem_gen/valid.cstr/ramloop[0].ram.r/prim_noinit.ram/DEVICE_7SERIES.NO_BMM_INFO.TRUE_DP.SIMPLE_PRIM18.ram/CLKARDCLK
Min Period        n/a     BUFG/I              n/a            2.155         100.000     97.845     BUFGCTRL_X0Y17  gps/ha_clk_bufg/I
Min Period        n/a     FDRE/C              n/a            1.000         100.000     99.000     SLICE_X5Y74     gps/ha_ack_reg/C
Min Period        n/a     FDCE/C              n/a            1.000         100.000     99.000     SLICE_X7Y68     gps/ha_cnt_reg[0]/C
Min Period        n/a     FDCE/C              n/a            1.000         100.000     99.000     SLICE_X7Y70     gps/ha_cnt_reg[10]/C
Min Period        n/a     FDCE/C              n/a            1.000         100.000     99.000     SLICE_X7Y70     gps/ha_cnt_reg[11]/C
Min Period        n/a     FDCE/C              n/a            1.000         100.000     99.000     SLICE_X7Y71     gps/ha_cnt_reg[12]/C
Min Period        n/a     FDCE/C              n/a            1.000         100.000     99.000     SLICE_X7Y71     gps/ha_cnt_reg[13]/C
Min Period        n/a     FDCE/C              n/a            1.000         100.000     99.000     SLICE_X7Y68     gps/ha_cnt_reg[1]/C
Min Period        n/a     FDCE/C              n/a            1.000         100.000     99.000     SLICE_X7Y68     gps/ha_cnt_reg[2]/C
Low Pulse Width   Slow    SRL16E/CLK          n/a            0.980         50.000      49.020     SLICE_X6Y73     gps/ha_dosr_reg[1]_srl2/CLK
Low Pulse Width   Fast    SRL16E/CLK          n/a            0.980         50.000      49.020     SLICE_X6Y73     gps/ha_dosr_reg[1]_srl2/CLK
Low Pulse Width   Slow    FDRE/C              n/a            0.500         50.000      49.500     SLICE_X5Y74     gps/ha_ack_reg/C
Low Pulse Width   Fast    FDRE/C              n/a            0.500         50.000      49.500     SLICE_X5Y74     gps/ha_ack_reg/C
Low Pulse Width   Slow    FDCE/C              n/a            0.500         50.000      49.500     SLICE_X7Y68     gps/ha_cnt_reg[0]/C
Low Pulse Width   Fast    FDCE/C              n/a            0.500         50.000      49.500     SLICE_X7Y68     gps/ha_cnt_reg[0]/C
Low Pulse Width   Slow    FDCE/C              n/a            0.500         50.000      49.500     SLICE_X7Y70     gps/ha_cnt_reg[10]/C
Low Pulse Width   Fast    FDCE/C              n/a            0.500         50.000      49.500     SLICE_X7Y70     gps/ha_cnt_reg[10]/C
Low Pulse Width   Slow    FDCE/C              n/a            0.500         50.000      49.500     SLICE_X7Y70     gps/ha_cnt_reg[11]/C
Low Pulse Width   Fast    FDCE/C              n/a            0.500         50.000      49.500     SLICE_X7Y70     gps/ha_cnt_reg[11]/C
High Pulse Width  Slow    SRL16E/CLK          n/a            0.980         50.000      49.020     SLICE_X6Y73     gps/ha_dosr_reg[1]_srl2/CLK
High Pulse Width  Fast    SRL16E/CLK          n/a            0.980         50.000      49.020     SLICE_X6Y73     gps/ha_dosr_reg[1]_srl2/CLK
High Pulse Width  Slow    FDRE/C              n/a            0.500         50.000      49.500     SLICE_X5Y74     gps/ha_ack_reg/C
High Pulse Width  Fast    FDRE/C              n/a            0.500         50.000      49.500     SLICE_X5Y74     gps/ha_ack_reg/C
High Pulse Width  Slow    FDCE/C              n/a            0.500         50.000      49.500     SLICE_X7Y68     gps/ha_cnt_reg[0]/C
High Pulse Width  Fast    FDCE/C              n/a            0.500         50.000      49.500     SLICE_X7Y68     gps/ha_cnt_reg[0]/C
High Pulse Width  Slow    FDCE/C              n/a            0.500         50.000      49.500     SLICE_X7Y70     gps/ha_cnt_reg[10]/C
High Pulse Width  Fast    FDCE/C              n/a            0.500         50.000      49.500     SLICE_X7Y70     gps/ha_cnt_reg[10]/C
High Pulse Width  Slow    FDCE/C              n/a            0.500         50.000      49.500     SLICE_X7Y70     gps/ha_cnt_reg[11]/C
High Pulse Width  Fast    FDCE/C              n/a            0.500         50.000      49.500     SLICE_X7Y70     gps/ha_cnt_reg[11]/C



--------------------------------------------------------------------------------------
Path Group:  (none)
From Clock:  rpi_sclk
  To Clock:  clk_out1_clk_wiz_0

Max Delay             1 Endpoint
Min Delay             1 Endpoint
--------------------------------------------------------------------------------------


Max Delay Paths
--------------------------------------------------------------------------------------
Slack:                    inf
  Source:                 gps/ha_ack_reg/C
                            (rising edge-triggered cell FDRE clocked by rpi_sclk  {rise@0.000ns fall@50.000ns period=100.000ns})
  Destination:            gps/hb_ack_reg/D
                            (rising edge-triggered cell FDRE clocked by clk_out1_clk_wiz_0  {rise@0.000ns fall@50.000ns period=100.000ns})
  Path Group:             (none)
  Path Type:              Setup (Max at Slow Process Corner)
  Data Path Delay:        1.131ns  (logic 0.456ns (40.307%)  route 0.675ns (59.693%))
  Logic Levels:           0  
  Clock Path Skew:        -6.731ns (DCD - SCD + CPR)
    Destination Clock Delay (DCD):    -1.434ns
    Source Clock Delay      (SCD):    5.297ns
    Clock Pessimism Removal (CPR):    0.000ns
  Clock Uncertainty:      0.283ns  ((TSJ^2 + DJ^2)^1/2) / 2 + PE
    Total System Jitter     (TSJ):    0.071ns
    Discrete Jitter          (DJ):    0.290ns
    Phase Error              (PE):    0.134ns
  Timing Exception:       Asynchronous Clock Groups

    Location             Delay type                Incr(ns)  Path(ns)    Netlist Resource(s)
  -------------------------------------------------------------------    -------------------
                         (clock rpi_sclk rise edge)
                                                      0.000     0.000 r  
    F4                                                0.000     0.000 r  RPI_SCLK (IN)
                         net (fo=0)                   0.000     0.000    RPI_SCLK
    F4                   IBUF (Prop_ibuf_I_O)         1.472     1.472 r  RPI_SCLK_IBUF_inst/O
                         net (fo=1, routed)           2.025     3.496    gps/spi_sclk
    BUFGCTRL_X0Y17       BUFG (Prop_bufg_I_O)         0.096     3.592 r  gps/ha_clk_bufg/O
                         net (fo=32, routed)          1.704     5.297    gps/ha_clk
    SLICE_X5Y74          FDRE                                         r  gps/ha_ack_reg/C
  -------------------------------------------------------------------    -------------------
    SLICE_X5Y74          FDRE (Prop_fdre_C_Q)         0.456     5.753 r  gps/ha_ack_reg/Q
                         net (fo=4, routed)           0.675     6.428    gps/ha_ack
    SLICE_X6Y74          FDRE                                         r  gps/hb_ack_reg/D
  -------------------------------------------------------------------    -------------------

                         (clock clk_out1_clk_wiz_0 rise edge)
                                                      0.000     0.000 r  
    E3                                                0.000     0.000 r  XCO (IN)
                         net (fo=0)                   0.000     0.000    xco_mmcm/inst/clk_in1
    E3                   IBUF (Prop_ibuf_I_O)         1.411     1.411 r  xco_mmcm/inst/clkin1_ibufg/O
                         net (fo=1, routed)           1.162     2.573    xco_mmcm/inst/clk_in1_clk_wiz_0
    MMCME2_ADV_X1Y2      MMCME2_ADV (Prop_mmcme2_adv_CLKIN1_CLKOUT0)
                                                     -7.324    -4.751 r  xco_mmcm/inst/mmcm_adv_inst/CLKOUT0
                         net (fo=1, routed)           1.639    -3.112    xco_mmcm/inst/clk_out1_clk_wiz_0
    BUFGCTRL_X0Y16       BUFG (Prop_bufg_I_O)         0.091    -3.021 r  xco_mmcm/inst/clkout1_buf/O
                         net (fo=4618, routed)        1.586    -1.434    gps/clk_out1
    SLICE_X6Y74          FDRE                                         r  gps/hb_ack_reg/C





Min Delay Paths
--------------------------------------------------------------------------------------
Slack:                    inf
  Source:                 gps/ha_ack_reg/C
                            (rising edge-triggered cell FDRE clocked by rpi_sclk  {rise@0.000ns fall@50.000ns period=100.000ns})
  Destination:            gps/hb_ack_reg/D
                            (rising edge-triggered cell FDRE clocked by clk_out1_clk_wiz_0  {rise@0.000ns fall@50.000ns period=100.000ns})
  Path Group:             (none)
  Path Type:              Hold (Min at Fast Process Corner)
  Data Path Delay:        0.504ns  (logic 0.141ns (27.959%)  route 0.363ns (72.041%))
  Logic Levels:           0  
  Clock Path Skew:        -2.315ns (DCD - SCD - CPR)
    Destination Clock Delay (DCD):    -0.815ns
    Source Clock Delay      (SCD):    1.499ns
    Clock Pessimism Removal (CPR):    -0.000ns
  Clock Uncertainty:      0.283ns  ((TSJ^2 + DJ^2)^1/2) / 2 + PE
    Total System Jitter     (TSJ):    0.071ns
    Discrete Jitter          (DJ):    0.290ns
    Phase Error              (PE):    0.134ns
  Timing Exception:       Asynchronous Clock Groups

    Location             Delay type                Incr(ns)  Path(ns)    Netlist Resource(s)
  -------------------------------------------------------------------    -------------------
                         (clock rpi_sclk rise edge)
                                                      0.000     0.000 r  
    F4                                                0.000     0.000 r  RPI_SCLK (IN)
                         net (fo=0)                   0.000     0.000    RPI_SCLK
    F4                   IBUF (Prop_ibuf_I_O)         0.240     0.240 r  RPI_SCLK_IBUF_inst/O
                         net (fo=1, routed)           0.644     0.884    gps/spi_sclk
    BUFGCTRL_X0Y17       BUFG (Prop_bufg_I_O)         0.026     0.910 r  gps/ha_clk_bufg/O
                         net (fo=32, routed)          0.590     1.499    gps/ha_clk
    SLICE_X5Y74          FDRE                                         r  gps/ha_ack_reg/C
  -------------------------------------------------------------------    -------------------
    SLICE_X5Y74          FDRE (Prop_fdre_C_Q)         0.141     1.640 r  gps/ha_ack_reg/Q
                         net (fo=4, routed)           0.363     2.004    gps/ha_ack
    SLICE_X6Y74          FDRE                                         r  gps/hb_ack_reg/D
  -------------------------------------------------------------------    -------------------

                         (clock clk_out1_clk_wiz_0 rise edge)
                                                      0.000     0.000 r  
    E3                                                0.000     0.000 r  XCO (IN)
                         net (fo=0)                   0.000     0.000    xco_mmcm/inst/clk_in1
    E3                   IBUF (Prop_ibuf_I_O)         0.438     0.438 r  xco_mmcm/inst/clkin1_ibufg/O
                         net (fo=1, routed)           0.480     0.918    xco_mmcm/inst/clk_in1_clk_wiz_0
    MMCME2_ADV_X1Y2      MMCME2_ADV (Prop_mmcme2_adv_CLKIN1_CLKOUT0)
                                                     -3.163    -2.245 r  xco_mmcm/inst/mmcm_adv_inst/CLKOUT0
                         net (fo=1, routed)           0.544    -1.702    xco_mmcm/inst/clk_out1_clk_wiz_0
    BUFGCTRL_X0Y16       BUFG (Prop_bufg_I_O)         0.029    -1.673 r  xco_mmcm/inst/clkout1_buf/O
                         net (fo=4618, routed)        0.858    -0.815    gps/clk_out1
    SLICE_X6Y74          FDRE                                         r  gps/hb_ack_reg/C





--------------------------------------------------------------------------------------
Path Group:  (none)
From Clock:  clk_out1_clk_wiz_0
  To Clock:  rpi_sclk

Max Delay             1 Endpoint
Min Delay             1 Endpoint
--------------------------------------------------------------------------------------


Max Delay Paths
--------------------------------------------------------------------------------------
Slack:                    inf
  Source:                 gps/hb_rdy_reg/C
                            (rising edge-triggered cell FDRE clocked by clk_out1_clk_wiz_0  {rise@0.000ns fall@50.000ns period=100.000ns})
  Destination:            gps/ha_rdy_reg/D
                            (rising edge-triggered cell FDRE clocked by rpi_sclk  {rise@0.000ns fall@50.000ns period=100.000ns})
  Path Group:             (none)
  Path Type:              Setup (Max at Slow Process Corner)
  Data Path Delay:        1.042ns  (logic 0.518ns (49.694%)  route 0.524ns (50.306%))
  Logic Levels:           0  
  Clock Path Skew:        5.834ns (DCD - SCD + CPR)
    Destination Clock Delay (DCD):    4.999ns
    Source Clock Delay      (SCD):    -0.836ns
    Clock Pessimism Removal (CPR):    0.000ns
  Clock Uncertainty:      0.283ns  ((TSJ^2 + DJ^2)^1/2) / 2 + PE
    Total System Jitter     (TSJ):    0.071ns
    Discrete Jitter          (DJ):    0.290ns
    Phase Error              (PE):    0.134ns
  Timing Exception:       Asynchronous Clock Groups

    Location             Delay type                Incr(ns)  Path(ns)    Netlist Resource(s)
  -------------------------------------------------------------------    -------------------
                         (clock clk_out1_clk_wiz_0 rise edge)
                                                      0.000     0.000 r  
    E3                                                0.000     0.000 r  XCO (IN)
                         net (fo=0)                   0.000     0.000    xco_mmcm/inst/clk_in1
    E3                   IBUF (Prop_ibuf_I_O)         1.482     1.482 r  xco_mmcm/inst/clkin1_ibufg/O
                         net (fo=1, routed)           1.233     2.715    xco_mmcm/inst/clk_in1_clk_wiz_0
    MMCME2_ADV_X1Y2      MMCME2_ADV (Prop_mmcme2_adv_CLKIN1_CLKOUT0)
                                                     -7.070    -4.355 r  xco_mmcm/inst/mmcm_adv_inst/CLKOUT0
                         net (fo=1, routed)           1.719    -2.636    xco_mmcm/inst/clk_out1_clk_wiz_0
    BUFGCTRL_X0Y16       BUFG (Prop_bufg_I_O)         0.096    -2.540 r  xco_mmcm/inst/clkout1_buf/O
                         net (fo=4618, routed)        1.704    -0.836    gps/clk_out1
    SLICE_X6Y74          FDRE                                         r  gps/hb_rdy_reg/C
  -------------------------------------------------------------------    -------------------
    SLICE_X6Y74          FDRE (Prop_fdre_C_Q)         0.518    -0.318 r  gps/hb_rdy_reg/Q
                         net (fo=2, routed)           0.524     0.207    gps/hb_rdy
    SLICE_X5Y74          FDRE                                         r  gps/ha_rdy_reg/D
  -------------------------------------------------------------------    -------------------

                         (clock rpi_sclk rise edge)
                                                      0.000     0.000 r  
    F4                                                0.000     0.000 r  RPI_SCLK (IN)
                         net (fo=0)                   0.000     0.000    RPI_SCLK
    F4                   IBUF (Prop_ibuf_I_O)         1.401     1.401 r  RPI_SCLK_IBUF_inst/O
                         net (fo=1, routed)           1.920     3.321    gps/spi_sclk
    BUFGCTRL_X0Y17       BUFG (Prop_bufg_I_O)         0.091     3.412 r  gps/ha_clk_bufg/O
                         net (fo=32, routed)          1.586     4.999    gps/ha_clk
    SLICE_X5Y74          FDRE                                         r  gps/ha_rdy_reg/C





Min Delay Paths
--------------------------------------------------------------------------------------
Slack:                    inf
  Source:                 gps/hb_rdy_reg/C
                            (rising edge-triggered cell FDRE clocked by clk_out1_clk_wiz_0  {rise@0.000ns fall@50.000ns period=100.000ns})
  Destination:            gps/ha_rdy_reg/D
                            (rising edge-triggered cell FDRE clocked by rpi_sclk  {rise@0.000ns fall@50.000ns period=100.000ns})
  Path Group:             (none)
  Path Type:              Hold (Min at Slow Process Corner)
  Data Path Delay:        0.859ns  (logic 0.418ns (48.640%)  route 0.441ns (51.360%))
  Logic Levels:           0  
  Clock Path Skew:        6.731ns (DCD - SCD - CPR)
    Destination Clock Delay (DCD):    5.297ns
    Source Clock Delay      (SCD):    -1.434ns
    Clock Pessimism Removal (CPR):    -0.000ns
  Clock Uncertainty:      0.283ns  ((TSJ^2 + DJ^2)^1/2) / 2 + PE
    Total System Jitter     (TSJ):    0.071ns
    Discrete Jitter          (DJ):    0.290ns
    Phase Error              (PE):    0.134ns
  Timing Exception:       Asynchronous Clock Groups

    Location             Delay type                Incr(ns)  Path(ns)    Netlist Resource(s)
  -------------------------------------------------------------------    -------------------
                         (clock clk_out1_clk_wiz_0 rise edge)
                                                      0.000     0.000 r  
    E3                                                0.000     0.000 r  XCO (IN)
                         net (fo=0)                   0.000     0.000    xco_mmcm/inst/clk_in1
    E3                   IBUF (Prop_ibuf_I_O)         1.411     1.411 r  xco_mmcm/inst/clkin1_ibufg/O
                         net (fo=1, routed)           1.162     2.573    xco_mmcm/inst/clk_in1_clk_wiz_0
    MMCME2_ADV_X1Y2      MMCME2_ADV (Prop_mmcme2_adv_CLKIN1_CLKOUT0)
                                                     -7.324    -4.751 r  xco_mmcm/inst/mmcm_adv_inst/CLKOUT0
                         net (fo=1, routed)           1.639    -3.112    xco_mmcm/inst/clk_out1_clk_wiz_0
    BUFGCTRL_X0Y16       BUFG (Prop_bufg_I_O)         0.091    -3.021 r  xco_mmcm/inst/clkout1_buf/O
                         net (fo=4618, routed)        1.586    -1.434    gps/clk_out1
    SLICE_X6Y74          FDRE                                         r  gps/hb_rdy_reg/C
  -------------------------------------------------------------------    -------------------
    SLICE_X6Y74          FDRE (Prop_fdre_C_Q)         0.418    -1.016 r  gps/hb_rdy_reg/Q
                         net (fo=2, routed)           0.441    -0.575    gps/hb_rdy
    SLICE_X5Y74          FDRE                                         r  gps/ha_rdy_reg/D
  -------------------------------------------------------------------    -------------------

                         (clock rpi_sclk rise edge)
                                                      0.000     0.000 r  
    F4                                                0.000     0.000 r  RPI_SCLK (IN)
                         net (fo=0)                   0.000     0.000    RPI_SCLK
    F4                   IBUF (Prop_ibuf_I_O)         1.472     1.472 r  RPI_SCLK_IBUF_inst/O
                         net (fo=1, routed)           2.025     3.496    gps/spi_sclk
    BUFGCTRL_X0Y17       BUFG (Prop_bufg_I_O)         0.096     3.592 r  gps/ha_clk_bufg/O
                         net (fo=32, routed)          1.704     5.297    gps/ha_clk
    SLICE_X5Y74          FDRE                                         r  gps/ha_rdy_reg/C





--------------------------------------------------------------------------------------
Path Group:  (none)
From Clock:  
  To Clock:  

Max Delay             1 Endpoint
Min Delay             1 Endpoint
--------------------------------------------------------------------------------------


Max Delay Paths
--------------------------------------------------------------------------------------
Slack:                    inf
  Source:                 RPI_CS_N[1]
                            (input port)
  Destination:            RPI_MISO
                            (output port)
  Path Group:             (none)
  Path Type:              Max at Slow Process Corner
  Data Path Delay:        8.799ns  (logic 5.881ns (66.830%)  route 2.919ns (33.170%))
  Logic Levels:           3  (IBUF=1 LUT2=1 OBUFT=1)

    Location             Delay type                Incr(ns)  Path(ns)    Netlist Resource(s)
  -------------------------------------------------------------------    -------------------
    D3                                                0.000     0.000 f  RPI_CS_N[1] (IN)
                         net (fo=0)                   0.000     0.000    RPI_CS_N[1]
    D3                   IBUF (Prop_ibuf_I_O)         1.481     1.481 f  RPI_CS_N_IBUF[1]_inst/O
                         net (fo=3, routed)           1.299     2.780    RPI_CS_N_IBUF[1]
    SLICE_X89Y122        LUT2 (Prop_lut2_I1_O)        0.124     2.904 f  RPI_MISO_OBUFT_inst_i_1/O
                         net (fo=1, routed)           1.619     4.524    RPI_MISO_TRI
    E2                   OBUFT (TriStatE_obuft_T_O)
                                                      4.276     8.799 r  RPI_MISO_OBUFT_inst/O
                         net (fo=0)                   0.000     8.799    RPI_MISO
    E2                                                                r  RPI_MISO (OUT)
  -------------------------------------------------------------------    -------------------





Min Delay Paths
--------------------------------------------------------------------------------------
Slack:                    inf
  Source:                 RPI_CS_N[0]
                            (input port)
  Destination:            RPI_MISO
                            (output port)
  Path Group:             (none)
  Path Type:              Min at Fast Process Corner
  Data Path Delay:        2.164ns  (logic 1.137ns (52.552%)  route 1.027ns (47.448%))
  Logic Levels:           3  (IBUF=1 LUT2=1 OBUFT=1)

    Location             Delay type                Incr(ns)  Path(ns)    Netlist Resource(s)
  -------------------------------------------------------------------    -------------------
    D4                                                0.000     0.000 r  RPI_CS_N[0] (IN)
                         net (fo=0)                   0.000     0.000    RPI_CS_N[0]
    D4                   IBUF (Prop_ibuf_I_O)         0.268     0.268 r  RPI_CS_N_IBUF[0]_inst/O
                         net (fo=4, routed)           0.452     0.720    RPI_CS_N_IBUF[0]
    SLICE_X89Y122        LUT2 (Prop_lut2_I0_O)        0.045     0.765 r  RPI_MISO_OBUFT_inst_i_1/O
                         net (fo=1, routed)           0.574     1.340    RPI_MISO_TRI
    E2                   OBUFT (TriStatD_obuft_T_O)
                                                      0.824     2.164 r  RPI_MISO_OBUFT_inst/O
                         net (fo=0)                   0.000     2.164    RPI_MISO
    E2                                                                r  RPI_MISO (OUT)
  -------------------------------------------------------------------    -------------------





--------------------------------------------------------------------------------------
Path Group:  (none)
From Clock:  clk_out1_clk_wiz_0
  To Clock:  

Max Delay             9 Endpoints
Min Delay             9 Endpoints
--------------------------------------------------------------------------------------


Max Delay Paths
--------------------------------------------------------------------------------------
Slack:                    inf
  Source:                 gps/lcd_reg[4]/C
                            (rising edge-triggered cell FDRE clocked by clk_out1_clk_wiz_0  {rise@0.000ns fall@50.000ns period=100.000ns})
  Destination:            LCD_EN
                            (output port)
  Path Group:             (none)
  Path Type:              Max at Slow Process Corner
  Data Path Delay:        7.927ns  (logic 4.021ns (50.721%)  route 3.906ns (49.279%))
  Logic Levels:           1  (OBUF=1)
  Clock Uncertainty:      0.281ns  ((TSJ^2 + DJ^2)^1/2) / 2 + PE
    Total System Jitter     (TSJ):    0.050ns
    Discrete Jitter          (DJ):    0.290ns
    Phase Error              (PE):    0.134ns

    Location             Delay type                Incr(ns)  Path(ns)    Netlist Resource(s)
  -------------------------------------------------------------------    -------------------
                         (clock clk_out1_clk_wiz_0 rise edge)
                                                      0.000     0.000 r  
    E3                                                0.000     0.000 r  XCO (IN)
                         net (fo=0)                   0.000     0.000    xco_mmcm/inst/clk_in1
    E3                   IBUF (Prop_ibuf_I_O)         1.482     1.482 r  xco_mmcm/inst/clkin1_ibufg/O
                         net (fo=1, routed)           1.233     2.715    xco_mmcm/inst/clk_in1_clk_wiz_0
    MMCME2_ADV_X1Y2      MMCME2_ADV (Prop_mmcme2_adv_CLKIN1_CLKOUT0)
                                                     -7.070    -4.355 r  xco_mmcm/inst/mmcm_adv_inst/CLKOUT0
                         net (fo=1, routed)           1.719    -2.636    xco_mmcm/inst/clk_out1_clk_wiz_0
    BUFGCTRL_X0Y16       BUFG (Prop_bufg_I_O)         0.096    -2.540 r  xco_mmcm/inst/clkout1_buf/O
                         net (fo=4618, routed)        1.711    -0.829    gps/clk_out1
    SLICE_X0Y78          FDRE                                         r  gps/lcd_reg[4]/C
  -------------------------------------------------------------------    -------------------
    SLICE_X0Y78          FDRE (Prop_fdre_C_Q)         0.456    -0.373 r  gps/lcd_reg[4]/Q
                         net (fo=1, routed)           3.906     3.533    LCD_EN_OBUF
    B11                  OBUF (Prop_obuf_I_O)         3.565     7.098 r  LCD_EN_OBUF_inst/O
                         net (fo=0)                   0.000     7.098    LCD_EN
    B11                                                               r  LCD_EN (OUT)
  -------------------------------------------------------------------    -------------------

Slack:                    inf
  Source:                 gps/lcd_reg[5]/C
                            (rising edge-triggered cell FDRE clocked by clk_out1_clk_wiz_0  {rise@0.000ns fall@50.000ns period=100.000ns})
  Destination:            LCD_RS
                            (output port)
  Path Group:             (none)
  Path Type:              Max at Slow Process Corner
  Data Path Delay:        7.845ns  (logic 3.986ns (50.806%)  route 3.859ns (49.194%))
  Logic Levels:           1  (OBUF=1)
  Clock Uncertainty:      0.281ns  ((TSJ^2 + DJ^2)^1/2) / 2 + PE
    Total System Jitter     (TSJ):    0.050ns
    Discrete Jitter          (DJ):    0.290ns
    Phase Error              (PE):    0.134ns

    Location             Delay type                Incr(ns)  Path(ns)    Netlist Resource(s)
  -------------------------------------------------------------------    -------------------
                         (clock clk_out1_clk_wiz_0 rise edge)
                                                      0.000     0.000 r  
    E3                                                0.000     0.000 r  XCO (IN)
                         net (fo=0)                   0.000     0.000    xco_mmcm/inst/clk_in1
    E3                   IBUF (Prop_ibuf_I_O)         1.482     1.482 r  xco_mmcm/inst/clkin1_ibufg/O
                         net (fo=1, routed)           1.233     2.715    xco_mmcm/inst/clk_in1_clk_wiz_0
    MMCME2_ADV_X1Y2      MMCME2_ADV (Prop_mmcme2_adv_CLKIN1_CLKOUT0)
                                                     -7.070    -4.355 r  xco_mmcm/inst/mmcm_adv_inst/CLKOUT0
                         net (fo=1, routed)           1.719    -2.636    xco_mmcm/inst/clk_out1_clk_wiz_0
    BUFGCTRL_X0Y16       BUFG (Prop_bufg_I_O)         0.096    -2.540 r  xco_mmcm/inst/clkout1_buf/O
                         net (fo=4618, routed)        1.711    -0.829    gps/clk_out1
    SLICE_X0Y78          FDRE                                         r  gps/lcd_reg[5]/C
  -------------------------------------------------------------------    -------------------
    SLICE_X0Y78          FDRE (Prop_fdre_C_Q)         0.456    -0.373 r  gps/lcd_reg[5]/Q
                         net (fo=1, routed)           3.859     3.486    LCD_RS_OBUF
    G13                  OBUF (Prop_obuf_I_O)         3.530     7.016 r  LCD_RS_OBUF_inst/O
                         net (fo=0)                   0.000     7.016    LCD_RS
    G13                                                               r  LCD_RS (OUT)
  -------------------------------------------------------------------    -------------------

Slack:                    inf
  Source:                 gps/lcd_reg[1]/C
                            (rising edge-triggered cell FDRE clocked by clk_out1_clk_wiz_0  {rise@0.000ns fall@50.000ns period=100.000ns})
  Destination:            LCD_D[5]
                            (output port)
  Path Group:             (none)
  Path Type:              Max at Slow Process Corner
  Data Path Delay:        7.526ns  (logic 4.007ns (53.240%)  route 3.519ns (46.760%))
  Logic Levels:           1  (OBUF=1)
  Clock Uncertainty:      0.281ns  ((TSJ^2 + DJ^2)^1/2) / 2 + PE
    Total System Jitter     (TSJ):    0.050ns
    Discrete Jitter          (DJ):    0.290ns
    Phase Error              (PE):    0.134ns

    Location             Delay type                Incr(ns)  Path(ns)    Netlist Resource(s)
  -------------------------------------------------------------------    -------------------
                         (clock clk_out1_clk_wiz_0 rise edge)
                                                      0.000     0.000 r  
    E3                                                0.000     0.000 r  XCO (IN)
                         net (fo=0)                   0.000     0.000    xco_mmcm/inst/clk_in1
    E3                   IBUF (Prop_ibuf_I_O)         1.482     1.482 r  xco_mmcm/inst/clkin1_ibufg/O
                         net (fo=1, routed)           1.233     2.715    xco_mmcm/inst/clk_in1_clk_wiz_0
    MMCME2_ADV_X1Y2      MMCME2_ADV (Prop_mmcme2_adv_CLKIN1_CLKOUT0)
                                                     -7.070    -4.355 r  xco_mmcm/inst/mmcm_adv_inst/CLKOUT0
                         net (fo=1, routed)           1.719    -2.636    xco_mmcm/inst/clk_out1_clk_wiz_0
    BUFGCTRL_X0Y16       BUFG (Prop_bufg_I_O)         0.096    -2.540 r  xco_mmcm/inst/clkout1_buf/O
                         net (fo=4618, routed)        1.711    -0.829    gps/clk_out1
    SLICE_X1Y78          FDRE                                         r  gps/lcd_reg[1]/C
  -------------------------------------------------------------------    -------------------
    SLICE_X1Y78          FDRE (Prop_fdre_C_Q)         0.456    -0.373 r  gps/lcd_reg[1]/Q
                         net (fo=1, routed)           3.519     3.146    LCD_D_OBUF[5]
    D12                  OBUF (Prop_obuf_I_O)         3.551     6.697 r  LCD_D_OBUF[5]_inst/O
                         net (fo=0)                   0.000     6.697    LCD_D[5]
    D12                                                               r  LCD_D[5] (OUT)
  -------------------------------------------------------------------    -------------------

Slack:                    inf
  Source:                 gps/lcd_reg[3]/C
                            (rising edge-triggered cell FDRE clocked by clk_out1_clk_wiz_0  {rise@0.000ns fall@50.000ns period=100.000ns})
  Destination:            LCD_D[7]
                            (output port)
  Path Group:             (none)
  Path Type:              Max at Slow Process Corner
  Data Path Delay:        7.473ns  (logic 4.009ns (53.651%)  route 3.464ns (46.349%))
  Logic Levels:           1  (OBUF=1)
  Clock Uncertainty:      0.281ns  ((TSJ^2 + DJ^2)^1/2) / 2 + PE
    Total System Jitter     (TSJ):    0.050ns
    Discrete Jitter          (DJ):    0.290ns
    Phase Error              (PE):    0.134ns

    Location             Delay type                Incr(ns)  Path(ns)    Netlist Resource(s)
  -------------------------------------------------------------------    -------------------
                         (clock clk_out1_clk_wiz_0 rise edge)
                                                      0.000     0.000 r  
    E3                                                0.000     0.000 r  XCO (IN)
                         net (fo=0)                   0.000     0.000    xco_mmcm/inst/clk_in1
    E3                   IBUF (Prop_ibuf_I_O)         1.482     1.482 r  xco_mmcm/inst/clkin1_ibufg/O
                         net (fo=1, routed)           1.233     2.715    xco_mmcm/inst/clk_in1_clk_wiz_0
    MMCME2_ADV_X1Y2      MMCME2_ADV (Prop_mmcme2_adv_CLKIN1_CLKOUT0)
                                                     -7.070    -4.355 r  xco_mmcm/inst/mmcm_adv_inst/CLKOUT0
                         net (fo=1, routed)           1.719    -2.636    xco_mmcm/inst/clk_out1_clk_wiz_0
    BUFGCTRL_X0Y16       BUFG (Prop_bufg_I_O)         0.096    -2.540 r  xco_mmcm/inst/clkout1_buf/O
                         net (fo=4618, routed)        1.711    -0.829    gps/clk_out1
    SLICE_X0Y78          FDRE                                         r  gps/lcd_reg[3]/C
  -------------------------------------------------------------------    -------------------
    SLICE_X0Y78          FDRE (Prop_fdre_C_Q)         0.456    -0.373 r  gps/lcd_reg[3]/Q
                         net (fo=1, routed)           3.464     3.091    LCD_D_OBUF[7]
    B18                  OBUF (Prop_obuf_I_O)         3.553     6.644 r  LCD_D_OBUF[7]_inst/O
                         net (fo=0)                   0.000     6.644    LCD_D[7]
    B18                                                               r  LCD_D[7] (OUT)
  -------------------------------------------------------------------    -------------------

Slack:                    inf
  Source:                 gps/lcd_reg[2]/C
                            (rising edge-triggered cell FDRE clocked by clk_out1_clk_wiz_0  {rise@0.000ns fall@50.000ns period=100.000ns})
  Destination:            LCD_D[6]
                            (output port)
  Path Group:             (none)
  Path Type:              Max at Slow Process Corner
  Data Path Delay:        7.253ns  (logic 3.999ns (55.141%)  route 3.253ns (44.859%))
  Logic Levels:           1  (OBUF=1)
  Clock Uncertainty:      0.281ns  ((TSJ^2 + DJ^2)^1/2) / 2 + PE
    Total System Jitter     (TSJ):    0.050ns
    Discrete Jitter          (DJ):    0.290ns
    Phase Error              (PE):    0.134ns

    Location             Delay type                Incr(ns)  Path(ns)    Netlist Resource(s)
  -------------------------------------------------------------------    -------------------
                         (clock clk_out1_clk_wiz_0 rise edge)
                                                      0.000     0.000 r  
    E3                                                0.000     0.000 r  XCO (IN)
                         net (fo=0)                   0.000     0.000    xco_mmcm/inst/clk_in1
    E3                   IBUF (Prop_ibuf_I_O)         1.482     1.482 r  xco_mmcm/inst/clkin1_ibufg/O
                         net (fo=1, routed)           1.233     2.715    xco_mmcm/inst/clk_in1_clk_wiz_0
    MMCME2_ADV_X1Y2      MMCME2_ADV (Prop_mmcme2_adv_CLKIN1_CLKOUT0)
                                                     -7.070    -4.355 r  xco_mmcm/inst/mmcm_adv_inst/CLKOUT0
                         net (fo=1, routed)           1.719    -2.636    xco_mmcm/inst/clk_out1_clk_wiz_0
    BUFGCTRL_X0Y16       BUFG (Prop_bufg_I_O)         0.096    -2.540 r  xco_mmcm/inst/clkout1_buf/O
                         net (fo=4618, routed)        1.711    -0.829    gps/clk_out1
    SLICE_X0Y78          FDRE                                         r  gps/lcd_reg[2]/C
  -------------------------------------------------------------------    -------------------
    SLICE_X0Y78          FDRE (Prop_fdre_C_Q)         0.456    -0.373 r  gps/lcd_reg[2]/Q
                         net (fo=1, routed)           3.253     2.881    LCD_D_OBUF[6]
    D13                  OBUF (Prop_obuf_I_O)         3.543     6.424 r  LCD_D_OBUF[6]_inst/O
                         net (fo=0)                   0.000     6.424    LCD_D[6]
    D13                                                               r  LCD_D[6] (OUT)
  -------------------------------------------------------------------    -------------------

Slack:                    inf
  Source:                 gps/lcd_reg[0]/C
                            (rising edge-triggered cell FDRE clocked by clk_out1_clk_wiz_0  {rise@0.000ns fall@50.000ns period=100.000ns})
  Destination:            LCD_D[4]
                            (output port)
  Path Group:             (none)
  Path Type:              Max at Slow Process Corner
  Data Path Delay:        7.167ns  (logic 4.022ns (56.119%)  route 3.145ns (43.881%))
  Logic Levels:           1  (OBUF=1)
  Clock Uncertainty:      0.281ns  ((TSJ^2 + DJ^2)^1/2) / 2 + PE
    Total System Jitter     (TSJ):    0.050ns
    Discrete Jitter          (DJ):    0.290ns
    Phase Error              (PE):    0.134ns

    Location             Delay type                Incr(ns)  Path(ns)    Netlist Resource(s)
  -------------------------------------------------------------------    -------------------
                         (clock clk_out1_clk_wiz_0 rise edge)
                                                      0.000     0.000 r  
    E3                                                0.000     0.000 r  XCO (IN)
                         net (fo=0)                   0.000     0.000    xco_mmcm/inst/clk_in1
    E3                   IBUF (Prop_ibuf_I_O)         1.482     1.482 r  xco_mmcm/inst/clkin1_ibufg/O
                         net (fo=1, routed)           1.233     2.715    xco_mmcm/inst/clk_in1_clk_wiz_0
    MMCME2_ADV_X1Y2      MMCME2_ADV (Prop_mmcme2_adv_CLKIN1_CLKOUT0)
                                                     -7.070    -4.355 r  xco_mmcm/inst/mmcm_adv_inst/CLKOUT0
                         net (fo=1, routed)           1.719    -2.636    xco_mmcm/inst/clk_out1_clk_wiz_0
    BUFGCTRL_X0Y16       BUFG (Prop_bufg_I_O)         0.096    -2.540 r  xco_mmcm/inst/clkout1_buf/O
                         net (fo=4618, routed)        1.711    -0.829    gps/clk_out1
    SLICE_X1Y78          FDRE                                         r  gps/lcd_reg[0]/C
  -------------------------------------------------------------------    -------------------
    SLICE_X1Y78          FDRE (Prop_fdre_C_Q)         0.456    -0.373 r  gps/lcd_reg[0]/Q
                         net (fo=1, routed)           3.145     2.772    LCD_D_OBUF[4]
    A11                  OBUF (Prop_obuf_I_O)         3.566     6.339 r  LCD_D_OBUF[4]_inst/O
                         net (fo=0)                   0.000     6.339    LCD_D[4]
    A11                                                               r  LCD_D[4] (OUT)
  -------------------------------------------------------------------    -------------------

Slack:                    inf
  Source:                 gps/dac_reg[2]/C
                            (rising edge-triggered cell FDRE clocked by clk_out1_clk_wiz_0  {rise@0.000ns fall@50.000ns period=100.000ns})
  Destination:            DAC_MOSI
                            (output port)
  Path Group:             (none)
  Path Type:              Max at Slow Process Corner
  Data Path Delay:        5.752ns  (logic 4.035ns (70.149%)  route 1.717ns (29.851%))
  Logic Levels:           1  (OBUF=1)
  Clock Uncertainty:      0.281ns  ((TSJ^2 + DJ^2)^1/2) / 2 + PE
    Total System Jitter     (TSJ):    0.050ns
    Discrete Jitter          (DJ):    0.290ns
    Phase Error              (PE):    0.134ns

    Location             Delay type                Incr(ns)  Path(ns)    Netlist Resource(s)
  -------------------------------------------------------------------    -------------------
                         (clock clk_out1_clk_wiz_0 rise edge)
                                                      0.000     0.000 r  
    E3                                                0.000     0.000 r  XCO (IN)
                         net (fo=0)                   0.000     0.000    xco_mmcm/inst/clk_in1
    E3                   IBUF (Prop_ibuf_I_O)         1.482     1.482 r  xco_mmcm/inst/clkin1_ibufg/O
                         net (fo=1, routed)           1.233     2.715    xco_mmcm/inst/clk_in1_clk_wiz_0
    MMCME2_ADV_X1Y2      MMCME2_ADV (Prop_mmcme2_adv_CLKIN1_CLKOUT0)
                                                     -7.070    -4.355 r  xco_mmcm/inst/mmcm_adv_inst/CLKOUT0
                         net (fo=1, routed)           1.719    -2.636    xco_mmcm/inst/clk_out1_clk_wiz_0
    BUFGCTRL_X0Y16       BUFG (Prop_bufg_I_O)         0.096    -2.540 r  xco_mmcm/inst/clkout1_buf/O
                         net (fo=4618, routed)        1.721    -0.819    gps/clk_out1
    SLICE_X0Y62          FDRE                                         r  gps/dac_reg[2]/C
  -------------------------------------------------------------------    -------------------
    SLICE_X0Y62          FDRE (Prop_fdre_C_Q)         0.456    -0.363 r  gps/dac_reg[2]/Q
                         net (fo=1, routed)           1.717     1.354    DAC_MOSI_OBUF
    V10                  OBUF (Prop_obuf_I_O)         3.579     4.933 r  DAC_MOSI_OBUF_inst/O
                         net (fo=0)                   0.000     4.933    DAC_MOSI
    V10                                                               r  DAC_MOSI (OUT)
  -------------------------------------------------------------------    -------------------

Slack:                    inf
  Source:                 gps/dac_reg[0]/C
                            (rising edge-triggered cell FDSE clocked by clk_out1_clk_wiz_0  {rise@0.000ns fall@50.000ns period=100.000ns})
  Destination:            DAC_CS_N
                            (output port)
  Path Group:             (none)
  Path Type:              Max at Slow Process Corner
  Data Path Delay:        5.746ns  (logic 4.008ns (69.757%)  route 1.738ns (30.243%))
  Logic Levels:           1  (OBUF=1)
  Clock Uncertainty:      0.281ns  ((TSJ^2 + DJ^2)^1/2) / 2 + PE
    Total System Jitter     (TSJ):    0.050ns
    Discrete Jitter          (DJ):    0.290ns
    Phase Error              (PE):    0.134ns

    Location             Delay type                Incr(ns)  Path(ns)    Netlist Resource(s)
  -------------------------------------------------------------------    -------------------
                         (clock clk_out1_clk_wiz_0 rise edge)
                                                      0.000     0.000 r  
    E3                                                0.000     0.000 r  XCO (IN)
                         net (fo=0)                   0.000     0.000    xco_mmcm/inst/clk_in1
    E3                   IBUF (Prop_ibuf_I_O)         1.482     1.482 r  xco_mmcm/inst/clkin1_ibufg/O
                         net (fo=1, routed)           1.233     2.715    xco_mmcm/inst/clk_in1_clk_wiz_0
    MMCME2_ADV_X1Y2      MMCME2_ADV (Prop_mmcme2_adv_CLKIN1_CLKOUT0)
                                                     -7.070    -4.355 r  xco_mmcm/inst/mmcm_adv_inst/CLKOUT0
                         net (fo=1, routed)           1.719    -2.636    xco_mmcm/inst/clk_out1_clk_wiz_0
    BUFGCTRL_X0Y16       BUFG (Prop_bufg_I_O)         0.096    -2.540 r  xco_mmcm/inst/clkout1_buf/O
                         net (fo=4618, routed)        1.721    -0.819    gps/clk_out1
    SLICE_X0Y62          FDSE                                         r  gps/dac_reg[0]/C
  -------------------------------------------------------------------    -------------------
    SLICE_X0Y62          FDSE (Prop_fdse_C_Q)         0.456    -0.363 r  gps/dac_reg[0]/Q
                         net (fo=1, routed)           1.738     1.375    DAC_CS_N_OBUF
    U14                  OBUF (Prop_obuf_I_O)         3.552     4.928 r  DAC_CS_N_OBUF_inst/O
                         net (fo=0)                   0.000     4.928    DAC_CS_N
    U14                                                               r  DAC_CS_N (OUT)
  -------------------------------------------------------------------    -------------------

Slack:                    inf
  Source:                 gps/dac_reg[1]/C
                            (rising edge-triggered cell FDRE clocked by clk_out1_clk_wiz_0  {rise@0.000ns fall@50.000ns period=100.000ns})
  Destination:            DAC_SCLK
                            (output port)
  Path Group:             (none)
  Path Type:              Max at Slow Process Corner
  Data Path Delay:        5.740ns  (logic 4.025ns (70.116%)  route 1.715ns (29.884%))
  Logic Levels:           1  (OBUF=1)
  Clock Uncertainty:      0.281ns  ((TSJ^2 + DJ^2)^1/2) / 2 + PE
    Total System Jitter     (TSJ):    0.050ns
    Discrete Jitter          (DJ):    0.290ns
    Phase Error              (PE):    0.134ns

    Location             Delay type                Incr(ns)  Path(ns)    Netlist Resource(s)
  -------------------------------------------------------------------    -------------------
                         (clock clk_out1_clk_wiz_0 rise edge)
                                                      0.000     0.000 r  
    E3                                                0.000     0.000 r  XCO (IN)
                         net (fo=0)                   0.000     0.000    xco_mmcm/inst/clk_in1
    E3                   IBUF (Prop_ibuf_I_O)         1.482     1.482 r  xco_mmcm/inst/clkin1_ibufg/O
                         net (fo=1, routed)           1.233     2.715    xco_mmcm/inst/clk_in1_clk_wiz_0
    MMCME2_ADV_X1Y2      MMCME2_ADV (Prop_mmcme2_adv_CLKIN1_CLKOUT0)
                                                     -7.070    -4.355 r  xco_mmcm/inst/mmcm_adv_inst/CLKOUT0
                         net (fo=1, routed)           1.719    -2.636    xco_mmcm/inst/clk_out1_clk_wiz_0
    BUFGCTRL_X0Y16       BUFG (Prop_bufg_I_O)         0.096    -2.540 r  xco_mmcm/inst/clkout1_buf/O
                         net (fo=4618, routed)        1.721    -0.819    gps/clk_out1
    SLICE_X0Y62          FDRE                                         r  gps/dac_reg[1]/C
  -------------------------------------------------------------------    -------------------
    SLICE_X0Y62          FDRE (Prop_fdre_C_Q)         0.456    -0.363 r  gps/dac_reg[1]/Q
                         net (fo=1, routed)           1.715     1.353    DAC_SCLK_OBUF
    V11                  OBUF (Prop_obuf_I_O)         3.569     4.922 r  DAC_SCLK_OBUF_inst/O
                         net (fo=0)                   0.000     4.922    DAC_SCLK
    V11                                                               r  DAC_SCLK (OUT)
  -------------------------------------------------------------------    -------------------





Min Delay Paths
--------------------------------------------------------------------------------------
Slack:                    inf
  Source:                 gps/dac_reg[0]/C
                            (rising edge-triggered cell FDSE clocked by clk_out1_clk_wiz_0  {rise@0.000ns fall@50.000ns period=100.000ns})
  Destination:            DAC_CS_N
                            (output port)
  Path Group:             (none)
  Path Type:              Min at Fast Process Corner
  Data Path Delay:        1.766ns  (logic 1.394ns (78.944%)  route 0.372ns (21.056%))
  Logic Levels:           1  (OBUF=1)
  Clock Uncertainty:      0.281ns  ((TSJ^2 + DJ^2)^1/2) / 2 + PE
    Total System Jitter     (TSJ):    0.050ns
    Discrete Jitter          (DJ):    0.290ns
    Phase Error              (PE):    0.134ns

    Location             Delay type                Incr(ns)  Path(ns)    Netlist Resource(s)
  -------------------------------------------------------------------    -------------------
                         (clock clk_out1_clk_wiz_0 rise edge)
                                                      0.000     0.000 r  
    E3                                                0.000     0.000 r  XCO (IN)
                         net (fo=0)                   0.000     0.000    xco_mmcm/inst/clk_in1
    E3                   IBUF (Prop_ibuf_I_O)         0.250     0.250 r  xco_mmcm/inst/clkin1_ibufg/O
                         net (fo=1, routed)           0.440     0.690    xco_mmcm/inst/clk_in1_clk_wiz_0
    MMCME2_ADV_X1Y2      MMCME2_ADV (Prop_mmcme2_adv_CLKIN1_CLKOUT0)
                                                     -2.379    -1.689 r  xco_mmcm/inst/mmcm_adv_inst/CLKOUT0
                         net (fo=1, routed)           0.499    -1.190    xco_mmcm/inst/clk_out1_clk_wiz_0
    BUFGCTRL_X0Y16       BUFG (Prop_bufg_I_O)         0.026    -1.164 r  xco_mmcm/inst/clkout1_buf/O
                         net (fo=4618, routed)        0.601    -0.563    gps/clk_out1
    SLICE_X0Y62          FDSE                                         r  gps/dac_reg[0]/C
  -------------------------------------------------------------------    -------------------
    SLICE_X0Y62          FDSE (Prop_fdse_C_Q)         0.141    -0.422 r  gps/dac_reg[0]/Q
                         net (fo=1, routed)           0.372    -0.050    DAC_CS_N_OBUF
    U14                  OBUF (Prop_obuf_I_O)         1.253     1.203 r  DAC_CS_N_OBUF_inst/O
                         net (fo=0)                   0.000     1.203    DAC_CS_N
    U14                                                               r  DAC_CS_N (OUT)
  -------------------------------------------------------------------    -------------------

Slack:                    inf
  Source:                 gps/dac_reg[1]/C
                            (rising edge-triggered cell FDRE clocked by clk_out1_clk_wiz_0  {rise@0.000ns fall@50.000ns period=100.000ns})
  Destination:            DAC_SCLK
                            (output port)
  Path Group:             (none)
  Path Type:              Min at Fast Process Corner
  Data Path Delay:        1.770ns  (logic 1.410ns (79.691%)  route 0.359ns (20.309%))
  Logic Levels:           1  (OBUF=1)
  Clock Uncertainty:      0.281ns  ((TSJ^2 + DJ^2)^1/2) / 2 + PE
    Total System Jitter     (TSJ):    0.050ns
    Discrete Jitter          (DJ):    0.290ns
    Phase Error              (PE):    0.134ns

    Location             Delay type                Incr(ns)  Path(ns)    Netlist Resource(s)
  -------------------------------------------------------------------    -------------------
                         (clock clk_out1_clk_wiz_0 rise edge)
                                                      0.000     0.000 r  
    E3                                                0.000     0.000 r  XCO (IN)
                         net (fo=0)                   0.000     0.000    xco_mmcm/inst/clk_in1
    E3                   IBUF (Prop_ibuf_I_O)         0.250     0.250 r  xco_mmcm/inst/clkin1_ibufg/O
                         net (fo=1, routed)           0.440     0.690    xco_mmcm/inst/clk_in1_clk_wiz_0
    MMCME2_ADV_X1Y2      MMCME2_ADV (Prop_mmcme2_adv_CLKIN1_CLKOUT0)
                                                     -2.379    -1.689 r  xco_mmcm/inst/mmcm_adv_inst/CLKOUT0
                         net (fo=1, routed)           0.499    -1.190    xco_mmcm/inst/clk_out1_clk_wiz_0
    BUFGCTRL_X0Y16       BUFG (Prop_bufg_I_O)         0.026    -1.164 r  xco_mmcm/inst/clkout1_buf/O
                         net (fo=4618, routed)        0.601    -0.563    gps/clk_out1
    SLICE_X0Y62          FDRE                                         r  gps/dac_reg[1]/C
  -------------------------------------------------------------------    -------------------
    SLICE_X0Y62          FDRE (Prop_fdre_C_Q)         0.141    -0.422 r  gps/dac_reg[1]/Q
                         net (fo=1, routed)           0.359    -0.063    DAC_SCLK_OBUF
    V11                  OBUF (Prop_obuf_I_O)         1.269     1.207 r  DAC_SCLK_OBUF_inst/O
                         net (fo=0)                   0.000     1.207    DAC_SCLK
    V11                                                               r  DAC_SCLK (OUT)
  -------------------------------------------------------------------    -------------------

Slack:                    inf
  Source:                 gps/dac_reg[2]/C
                            (rising edge-triggered cell FDRE clocked by clk_out1_clk_wiz_0  {rise@0.000ns fall@50.000ns period=100.000ns})
  Destination:            DAC_MOSI
                            (output port)
  Path Group:             (none)
  Path Type:              Min at Fast Process Corner
  Data Path Delay:        1.777ns  (logic 1.420ns (79.913%)  route 0.357ns (20.087%))
  Logic Levels:           1  (OBUF=1)
  Clock Uncertainty:      0.281ns  ((TSJ^2 + DJ^2)^1/2) / 2 + PE
    Total System Jitter     (TSJ):    0.050ns
    Discrete Jitter          (DJ):    0.290ns
    Phase Error              (PE):    0.134ns

    Location             Delay type                Incr(ns)  Path(ns)    Netlist Resource(s)
  -------------------------------------------------------------------    -------------------
                         (clock clk_out1_clk_wiz_0 rise edge)
                                                      0.000     0.000 r  
    E3                                                0.000     0.000 r  XCO (IN)
                         net (fo=0)                   0.000     0.000    xco_mmcm/inst/clk_in1
    E3                   IBUF (Prop_ibuf_I_O)         0.250     0.250 r  xco_mmcm/inst/clkin1_ibufg/O
                         net (fo=1, routed)           0.440     0.690    xco_mmcm/inst/clk_in1_clk_wiz_0
    MMCME2_ADV_X1Y2      MMCME2_ADV (Prop_mmcme2_adv_CLKIN1_CLKOUT0)
                                                     -2.379    -1.689 r  xco_mmcm/inst/mmcm_adv_inst/CLKOUT0
                         net (fo=1, routed)           0.499    -1.190    xco_mmcm/inst/clk_out1_clk_wiz_0
    BUFGCTRL_X0Y16       BUFG (Prop_bufg_I_O)         0.026    -1.164 r  xco_mmcm/inst/clkout1_buf/O
                         net (fo=4618, routed)        0.601    -0.563    gps/clk_out1
    SLICE_X0Y62          FDRE                                         r  gps/dac_reg[2]/C
  -------------------------------------------------------------------    -------------------
    SLICE_X0Y62          FDRE (Prop_fdre_C_Q)         0.141    -0.422 r  gps/dac_reg[2]/Q
                         net (fo=1, routed)           0.357    -0.065    DAC_MOSI_OBUF
    V10                  OBUF (Prop_obuf_I_O)         1.279     1.214 r  DAC_MOSI_OBUF_inst/O
                         net (fo=0)                   0.000     1.214    DAC_MOSI
    V10                                                               r  DAC_MOSI (OUT)
  -------------------------------------------------------------------    -------------------

Slack:                    inf
  Source:                 gps/lcd_reg[0]/C
                            (rising edge-triggered cell FDRE clocked by clk_out1_clk_wiz_0  {rise@0.000ns fall@50.000ns period=100.000ns})
  Destination:            LCD_D[4]
                            (output port)
  Path Group:             (none)
  Path Type:              Min at Fast Process Corner
  Data Path Delay:        2.304ns  (logic 1.408ns (61.105%)  route 0.896ns (38.895%))
  Logic Levels:           1  (OBUF=1)
  Clock Uncertainty:      0.281ns  ((TSJ^2 + DJ^2)^1/2) / 2 + PE
    Total System Jitter     (TSJ):    0.050ns
    Discrete Jitter          (DJ):    0.290ns
    Phase Error              (PE):    0.134ns

    Location             Delay type                Incr(ns)  Path(ns)    Netlist Resource(s)
  -------------------------------------------------------------------    -------------------
                         (clock clk_out1_clk_wiz_0 rise edge)
                                                      0.000     0.000 r  
    E3                                                0.000     0.000 r  XCO (IN)
                         net (fo=0)                   0.000     0.000    xco_mmcm/inst/clk_in1
    E3                   IBUF (Prop_ibuf_I_O)         0.250     0.250 r  xco_mmcm/inst/clkin1_ibufg/O
                         net (fo=1, routed)           0.440     0.690    xco_mmcm/inst/clk_in1_clk_wiz_0
    MMCME2_ADV_X1Y2      MMCME2_ADV (Prop_mmcme2_adv_CLKIN1_CLKOUT0)
                                                     -2.379    -1.689 r  xco_mmcm/inst/mmcm_adv_inst/CLKOUT0
                         net (fo=1, routed)           0.499    -1.190    xco_mmcm/inst/clk_out1_clk_wiz_0
    BUFGCTRL_X0Y16       BUFG (Prop_bufg_I_O)         0.026    -1.164 r  xco_mmcm/inst/clkout1_buf/O
                         net (fo=4618, routed)        0.594    -0.570    gps/clk_out1
    SLICE_X1Y78          FDRE                                         r  gps/lcd_reg[0]/C
  -------------------------------------------------------------------    -------------------
    SLICE_X1Y78          FDRE (Prop_fdre_C_Q)         0.141    -0.429 r  gps/lcd_reg[0]/Q
                         net (fo=1, routed)           0.896     0.467    LCD_D_OBUF[4]
    A11                  OBUF (Prop_obuf_I_O)         1.267     1.733 r  LCD_D_OBUF[4]_inst/O
                         net (fo=0)                   0.000     1.733    LCD_D[4]
    A11                                                               r  LCD_D[4] (OUT)
  -------------------------------------------------------------------    -------------------

Slack:                    inf
  Source:                 gps/lcd_reg[2]/C
                            (rising edge-triggered cell FDRE clocked by clk_out1_clk_wiz_0  {rise@0.000ns fall@50.000ns period=100.000ns})
  Destination:            LCD_D[6]
                            (output port)
  Path Group:             (none)
  Path Type:              Min at Fast Process Corner
  Data Path Delay:        2.350ns  (logic 1.385ns (58.922%)  route 0.965ns (41.078%))
  Logic Levels:           1  (OBUF=1)
  Clock Uncertainty:      0.281ns  ((TSJ^2 + DJ^2)^1/2) / 2 + PE
    Total System Jitter     (TSJ):    0.050ns
    Discrete Jitter          (DJ):    0.290ns
    Phase Error              (PE):    0.134ns

    Location             Delay type                Incr(ns)  Path(ns)    Netlist Resource(s)
  -------------------------------------------------------------------    -------------------
                         (clock clk_out1_clk_wiz_0 rise edge)
                                                      0.000     0.000 r  
    E3                                                0.000     0.000 r  XCO (IN)
                         net (fo=0)                   0.000     0.000    xco_mmcm/inst/clk_in1
    E3                   IBUF (Prop_ibuf_I_O)         0.250     0.250 r  xco_mmcm/inst/clkin1_ibufg/O
                         net (fo=1, routed)           0.440     0.690    xco_mmcm/inst/clk_in1_clk_wiz_0
    MMCME2_ADV_X1Y2      MMCME2_ADV (Prop_mmcme2_adv_CLKIN1_CLKOUT0)
                                                     -2.379    -1.689 r  xco_mmcm/inst/mmcm_adv_inst/CLKOUT0
                         net (fo=1, routed)           0.499    -1.190    xco_mmcm/inst/clk_out1_clk_wiz_0
    BUFGCTRL_X0Y16       BUFG (Prop_bufg_I_O)         0.026    -1.164 r  xco_mmcm/inst/clkout1_buf/O
                         net (fo=4618, routed)        0.594    -0.570    gps/clk_out1
    SLICE_X0Y78          FDRE                                         r  gps/lcd_reg[2]/C
  -------------------------------------------------------------------    -------------------
    SLICE_X0Y78          FDRE (Prop_fdre_C_Q)         0.141    -0.429 r  gps/lcd_reg[2]/Q
                         net (fo=1, routed)           0.965     0.536    LCD_D_OBUF[6]
    D13                  OBUF (Prop_obuf_I_O)         1.244     1.780 r  LCD_D_OBUF[6]_inst/O
                         net (fo=0)                   0.000     1.780    LCD_D[6]
    D13                                                               r  LCD_D[6] (OUT)
  -------------------------------------------------------------------    -------------------

Slack:                    inf
  Source:                 gps/lcd_reg[3]/C
                            (rising edge-triggered cell FDRE clocked by clk_out1_clk_wiz_0  {rise@0.000ns fall@50.000ns period=100.000ns})
  Destination:            LCD_D[7]
                            (output port)
  Path Group:             (none)
  Path Type:              Min at Fast Process Corner
  Data Path Delay:        2.506ns  (logic 1.395ns (55.673%)  route 1.111ns (44.327%))
  Logic Levels:           1  (OBUF=1)
  Clock Uncertainty:      0.281ns  ((TSJ^2 + DJ^2)^1/2) / 2 + PE
    Total System Jitter     (TSJ):    0.050ns
    Discrete Jitter          (DJ):    0.290ns
    Phase Error              (PE):    0.134ns

    Location             Delay type                Incr(ns)  Path(ns)    Netlist Resource(s)
  -------------------------------------------------------------------    -------------------
                         (clock clk_out1_clk_wiz_0 rise edge)
                                                      0.000     0.000 r  
    E3                                                0.000     0.000 r  XCO (IN)
                         net (fo=0)                   0.000     0.000    xco_mmcm/inst/clk_in1
    E3                   IBUF (Prop_ibuf_I_O)         0.250     0.250 r  xco_mmcm/inst/clkin1_ibufg/O
                         net (fo=1, routed)           0.440     0.690    xco_mmcm/inst/clk_in1_clk_wiz_0
    MMCME2_ADV_X1Y2      MMCME2_ADV (Prop_mmcme2_adv_CLKIN1_CLKOUT0)
                                                     -2.379    -1.689 r  xco_mmcm/inst/mmcm_adv_inst/CLKOUT0
                         net (fo=1, routed)           0.499    -1.190    xco_mmcm/inst/clk_out1_clk_wiz_0
    BUFGCTRL_X0Y16       BUFG (Prop_bufg_I_O)         0.026    -1.164 r  xco_mmcm/inst/clkout1_buf/O
                         net (fo=4618, routed)        0.594    -0.570    gps/clk_out1
    SLICE_X0Y78          FDRE                                         r  gps/lcd_reg[3]/C
  -------------------------------------------------------------------    -------------------
    SLICE_X0Y78          FDRE (Prop_fdre_C_Q)         0.141    -0.429 r  gps/lcd_reg[3]/Q
                         net (fo=1, routed)           1.111     0.681    LCD_D_OBUF[7]
    B18                  OBUF (Prop_obuf_I_O)         1.254     1.936 r  LCD_D_OBUF[7]_inst/O
                         net (fo=0)                   0.000     1.936    LCD_D[7]
    B18                                                               r  LCD_D[7] (OUT)
  -------------------------------------------------------------------    -------------------

Slack:                    inf
  Source:                 gps/lcd_reg[1]/C
                            (rising edge-triggered cell FDRE clocked by clk_out1_clk_wiz_0  {rise@0.000ns fall@50.000ns period=100.000ns})
  Destination:            LCD_D[5]
                            (output port)
  Path Group:             (none)
  Path Type:              Min at Fast Process Corner
  Data Path Delay:        2.535ns  (logic 1.392ns (54.939%)  route 1.142ns (45.061%))
  Logic Levels:           1  (OBUF=1)
  Clock Uncertainty:      0.281ns  ((TSJ^2 + DJ^2)^1/2) / 2 + PE
    Total System Jitter     (TSJ):    0.050ns
    Discrete Jitter          (DJ):    0.290ns
    Phase Error              (PE):    0.134ns

    Location             Delay type                Incr(ns)  Path(ns)    Netlist Resource(s)
  -------------------------------------------------------------------    -------------------
                         (clock clk_out1_clk_wiz_0 rise edge)
                                                      0.000     0.000 r  
    E3                                                0.000     0.000 r  XCO (IN)
                         net (fo=0)                   0.000     0.000    xco_mmcm/inst/clk_in1
    E3                   IBUF (Prop_ibuf_I_O)         0.250     0.250 r  xco_mmcm/inst/clkin1_ibufg/O
                         net (fo=1, routed)           0.440     0.690    xco_mmcm/inst/clk_in1_clk_wiz_0
    MMCME2_ADV_X1Y2      MMCME2_ADV (Prop_mmcme2_adv_CLKIN1_CLKOUT0)
                                                     -2.379    -1.689 r  xco_mmcm/inst/mmcm_adv_inst/CLKOUT0
                         net (fo=1, routed)           0.499    -1.190    xco_mmcm/inst/clk_out1_clk_wiz_0
    BUFGCTRL_X0Y16       BUFG (Prop_bufg_I_O)         0.026    -1.164 r  xco_mmcm/inst/clkout1_buf/O
                         net (fo=4618, routed)        0.594    -0.570    gps/clk_out1
    SLICE_X1Y78          FDRE                                         r  gps/lcd_reg[1]/C
  -------------------------------------------------------------------    -------------------
    SLICE_X1Y78          FDRE (Prop_fdre_C_Q)         0.141    -0.429 r  gps/lcd_reg[1]/Q
                         net (fo=1, routed)           1.142     0.713    LCD_D_OBUF[5]
    D12                  OBUF (Prop_obuf_I_O)         1.251     1.964 r  LCD_D_OBUF[5]_inst/O
                         net (fo=0)                   0.000     1.964    LCD_D[5]
    D12                                                               r  LCD_D[5] (OUT)
  -------------------------------------------------------------------    -------------------

Slack:                    inf
  Source:                 gps/lcd_reg[5]/C
                            (rising edge-triggered cell FDRE clocked by clk_out1_clk_wiz_0  {rise@0.000ns fall@50.000ns period=100.000ns})
  Destination:            LCD_RS
                            (output port)
  Path Group:             (none)
  Path Type:              Min at Fast Process Corner
  Data Path Delay:        2.637ns  (logic 1.372ns (52.016%)  route 1.265ns (47.984%))
  Logic Levels:           1  (OBUF=1)
  Clock Uncertainty:      0.281ns  ((TSJ^2 + DJ^2)^1/2) / 2 + PE
    Total System Jitter     (TSJ):    0.050ns
    Discrete Jitter          (DJ):    0.290ns
    Phase Error              (PE):    0.134ns

    Location             Delay type                Incr(ns)  Path(ns)    Netlist Resource(s)
  -------------------------------------------------------------------    -------------------
                         (clock clk_out1_clk_wiz_0 rise edge)
                                                      0.000     0.000 r  
    E3                                                0.000     0.000 r  XCO (IN)
                         net (fo=0)                   0.000     0.000    xco_mmcm/inst/clk_in1
    E3                   IBUF (Prop_ibuf_I_O)         0.250     0.250 r  xco_mmcm/inst/clkin1_ibufg/O
                         net (fo=1, routed)           0.440     0.690    xco_mmcm/inst/clk_in1_clk_wiz_0
    MMCME2_ADV_X1Y2      MMCME2_ADV (Prop_mmcme2_adv_CLKIN1_CLKOUT0)
                                                     -2.379    -1.689 r  xco_mmcm/inst/mmcm_adv_inst/CLKOUT0
                         net (fo=1, routed)           0.499    -1.190    xco_mmcm/inst/clk_out1_clk_wiz_0
    BUFGCTRL_X0Y16       BUFG (Prop_bufg_I_O)         0.026    -1.164 r  xco_mmcm/inst/clkout1_buf/O
                         net (fo=4618, routed)        0.594    -0.570    gps/clk_out1
    SLICE_X0Y78          FDRE                                         r  gps/lcd_reg[5]/C
  -------------------------------------------------------------------    -------------------
    SLICE_X0Y78          FDRE (Prop_fdre_C_Q)         0.141    -0.429 r  gps/lcd_reg[5]/Q
                         net (fo=1, routed)           1.265     0.836    LCD_RS_OBUF
    G13                  OBUF (Prop_obuf_I_O)         1.231     2.066 r  LCD_RS_OBUF_inst/O
                         net (fo=0)                   0.000     2.066    LCD_RS
    G13                                                               r  LCD_RS (OUT)
  -------------------------------------------------------------------    -------------------

Slack:                    inf
  Source:                 gps/lcd_reg[4]/C
                            (rising edge-triggered cell FDRE clocked by clk_out1_clk_wiz_0  {rise@0.000ns fall@50.000ns period=100.000ns})
  Destination:            LCD_EN
                            (output port)
  Path Group:             (none)
  Path Type:              Min at Fast Process Corner
  Data Path Delay:        2.697ns  (logic 1.406ns (52.131%)  route 1.291ns (47.869%))
  Logic Levels:           1  (OBUF=1)
  Clock Uncertainty:      0.281ns  ((TSJ^2 + DJ^2)^1/2) / 2 + PE
    Total System Jitter     (TSJ):    0.050ns
    Discrete Jitter          (DJ):    0.290ns
    Phase Error              (PE):    0.134ns

    Location             Delay type                Incr(ns)  Path(ns)    Netlist Resource(s)
  -------------------------------------------------------------------    -------------------
                         (clock clk_out1_clk_wiz_0 rise edge)
                                                      0.000     0.000 r  
    E3                                                0.000     0.000 r  XCO (IN)
                         net (fo=0)                   0.000     0.000    xco_mmcm/inst/clk_in1
    E3                   IBUF (Prop_ibuf_I_O)         0.250     0.250 r  xco_mmcm/inst/clkin1_ibufg/O
                         net (fo=1, routed)           0.440     0.690    xco_mmcm/inst/clk_in1_clk_wiz_0
    MMCME2_ADV_X1Y2      MMCME2_ADV (Prop_mmcme2_adv_CLKIN1_CLKOUT0)
                                                     -2.379    -1.689 r  xco_mmcm/inst/mmcm_adv_inst/CLKOUT0
                         net (fo=1, routed)           0.499    -1.190    xco_mmcm/inst/clk_out1_clk_wiz_0
    BUFGCTRL_X0Y16       BUFG (Prop_bufg_I_O)         0.026    -1.164 r  xco_mmcm/inst/clkout1_buf/O
                         net (fo=4618, routed)        0.594    -0.570    gps/clk_out1
    SLICE_X0Y78          FDRE                                         r  gps/lcd_reg[4]/C
  -------------------------------------------------------------------    -------------------
    SLICE_X0Y78          FDRE (Prop_fdre_C_Q)         0.141    -0.429 r  gps/lcd_reg[4]/Q
                         net (fo=1, routed)           1.291     0.862    LCD_EN_OBUF
    B11                  OBUF (Prop_obuf_I_O)         1.265     2.127 r  LCD_EN_OBUF_inst/O
                         net (fo=0)                   0.000     2.127    LCD_EN
    B11                                                               r  LCD_EN (OUT)
  -------------------------------------------------------------------    -------------------





--------------------------------------------------------------------------------------
Path Group:  (none)
From Clock:  rpi_sclk
  To Clock:  

Max Delay             1 Endpoint
Min Delay             1 Endpoint
--------------------------------------------------------------------------------------


Max Delay Paths
--------------------------------------------------------------------------------------
Slack:                    inf
  Source:                 gps/tdo_reg/C
                            (rising edge-triggered cell FDPE clocked by rpi_sclk  {rise@0.000ns fall@50.000ns period=100.000ns})
  Destination:            RPI_MISO
                            (output port)
  Path Group:             (none)
  Path Type:              Max at Slow Process Corner
  Data Path Delay:        10.170ns  (logic 4.716ns (46.376%)  route 5.454ns (53.624%))
  Logic Levels:           1  (OBUFT=1)
  Clock Uncertainty:      0.025ns  ((TSJ^2 + TIJ^2)^1/2 + DJ) / 2 + PE
    Total System Jitter     (TSJ):    0.050ns
    Total Input Jitter      (TIJ):    0.000ns
    Discrete Jitter          (DJ):    0.000ns
    Phase Error              (PE):    0.000ns

    Location             Delay type                Incr(ns)  Path(ns)    Netlist Resource(s)
  -------------------------------------------------------------------    -------------------
                         (clock rpi_sclk rise edge)
                                                      0.000     0.000 r  
    F4                                                0.000     0.000 r  RPI_SCLK (IN)
                         net (fo=0)                   0.000     0.000    RPI_SCLK
    F4                   IBUF (Prop_ibuf_I_O)         1.472     1.472 r  RPI_SCLK_IBUF_inst/O
                         net (fo=1, routed)           2.025     3.496    gps/spi_sclk
    BUFGCTRL_X0Y17       BUFG (Prop_bufg_I_O)         0.096     3.592 r  gps/ha_clk_bufg/O
                         net (fo=32, routed)          1.706     5.299    gps/ha_clk
    SLICE_X7Y73          FDPE                                         r  gps/tdo_reg/C
  -------------------------------------------------------------------    -------------------
    SLICE_X7Y73          FDPE (Prop_fdpe_C_Q)         0.456     5.755 r  gps/tdo_reg/Q
                         net (fo=1, routed)           5.454    11.208    RPI_MISO_OBUF
    E2                   OBUFT (Prop_obuft_I_O)       4.260    15.469 r  RPI_MISO_OBUFT_inst/O
                         net (fo=0)                   0.000    15.469    RPI_MISO
    E2                                                                r  RPI_MISO (OUT)
  -------------------------------------------------------------------    -------------------





Min Delay Paths
--------------------------------------------------------------------------------------
Slack:                    inf
  Source:                 gps/tdo_reg/C
                            (rising edge-triggered cell FDPE clocked by rpi_sclk  {rise@0.000ns fall@50.000ns period=100.000ns})
  Destination:            RPI_MISO
                            (output port)
  Path Group:             (none)
  Path Type:              Min at Fast Process Corner
  Data Path Delay:        5.320ns  (logic 3.088ns (58.051%)  route 2.232ns (41.949%))
  Logic Levels:           1  (OBUFT=1)
  Clock Uncertainty:      0.025ns  ((TSJ^2 + TIJ^2)^1/2 + DJ) / 2 + PE
    Total System Jitter     (TSJ):    0.050ns
    Total Input Jitter      (TIJ):    0.000ns
    Discrete Jitter          (DJ):    0.000ns
    Phase Error              (PE):    0.000ns

    Location             Delay type                Incr(ns)  Path(ns)    Netlist Resource(s)
  -------------------------------------------------------------------    -------------------
                         (clock rpi_sclk rise edge)
                                                      0.000     0.000 r  
    F4                                                0.000     0.000 r  RPI_SCLK (IN)
                         net (fo=0)                   0.000     0.000    RPI_SCLK
    F4                   IBUF (Prop_ibuf_I_O)         0.240     0.240 r  RPI_SCLK_IBUF_inst/O
                         net (fo=1, routed)           0.644     0.884    gps/spi_sclk
    BUFGCTRL_X0Y17       BUFG (Prop_bufg_I_O)         0.026     0.910 r  gps/ha_clk_bufg/O
                         net (fo=32, routed)          0.591     1.500    gps/ha_clk
    SLICE_X7Y73          FDPE                                         r  gps/tdo_reg/C
  -------------------------------------------------------------------    -------------------
    SLICE_X7Y73          FDPE (Prop_fdpe_C_Q)         0.141     1.641 r  gps/tdo_reg/Q
                         net (fo=1, routed)           2.232     3.873    RPI_MISO_OBUF
    E2                   OBUFT (Prop_obuft_I_O)       2.947     6.820 r  RPI_MISO_OBUFT_inst/O
                         net (fo=0)                   0.000     6.820    RPI_MISO
    E2                                                                r  RPI_MISO (OUT)
  -------------------------------------------------------------------    -------------------





--------------------------------------------------------------------------------------
Path Group:  (none)
From Clock:  
  To Clock:  clk_out1_clk_wiz_0

Max Delay            22 Endpoints
Min Delay            22 Endpoints
--------------------------------------------------------------------------------------


Max Delay Paths
--------------------------------------------------------------------------------------
Slack:                    inf
  Source:                 JOY_DOWN
                            (input port)
  Destination:            gps/cpu/nos_x_tos/B[2]
                            (rising edge-triggered cell DSP48E1 clocked by clk_out1_clk_wiz_0  {rise@0.000ns fall@50.000ns period=100.000ns})
  Path Group:             (none)
  Path Type:              Setup (Max at Slow Process Corner)
  Data Path Delay:        9.602ns  (logic 2.109ns (21.969%)  route 7.492ns (78.031%))
  Logic Levels:           4  (IBUF=1 LUT4=2 LUT6=1)
  Clock Path Skew:        -1.407ns (DCD - SCD + CPR)
    Destination Clock Delay (DCD):    -1.407ns
    Source Clock Delay      (SCD):    0.000ns
    Clock Pessimism Removal (CPR):    0.000ns
  Clock Uncertainty:      0.281ns  ((TSJ^2 + DJ^2)^1/2) / 2 + PE
    Total System Jitter     (TSJ):    0.050ns
    Discrete Jitter          (DJ):    0.290ns
    Phase Error              (PE):    0.134ns

    Location             Delay type                Incr(ns)  Path(ns)    Netlist Resource(s)
  -------------------------------------------------------------------    -------------------
    D9                                                0.000     0.000 r  JOY_DOWN (IN)
                         net (fo=0)                   0.000     0.000    JOY_DOWN
    D9                   IBUF (Prop_ibuf_I_O)         1.487     1.487 r  JOY_DOWN_IBUF_inst/O
                         net (fo=1, routed)           4.802     6.290    gps/cpu/JOY_DOWN_IBUF
    SLICE_X8Y70          LUT4 (Prop_lut4_I2_O)        0.150     6.440 r  gps/cpu/cpu_ram_i_25/O
                         net (fo=2, routed)           1.240     7.680    gps/cpu/par[2]
    SLICE_X7Y62          LUT4 (Prop_lut4_I3_O)        0.348     8.028 r  gps/cpu/cpu_ram_i_81/O
                         net (fo=1, routed)           0.633     8.661    gps/cpu/fa[2]/tos_reg[2]
    SLICE_X5Y62          LUT6 (Prop_lut6_I0_O)        0.124     8.785 r  gps/cpu/fa[2]/cpu_ram_i_37/O
                         net (fo=3, routed)           0.816     9.602    gps/cpu/fa_n_1_[2]
    DSP48_X0Y24          DSP48E1                                      r  gps/cpu/nos_x_tos/B[2]
  -------------------------------------------------------------------    -------------------

                         (clock clk_out1_clk_wiz_0 rise edge)
                                                      0.000     0.000 r  
    E3                                                0.000     0.000 r  XCO (IN)
                         net (fo=0)                   0.000     0.000    xco_mmcm/inst/clk_in1
    E3                   IBUF (Prop_ibuf_I_O)         1.411     1.411 r  xco_mmcm/inst/clkin1_ibufg/O
                         net (fo=1, routed)           1.162     2.573    xco_mmcm/inst/clk_in1_clk_wiz_0
    MMCME2_ADV_X1Y2      MMCME2_ADV (Prop_mmcme2_adv_CLKIN1_CLKOUT0)
                                                     -7.324    -4.751 r  xco_mmcm/inst/mmcm_adv_inst/CLKOUT0
                         net (fo=1, routed)           1.639    -3.112    xco_mmcm/inst/clk_out1_clk_wiz_0
    BUFGCTRL_X0Y16       BUFG (Prop_bufg_I_O)         0.091    -3.021 r  xco_mmcm/inst/clkout1_buf/O
                         net (fo=4618, routed)        1.614    -1.407    gps/cpu/clk_out1
    DSP48_X0Y24          DSP48E1                                      r  gps/cpu/nos_x_tos/CLK

Slack:                    inf
  Source:                 JOY_DOWN
                            (input port)
  Destination:            gps/cpu/tos_reg[2]/D
                            (rising edge-triggered cell FDRE clocked by clk_out1_clk_wiz_0  {rise@0.000ns fall@50.000ns period=100.000ns})
  Path Group:             (none)
  Path Type:              Setup (Max at Slow Process Corner)
  Data Path Delay:        9.511ns  (logic 2.109ns (22.177%)  route 7.402ns (77.823%))
  Logic Levels:           4  (IBUF=1 LUT4=2 LUT6=1)
  Clock Path Skew:        -1.499ns (DCD - SCD + CPR)
    Destination Clock Delay (DCD):    -1.499ns
    Source Clock Delay      (SCD):    0.000ns
    Clock Pessimism Removal (CPR):    0.000ns
  Clock Uncertainty:      0.281ns  ((TSJ^2 + DJ^2)^1/2) / 2 + PE
    Total System Jitter     (TSJ):    0.050ns
    Discrete Jitter          (DJ):    0.290ns
    Phase Error              (PE):    0.134ns

    Location             Delay type                Incr(ns)  Path(ns)    Netlist Resource(s)
  -------------------------------------------------------------------    -------------------
    D9                                                0.000     0.000 r  JOY_DOWN (IN)
                         net (fo=0)                   0.000     0.000    JOY_DOWN
    D9                   IBUF (Prop_ibuf_I_O)         1.487     1.487 r  JOY_DOWN_IBUF_inst/O
                         net (fo=1, routed)           4.802     6.290    gps/cpu/JOY_DOWN_IBUF
    SLICE_X8Y70          LUT4 (Prop_lut4_I2_O)        0.150     6.440 r  gps/cpu/cpu_ram_i_25/O
                         net (fo=2, routed)           1.240     7.680    gps/cpu/par[2]
    SLICE_X7Y62          LUT4 (Prop_lut4_I3_O)        0.348     8.028 r  gps/cpu/cpu_ram_i_81/O
                         net (fo=1, routed)           0.633     8.661    gps/cpu/fa[2]/tos_reg[2]
    SLICE_X5Y62          LUT6 (Prop_lut6_I0_O)        0.124     8.785 r  gps/cpu/fa[2]/cpu_ram_i_37/O
                         net (fo=3, routed)           0.726     9.511    gps/cpu/fa_n_1_[2]
    SLICE_X9Y61          FDRE                                         r  gps/cpu/tos_reg[2]/D
  -------------------------------------------------------------------    -------------------

                         (clock clk_out1_clk_wiz_0 rise edge)
                                                      0.000     0.000 r  
    E3                                                0.000     0.000 r  XCO (IN)
                         net (fo=0)                   0.000     0.000    xco_mmcm/inst/clk_in1
    E3                   IBUF (Prop_ibuf_I_O)         1.411     1.411 r  xco_mmcm/inst/clkin1_ibufg/O
                         net (fo=1, routed)           1.162     2.573    xco_mmcm/inst/clk_in1_clk_wiz_0
    MMCME2_ADV_X1Y2      MMCME2_ADV (Prop_mmcme2_adv_CLKIN1_CLKOUT0)
                                                     -7.324    -4.751 r  xco_mmcm/inst/mmcm_adv_inst/CLKOUT0
                         net (fo=1, routed)           1.639    -3.112    xco_mmcm/inst/clk_out1_clk_wiz_0
    BUFGCTRL_X0Y16       BUFG (Prop_bufg_I_O)         0.091    -3.021 r  xco_mmcm/inst/clkout1_buf/O
                         net (fo=4618, routed)        1.521    -1.499    gps/cpu/clk_out1
    SLICE_X9Y61          FDRE                                         r  gps/cpu/tos_reg[2]/C

Slack:                    inf
  Source:                 JOY_DOWN
                            (input port)
  Destination:            gps/cpu/cpu_ram/U0/inst_blk_mem_gen/gnbram.gnativebmg.native_blk_mem_gen/valid.cstr/ramloop[0].ram.r/prim_init.ram/DEVICE_7SERIES.NO_BMM_INFO.TRUE_DP.SIMPLE_PRIM18.ram/ADDRBWRADDR[5]
                            (rising edge-triggered cell RAMB18E1 clocked by clk_out1_clk_wiz_0  {rise@0.000ns fall@50.000ns period=100.000ns})
  Path Group:             (none)
  Path Type:              Setup (Max at Slow Process Corner)
  Data Path Delay:        9.474ns  (logic 2.109ns (22.265%)  route 7.364ns (77.735%))
  Logic Levels:           4  (IBUF=1 LUT4=2 LUT6=1)
  Clock Path Skew:        -1.457ns (DCD - SCD + CPR)
    Destination Clock Delay (DCD):    -1.457ns
    Source Clock Delay      (SCD):    0.000ns
    Clock Pessimism Removal (CPR):    0.000ns
  Clock Uncertainty:      0.281ns  ((TSJ^2 + DJ^2)^1/2) / 2 + PE
    Total System Jitter     (TSJ):    0.050ns
    Discrete Jitter          (DJ):    0.290ns
    Phase Error              (PE):    0.134ns

    Location             Delay type                Incr(ns)  Path(ns)    Netlist Resource(s)
  -------------------------------------------------------------------    -------------------
    D9                                                0.000     0.000 r  JOY_DOWN (IN)
                         net (fo=0)                   0.000     0.000    JOY_DOWN
    D9                   IBUF (Prop_ibuf_I_O)         1.487     1.487 r  JOY_DOWN_IBUF_inst/O
                         net (fo=1, routed)           4.802     6.290    gps/cpu/JOY_DOWN_IBUF
    SLICE_X8Y70          LUT4 (Prop_lut4_I2_O)        0.150     6.440 r  gps/cpu/cpu_ram_i_25/O
                         net (fo=2, routed)           1.240     7.680    gps/cpu/par[2]
    SLICE_X7Y62          LUT4 (Prop_lut4_I3_O)        0.348     8.028 r  gps/cpu/cpu_ram_i_81/O
                         net (fo=1, routed)           0.633     8.661    gps/cpu/fa[2]/tos_reg[2]
    SLICE_X5Y62          LUT6 (Prop_lut6_I0_O)        0.124     8.785 r  gps/cpu/fa[2]/cpu_ram_i_37/O
                         net (fo=3, routed)           0.689     9.474    gps/cpu/cpu_ram/U0/inst_blk_mem_gen/gnbram.gnativebmg.native_blk_mem_gen/valid.cstr/ramloop[0].ram.r/prim_init.ram/addrb[1]
    RAMB18_X0Y24         RAMB18E1                                     r  gps/cpu/cpu_ram/U0/inst_blk_mem_gen/gnbram.gnativebmg.native_blk_mem_gen/valid.cstr/ramloop[0].ram.r/prim_init.ram/DEVICE_7SERIES.NO_BMM_INFO.TRUE_DP.SIMPLE_PRIM18.ram/ADDRBWRADDR[5]
  -------------------------------------------------------------------    -------------------

                         (clock clk_out1_clk_wiz_0 rise edge)
                                                      0.000     0.000 r  
    E3                                                0.000     0.000 r  XCO (IN)
                         net (fo=0)                   0.000     0.000    xco_mmcm/inst/clk_in1
    E3                   IBUF (Prop_ibuf_I_O)         1.411     1.411 r  xco_mmcm/inst/clkin1_ibufg/O
                         net (fo=1, routed)           1.162     2.573    xco_mmcm/inst/clk_in1_clk_wiz_0
    MMCME2_ADV_X1Y2      MMCME2_ADV (Prop_mmcme2_adv_CLKIN1_CLKOUT0)
                                                     -7.324    -4.751 r  xco_mmcm/inst/mmcm_adv_inst/CLKOUT0
                         net (fo=1, routed)           1.639    -3.112    xco_mmcm/inst/clk_out1_clk_wiz_0
    BUFGCTRL_X0Y16       BUFG (Prop_bufg_I_O)         0.091    -3.021 r  xco_mmcm/inst/clkout1_buf/O
                         net (fo=4618, routed)        1.564    -1.457    gps/cpu/cpu_ram/U0/inst_blk_mem_gen/gnbram.gnativebmg.native_blk_mem_gen/valid.cstr/ramloop[0].ram.r/prim_init.ram/clka
    RAMB18_X0Y24         RAMB18E1                                     r  gps/cpu/cpu_ram/U0/inst_blk_mem_gen/gnbram.gnativebmg.native_blk_mem_gen/valid.cstr/ramloop[0].ram.r/prim_init.ram/DEVICE_7SERIES.NO_BMM_INFO.TRUE_DP.SIMPLE_PRIM18.ram/CLKBWRCLK

Slack:                    inf
  Source:                 JOY_LEFT
                            (input port)
  Destination:            gps/cpu/nos_x_tos/B[1]
                            (rising edge-triggered cell DSP48E1 clocked by clk_out1_clk_wiz_0  {rise@0.000ns fall@50.000ns period=100.000ns})
  Path Group:             (none)
  Path Type:              Setup (Max at Slow Process Corner)
  Data Path Delay:        9.204ns  (logic 2.126ns (23.103%)  route 7.077ns (76.897%))
  Logic Levels:           4  (IBUF=1 LUT4=2 LUT6=1)
  Clock Path Skew:        -1.407ns (DCD - SCD + CPR)
    Destination Clock Delay (DCD):    -1.407ns
    Source Clock Delay      (SCD):    0.000ns
    Clock Pessimism Removal (CPR):    0.000ns
  Clock Uncertainty:      0.281ns  ((TSJ^2 + DJ^2)^1/2) / 2 + PE
    Total System Jitter     (TSJ):    0.050ns
    Discrete Jitter          (DJ):    0.290ns
    Phase Error              (PE):    0.134ns

    Location             Delay type                Incr(ns)  Path(ns)    Netlist Resource(s)
  -------------------------------------------------------------------    -------------------
    C9                                                0.000     0.000 r  JOY_LEFT (IN)
                         net (fo=0)                   0.000     0.000    JOY_LEFT
    C9                   IBUF (Prop_ibuf_I_O)         1.518     1.518 r  JOY_LEFT_IBUF_inst/O
                         net (fo=1, routed)           4.419     5.938    gps/cpu/JOY_LEFT_IBUF
    SLICE_X8Y70          LUT4 (Prop_lut4_I2_O)        0.153     6.091 r  gps/cpu/cpu_ram_i_26/O
                         net (fo=2, routed)           0.860     6.951    gps/cpu/par[1]
    SLICE_X7Y62          LUT4 (Prop_lut4_I3_O)        0.331     7.282 r  gps/cpu/cpu_ram_i_84/O
                         net (fo=1, routed)           0.875     8.157    gps/cpu/fa[1]/tos_reg[1]
    SLICE_X6Y62          LUT6 (Prop_lut6_I0_O)        0.124     8.281 r  gps/cpu/fa[1]/cpu_ram_i_38/O
                         net (fo=3, routed)           0.922     9.204    gps/cpu/fa_n_1_[1]
    DSP48_X0Y24          DSP48E1                                      r  gps/cpu/nos_x_tos/B[1]
  -------------------------------------------------------------------    -------------------

                         (clock clk_out1_clk_wiz_0 rise edge)
                                                      0.000     0.000 r  
    E3                                                0.000     0.000 r  XCO (IN)
                         net (fo=0)                   0.000     0.000    xco_mmcm/inst/clk_in1
    E3                   IBUF (Prop_ibuf_I_O)         1.411     1.411 r  xco_mmcm/inst/clkin1_ibufg/O
                         net (fo=1, routed)           1.162     2.573    xco_mmcm/inst/clk_in1_clk_wiz_0
    MMCME2_ADV_X1Y2      MMCME2_ADV (Prop_mmcme2_adv_CLKIN1_CLKOUT0)
                                                     -7.324    -4.751 r  xco_mmcm/inst/mmcm_adv_inst/CLKOUT0
                         net (fo=1, routed)           1.639    -3.112    xco_mmcm/inst/clk_out1_clk_wiz_0
    BUFGCTRL_X0Y16       BUFG (Prop_bufg_I_O)         0.091    -3.021 r  xco_mmcm/inst/clkout1_buf/O
                         net (fo=4618, routed)        1.614    -1.407    gps/cpu/clk_out1
    DSP48_X0Y24          DSP48E1                                      r  gps/cpu/nos_x_tos/CLK

Slack:                    inf
  Source:                 JOY_RIGHT
                            (input port)
  Destination:            gps/cpu/nos_x_tos/B[0]
                            (rising edge-triggered cell DSP48E1 clocked by clk_out1_clk_wiz_0  {rise@0.000ns fall@50.000ns period=100.000ns})
  Path Group:             (none)
  Path Type:              Setup (Max at Slow Process Corner)
  Data Path Delay:        9.196ns  (logic 2.151ns (23.395%)  route 7.045ns (76.605%))
  Logic Levels:           4  (IBUF=1 LUT4=2 LUT6=1)
  Clock Path Skew:        -1.407ns (DCD - SCD + CPR)
    Destination Clock Delay (DCD):    -1.407ns
    Source Clock Delay      (SCD):    0.000ns
    Clock Pessimism Removal (CPR):    0.000ns
  Clock Uncertainty:      0.281ns  ((TSJ^2 + DJ^2)^1/2) / 2 + PE
    Total System Jitter     (TSJ):    0.050ns
    Discrete Jitter          (DJ):    0.290ns
    Phase Error              (PE):    0.134ns

    Location             Delay type                Incr(ns)  Path(ns)    Netlist Resource(s)
  -------------------------------------------------------------------    -------------------
    B9                                                0.000     0.000 r  JOY_RIGHT (IN)
                         net (fo=0)                   0.000     0.000    JOY_RIGHT
    B9                   IBUF (Prop_ibuf_I_O)         1.516     1.516 r  JOY_RIGHT_IBUF_inst/O
                         net (fo=1, routed)           4.388     5.904    gps/cpu/JOY_RIGHT_IBUF
    SLICE_X8Y70          LUT4 (Prop_lut4_I2_O)        0.156     6.060 r  gps/cpu/cpu_ram_i_27/O
                         net (fo=2, routed)           1.069     7.129    gps/cpu/fa[0]/dina[0]
    SLICE_X10Y61         LUT4 (Prop_lut4_I3_O)        0.355     7.484 r  gps/cpu/fa[0]/nos_x_tos_i_42/O
                         net (fo=1, routed)           0.878     8.362    gps/cpu/fa[0]/nos_x_tos_i_42_n_0
    SLICE_X13Y64         LUT6 (Prop_lut6_I0_O)        0.124     8.486 r  gps/cpu/fa[0]/nos_x_tos_i_7/O
                         net (fo=2, routed)           0.710     9.196    gps/cpu/fa_n_1_[0]
    DSP48_X0Y24          DSP48E1                                      r  gps/cpu/nos_x_tos/B[0]
  -------------------------------------------------------------------    -------------------

                         (clock clk_out1_clk_wiz_0 rise edge)
                                                      0.000     0.000 r  
    E3                                                0.000     0.000 r  XCO (IN)
                         net (fo=0)                   0.000     0.000    xco_mmcm/inst/clk_in1
    E3                   IBUF (Prop_ibuf_I_O)         1.411     1.411 r  xco_mmcm/inst/clkin1_ibufg/O
                         net (fo=1, routed)           1.162     2.573    xco_mmcm/inst/clk_in1_clk_wiz_0
    MMCME2_ADV_X1Y2      MMCME2_ADV (Prop_mmcme2_adv_CLKIN1_CLKOUT0)
                                                     -7.324    -4.751 r  xco_mmcm/inst/mmcm_adv_inst/CLKOUT0
                         net (fo=1, routed)           1.639    -3.112    xco_mmcm/inst/clk_out1_clk_wiz_0
    BUFGCTRL_X0Y16       BUFG (Prop_bufg_I_O)         0.091    -3.021 r  xco_mmcm/inst/clkout1_buf/O
                         net (fo=4618, routed)        1.614    -1.407    gps/cpu/clk_out1
    DSP48_X0Y24          DSP48E1                                      r  gps/cpu/nos_x_tos/CLK

Slack:                    inf
  Source:                 JOY_UP
                            (input port)
  Destination:            gps/cpu/nos_x_tos/B[3]
                            (rising edge-triggered cell DSP48E1 clocked by clk_out1_clk_wiz_0  {rise@0.000ns fall@50.000ns period=100.000ns})
  Path Group:             (none)
  Path Type:              Setup (Max at Slow Process Corner)
  Data Path Delay:        9.190ns  (logic 2.144ns (23.326%)  route 7.046ns (76.674%))
  Logic Levels:           4  (IBUF=1 LUT4=2 LUT6=1)
  Clock Path Skew:        -1.407ns (DCD - SCD + CPR)
    Destination Clock Delay (DCD):    -1.407ns
    Source Clock Delay      (SCD):    0.000ns
    Clock Pessimism Removal (CPR):    0.000ns
  Clock Uncertainty:      0.281ns  ((TSJ^2 + DJ^2)^1/2) / 2 + PE
    Total System Jitter     (TSJ):    0.050ns
    Discrete Jitter          (DJ):    0.290ns
    Phase Error              (PE):    0.134ns

    Location             Delay type                Incr(ns)  Path(ns)    Netlist Resource(s)
  -------------------------------------------------------------------    -------------------
    A8                                                0.000     0.000 r  JOY_UP (IN)
                         net (fo=0)                   0.000     0.000    JOY_UP
    A8                   IBUF (Prop_ibuf_I_O)         1.542     1.542 r  JOY_UP_IBUF_inst/O
                         net (fo=1, routed)           4.520     6.062    gps/cpu/JOY_UP_IBUF
    SLICE_X8Y70          LUT4 (Prop_lut4_I2_O)        0.150     6.212 r  gps/cpu/cpu_ram_i_24/O
                         net (fo=2, routed)           1.020     7.232    gps/cpu/par[3]
    SLICE_X7Y61          LUT4 (Prop_lut4_I3_O)        0.328     7.560 r  gps/cpu/cpu_ram_i_78/O
                         net (fo=1, routed)           0.645     8.205    gps/cpu/fa[3]/tos_reg[3]
    SLICE_X5Y61          LUT6 (Prop_lut6_I0_O)        0.124     8.329 r  gps/cpu/fa[3]/cpu_ram_i_36/O
                         net (fo=3, routed)           0.861     9.190    gps/cpu/fa_n_1_[3]
    DSP48_X0Y24          DSP48E1                                      r  gps/cpu/nos_x_tos/B[3]
  -------------------------------------------------------------------    -------------------

                         (clock clk_out1_clk_wiz_0 rise edge)
                                                      0.000     0.000 r  
    E3                                                0.000     0.000 r  XCO (IN)
                         net (fo=0)                   0.000     0.000    xco_mmcm/inst/clk_in1
    E3                   IBUF (Prop_ibuf_I_O)         1.411     1.411 r  xco_mmcm/inst/clkin1_ibufg/O
                         net (fo=1, routed)           1.162     2.573    xco_mmcm/inst/clk_in1_clk_wiz_0
    MMCME2_ADV_X1Y2      MMCME2_ADV (Prop_mmcme2_adv_CLKIN1_CLKOUT0)
                                                     -7.324    -4.751 r  xco_mmcm/inst/mmcm_adv_inst/CLKOUT0
                         net (fo=1, routed)           1.639    -3.112    xco_mmcm/inst/clk_out1_clk_wiz_0
    BUFGCTRL_X0Y16       BUFG (Prop_bufg_I_O)         0.091    -3.021 r  xco_mmcm/inst/clkout1_buf/O
                         net (fo=4618, routed)        1.614    -1.407    gps/cpu/clk_out1
    DSP48_X0Y24          DSP48E1                                      r  gps/cpu/nos_x_tos/CLK

Slack:                    inf
  Source:                 JOY_PUSH
                            (input port)
  Destination:            gps/cpu/nos_x_tos/B[4]
                            (rising edge-triggered cell DSP48E1 clocked by clk_out1_clk_wiz_0  {rise@0.000ns fall@50.000ns period=100.000ns})
  Path Group:             (none)
  Path Type:              Setup (Max at Slow Process Corner)
  Data Path Delay:        9.094ns  (logic 1.907ns (20.968%)  route 7.187ns (79.032%))
  Logic Levels:           4  (IBUF=1 LUT4=2 LUT6=1)
  Clock Path Skew:        -1.407ns (DCD - SCD + CPR)
    Destination Clock Delay (DCD):    -1.407ns
    Source Clock Delay      (SCD):    0.000ns
    Clock Pessimism Removal (CPR):    0.000ns
  Clock Uncertainty:      0.281ns  ((TSJ^2 + DJ^2)^1/2) / 2 + PE
    Total System Jitter     (TSJ):    0.050ns
    Discrete Jitter          (DJ):    0.290ns
    Phase Error              (PE):    0.134ns

    Location             Delay type                Incr(ns)  Path(ns)    Netlist Resource(s)
  -------------------------------------------------------------------    -------------------
    B8                                                0.000     0.000 r  JOY_PUSH (IN)
                         net (fo=0)                   0.000     0.000    JOY_PUSH
    B8                   IBUF (Prop_ibuf_I_O)         1.535     1.535 r  JOY_PUSH_IBUF_inst/O
                         net (fo=1, routed)           4.409     5.944    gps/cpu/JOY_PUSH_IBUF
    SLICE_X9Y70          LUT4 (Prop_lut4_I2_O)        0.124     6.068 r  gps/cpu/cpu_ram_i_23/O
                         net (fo=2, routed)           1.191     7.259    gps/cpu/par[4]
    SLICE_X8Y61          LUT4 (Prop_lut4_I3_O)        0.124     7.383 r  gps/cpu/cpu_ram_i_75/O
                         net (fo=1, routed)           1.023     8.406    gps/cpu/fa[4]/tos_reg[4]
    SLICE_X8Y60          LUT6 (Prop_lut6_I0_O)        0.124     8.530 r  gps/cpu/fa[4]/cpu_ram_i_35/O
                         net (fo=3, routed)           0.563     9.094    gps/cpu/fa_n_1_[4]
    DSP48_X0Y24          DSP48E1                                      r  gps/cpu/nos_x_tos/B[4]
  -------------------------------------------------------------------    -------------------

                         (clock clk_out1_clk_wiz_0 rise edge)
                                                      0.000     0.000 r  
    E3                                                0.000     0.000 r  XCO (IN)
                         net (fo=0)                   0.000     0.000    xco_mmcm/inst/clk_in1
    E3                   IBUF (Prop_ibuf_I_O)         1.411     1.411 r  xco_mmcm/inst/clkin1_ibufg/O
                         net (fo=1, routed)           1.162     2.573    xco_mmcm/inst/clk_in1_clk_wiz_0
    MMCME2_ADV_X1Y2      MMCME2_ADV (Prop_mmcme2_adv_CLKIN1_CLKOUT0)
                                                     -7.324    -4.751 r  xco_mmcm/inst/mmcm_adv_inst/CLKOUT0
                         net (fo=1, routed)           1.639    -3.112    xco_mmcm/inst/clk_out1_clk_wiz_0
    BUFGCTRL_X0Y16       BUFG (Prop_bufg_I_O)         0.091    -3.021 r  xco_mmcm/inst/clkout1_buf/O
                         net (fo=4618, routed)        1.614    -1.407    gps/cpu/clk_out1
    DSP48_X0Y24          DSP48E1                                      r  gps/cpu/nos_x_tos/CLK

Slack:                    inf
  Source:                 JOY_PUSH
                            (input port)
  Destination:            gps/cpu/tos_reg[4]/D
                            (rising edge-triggered cell FDRE clocked by clk_out1_clk_wiz_0  {rise@0.000ns fall@50.000ns period=100.000ns})
  Path Group:             (none)
  Path Type:              Setup (Max at Slow Process Corner)
  Data Path Delay:        9.074ns  (logic 1.907ns (21.013%)  route 7.167ns (78.987%))
  Logic Levels:           4  (IBUF=1 LUT4=2 LUT6=1)
  Clock Path Skew:        -1.499ns (DCD - SCD + CPR)
    Destination Clock Delay (DCD):    -1.499ns
    Source Clock Delay      (SCD):    0.000ns
    Clock Pessimism Removal (CPR):    0.000ns
  Clock Uncertainty:      0.281ns  ((TSJ^2 + DJ^2)^1/2) / 2 + PE
    Total System Jitter     (TSJ):    0.050ns
    Discrete Jitter          (DJ):    0.290ns
    Phase Error              (PE):    0.134ns

    Location             Delay type                Incr(ns)  Path(ns)    Netlist Resource(s)
  -------------------------------------------------------------------    -------------------
    B8                                                0.000     0.000 r  JOY_PUSH (IN)
                         net (fo=0)                   0.000     0.000    JOY_PUSH
    B8                   IBUF (Prop_ibuf_I_O)         1.535     1.535 r  JOY_PUSH_IBUF_inst/O
                         net (fo=1, routed)           4.409     5.944    gps/cpu/JOY_PUSH_IBUF
    SLICE_X9Y70          LUT4 (Prop_lut4_I2_O)        0.124     6.068 r  gps/cpu/cpu_ram_i_23/O
                         net (fo=2, routed)           1.191     7.259    gps/cpu/par[4]
    SLICE_X8Y61          LUT4 (Prop_lut4_I3_O)        0.124     7.383 r  gps/cpu/cpu_ram_i_75/O
                         net (fo=1, routed)           1.023     8.406    gps/cpu/fa[4]/tos_reg[4]
    SLICE_X8Y60          LUT6 (Prop_lut6_I0_O)        0.124     8.530 r  gps/cpu/fa[4]/cpu_ram_i_35/O
                         net (fo=3, routed)           0.544     9.074    gps/cpu/fa_n_1_[4]
    SLICE_X9Y61          FDRE                                         r  gps/cpu/tos_reg[4]/D
  -------------------------------------------------------------------    -------------------

                         (clock clk_out1_clk_wiz_0 rise edge)
                                                      0.000     0.000 r  
    E3                                                0.000     0.000 r  XCO (IN)
                         net (fo=0)                   0.000     0.000    xco_mmcm/inst/clk_in1
    E3                   IBUF (Prop_ibuf_I_O)         1.411     1.411 r  xco_mmcm/inst/clkin1_ibufg/O
                         net (fo=1, routed)           1.162     2.573    xco_mmcm/inst/clk_in1_clk_wiz_0
    MMCME2_ADV_X1Y2      MMCME2_ADV (Prop_mmcme2_adv_CLKIN1_CLKOUT0)
                                                     -7.324    -4.751 r  xco_mmcm/inst/mmcm_adv_inst/CLKOUT0
                         net (fo=1, routed)           1.639    -3.112    xco_mmcm/inst/clk_out1_clk_wiz_0
    BUFGCTRL_X0Y16       BUFG (Prop_bufg_I_O)         0.091    -3.021 r  xco_mmcm/inst/clkout1_buf/O
                         net (fo=4618, routed)        1.521    -1.499    gps/cpu/clk_out1
    SLICE_X9Y61          FDRE                                         r  gps/cpu/tos_reg[4]/C

Slack:                    inf
  Source:                 JOY_LEFT
                            (input port)
  Destination:            gps/cpu/cpu_ram/U0/inst_blk_mem_gen/gnbram.gnativebmg.native_blk_mem_gen/valid.cstr/ramloop[0].ram.r/prim_init.ram/DEVICE_7SERIES.NO_BMM_INFO.TRUE_DP.SIMPLE_PRIM18.ram/ADDRBWRADDR[4]
                            (rising edge-triggered cell RAMB18E1 clocked by clk_out1_clk_wiz_0  {rise@0.000ns fall@50.000ns period=100.000ns})
  Path Group:             (none)
  Path Type:              Setup (Max at Slow Process Corner)
  Data Path Delay:        9.047ns  (logic 2.126ns (23.503%)  route 6.921ns (76.497%))
  Logic Levels:           4  (IBUF=1 LUT4=2 LUT6=1)
  Clock Path Skew:        -1.457ns (DCD - SCD + CPR)
    Destination Clock Delay (DCD):    -1.457ns
    Source Clock Delay      (SCD):    0.000ns
    Clock Pessimism Removal (CPR):    0.000ns
  Clock Uncertainty:      0.281ns  ((TSJ^2 + DJ^2)^1/2) / 2 + PE
    Total System Jitter     (TSJ):    0.050ns
    Discrete Jitter          (DJ):    0.290ns
    Phase Error              (PE):    0.134ns

    Location             Delay type                Incr(ns)  Path(ns)    Netlist Resource(s)
  -------------------------------------------------------------------    -------------------
    C9                                                0.000     0.000 r  JOY_LEFT (IN)
                         net (fo=0)                   0.000     0.000    JOY_LEFT
    C9                   IBUF (Prop_ibuf_I_O)         1.518     1.518 r  JOY_LEFT_IBUF_inst/O
                         net (fo=1, routed)           4.419     5.938    gps/cpu/JOY_LEFT_IBUF
    SLICE_X8Y70          LUT4 (Prop_lut4_I2_O)        0.153     6.091 r  gps/cpu/cpu_ram_i_26/O
                         net (fo=2, routed)           0.860     6.951    gps/cpu/par[1]
    SLICE_X7Y62          LUT4 (Prop_lut4_I3_O)        0.331     7.282 r  gps/cpu/cpu_ram_i_84/O
                         net (fo=1, routed)           0.875     8.157    gps/cpu/fa[1]/tos_reg[1]
    SLICE_X6Y62          LUT6 (Prop_lut6_I0_O)        0.124     8.281 r  gps/cpu/fa[1]/cpu_ram_i_38/O
                         net (fo=3, routed)           0.766     9.047    gps/cpu/cpu_ram/U0/inst_blk_mem_gen/gnbram.gnativebmg.native_blk_mem_gen/valid.cstr/ramloop[0].ram.r/prim_init.ram/addrb[0]
    RAMB18_X0Y24         RAMB18E1                                     r  gps/cpu/cpu_ram/U0/inst_blk_mem_gen/gnbram.gnativebmg.native_blk_mem_gen/valid.cstr/ramloop[0].ram.r/prim_init.ram/DEVICE_7SERIES.NO_BMM_INFO.TRUE_DP.SIMPLE_PRIM18.ram/ADDRBWRADDR[4]
  -------------------------------------------------------------------    -------------------

                         (clock clk_out1_clk_wiz_0 rise edge)
                                                      0.000     0.000 r  
    E3                                                0.000     0.000 r  XCO (IN)
                         net (fo=0)                   0.000     0.000    xco_mmcm/inst/clk_in1
    E3                   IBUF (Prop_ibuf_I_O)         1.411     1.411 r  xco_mmcm/inst/clkin1_ibufg/O
                         net (fo=1, routed)           1.162     2.573    xco_mmcm/inst/clk_in1_clk_wiz_0
    MMCME2_ADV_X1Y2      MMCME2_ADV (Prop_mmcme2_adv_CLKIN1_CLKOUT0)
                                                     -7.324    -4.751 r  xco_mmcm/inst/mmcm_adv_inst/CLKOUT0
                         net (fo=1, routed)           1.639    -3.112    xco_mmcm/inst/clk_out1_clk_wiz_0
    BUFGCTRL_X0Y16       BUFG (Prop_bufg_I_O)         0.091    -3.021 r  xco_mmcm/inst/clkout1_buf/O
                         net (fo=4618, routed)        1.564    -1.457    gps/cpu/cpu_ram/U0/inst_blk_mem_gen/gnbram.gnativebmg.native_blk_mem_gen/valid.cstr/ramloop[0].ram.r/prim_init.ram/clka
    RAMB18_X0Y24         RAMB18E1                                     r  gps/cpu/cpu_ram/U0/inst_blk_mem_gen/gnbram.gnativebmg.native_blk_mem_gen/valid.cstr/ramloop[0].ram.r/prim_init.ram/DEVICE_7SERIES.NO_BMM_INFO.TRUE_DP.SIMPLE_PRIM18.ram/CLKBWRCLK

Slack:                    inf
  Source:                 JOY_UP
                            (input port)
  Destination:            gps/cpu/cpu_ram/U0/inst_blk_mem_gen/gnbram.gnativebmg.native_blk_mem_gen/valid.cstr/ramloop[0].ram.r/prim_init.ram/DEVICE_7SERIES.NO_BMM_INFO.TRUE_DP.SIMPLE_PRIM18.ram/ADDRBWRADDR[6]
                            (rising edge-triggered cell RAMB18E1 clocked by clk_out1_clk_wiz_0  {rise@0.000ns fall@50.000ns period=100.000ns})
  Path Group:             (none)
  Path Type:              Setup (Max at Slow Process Corner)
  Data Path Delay:        9.036ns  (logic 2.144ns (23.723%)  route 6.892ns (76.277%))
  Logic Levels:           4  (IBUF=1 LUT4=2 LUT6=1)
  Clock Path Skew:        -1.457ns (DCD - SCD + CPR)
    Destination Clock Delay (DCD):    -1.457ns
    Source Clock Delay      (SCD):    0.000ns
    Clock Pessimism Removal (CPR):    0.000ns
  Clock Uncertainty:      0.281ns  ((TSJ^2 + DJ^2)^1/2) / 2 + PE
    Total System Jitter     (TSJ):    0.050ns
    Discrete Jitter          (DJ):    0.290ns
    Phase Error              (PE):    0.134ns

    Location             Delay type                Incr(ns)  Path(ns)    Netlist Resource(s)
  -------------------------------------------------------------------    -------------------
    A8                                                0.000     0.000 r  JOY_UP (IN)
                         net (fo=0)                   0.000     0.000    JOY_UP
    A8                   IBUF (Prop_ibuf_I_O)         1.542     1.542 r  JOY_UP_IBUF_inst/O
                         net (fo=1, routed)           4.520     6.062    gps/cpu/JOY_UP_IBUF
    SLICE_X8Y70          LUT4 (Prop_lut4_I2_O)        0.150     6.212 r  gps/cpu/cpu_ram_i_24/O
                         net (fo=2, routed)           1.020     7.232    gps/cpu/par[3]
    SLICE_X7Y61          LUT4 (Prop_lut4_I3_O)        0.328     7.560 r  gps/cpu/cpu_ram_i_78/O
                         net (fo=1, routed)           0.645     8.205    gps/cpu/fa[3]/tos_reg[3]
    SLICE_X5Y61          LUT6 (Prop_lut6_I0_O)        0.124     8.329 r  gps/cpu/fa[3]/cpu_ram_i_36/O
                         net (fo=3, routed)           0.707     9.036    gps/cpu/cpu_ram/U0/inst_blk_mem_gen/gnbram.gnativebmg.native_blk_mem_gen/valid.cstr/ramloop[0].ram.r/prim_init.ram/addrb[2]
    RAMB18_X0Y24         RAMB18E1                                     r  gps/cpu/cpu_ram/U0/inst_blk_mem_gen/gnbram.gnativebmg.native_blk_mem_gen/valid.cstr/ramloop[0].ram.r/prim_init.ram/DEVICE_7SERIES.NO_BMM_INFO.TRUE_DP.SIMPLE_PRIM18.ram/ADDRBWRADDR[6]
  -------------------------------------------------------------------    -------------------

                         (clock clk_out1_clk_wiz_0 rise edge)
                                                      0.000     0.000 r  
    E3                                                0.000     0.000 r  XCO (IN)
                         net (fo=0)                   0.000     0.000    xco_mmcm/inst/clk_in1
    E3                   IBUF (Prop_ibuf_I_O)         1.411     1.411 r  xco_mmcm/inst/clkin1_ibufg/O
                         net (fo=1, routed)           1.162     2.573    xco_mmcm/inst/clk_in1_clk_wiz_0
    MMCME2_ADV_X1Y2      MMCME2_ADV (Prop_mmcme2_adv_CLKIN1_CLKOUT0)
                                                     -7.324    -4.751 r  xco_mmcm/inst/mmcm_adv_inst/CLKOUT0
                         net (fo=1, routed)           1.639    -3.112    xco_mmcm/inst/clk_out1_clk_wiz_0
    BUFGCTRL_X0Y16       BUFG (Prop_bufg_I_O)         0.091    -3.021 r  xco_mmcm/inst/clkout1_buf/O
                         net (fo=4618, routed)        1.564    -1.457    gps/cpu/cpu_ram/U0/inst_blk_mem_gen/gnbram.gnativebmg.native_blk_mem_gen/valid.cstr/ramloop[0].ram.r/prim_init.ram/clka
    RAMB18_X0Y24         RAMB18E1                                     r  gps/cpu/cpu_ram/U0/inst_blk_mem_gen/gnbram.gnativebmg.native_blk_mem_gen/valid.cstr/ramloop[0].ram.r/prim_init.ram/DEVICE_7SERIES.NO_BMM_INFO.TRUE_DP.SIMPLE_PRIM18.ram/CLKBWRCLK





Min Delay Paths
--------------------------------------------------------------------------------------
Slack:                    inf
  Source:                 IF_P
                            (input port)
  Destination:            gps/sample_reg/D
                            (rising edge-triggered cell FDRE clocked by clk_out1_clk_wiz_0  {rise@0.000ns fall@50.000ns period=100.000ns})
  Path Group:             (none)
  Path Type:              Hold (Min at Fast Process Corner)
  Data Path Delay:        1.134ns  (logic 0.247ns (21.825%)  route 0.886ns (78.175%))
  Logic Levels:           1  (IBUF=1)
  Clock Path Skew:        -0.797ns (DCD - SCD - CPR)
    Destination Clock Delay (DCD):    -0.797ns
    Source Clock Delay      (SCD):    0.000ns
    Clock Pessimism Removal (CPR):    -0.000ns

    Location             Delay type                Incr(ns)  Path(ns)    Netlist Resource(s)
  -------------------------------------------------------------------    -------------------
    E15                                               0.000     0.000 r  IF_P (IN)
                         net (fo=0)                   0.000     0.000    IF_P
    E15                  IBUF (Prop_ibuf_I_O)         0.247     0.247 r  if_ibuf/O
                         net (fo=1, routed)           0.886     1.134    gps/limiter
    SLICE_X1Y92          FDRE                                         r  gps/sample_reg/D
  -------------------------------------------------------------------    -------------------

                         (clock clk_out1_clk_wiz_0 rise edge)
                                                      0.000     0.000 r  
    E3                                                0.000     0.000 r  XCO (IN)
                         net (fo=0)                   0.000     0.000    xco_mmcm/inst/clk_in1
    E3                   IBUF (Prop_ibuf_I_O)         0.438     0.438 r  xco_mmcm/inst/clkin1_ibufg/O
                         net (fo=1, routed)           0.480     0.918    xco_mmcm/inst/clk_in1_clk_wiz_0
    MMCME2_ADV_X1Y2      MMCME2_ADV (Prop_mmcme2_adv_CLKIN1_CLKOUT0)
                                                     -3.163    -2.245 r  xco_mmcm/inst/mmcm_adv_inst/CLKOUT0
                         net (fo=1, routed)           0.544    -1.702    xco_mmcm/inst/clk_out1_clk_wiz_0
    BUFGCTRL_X0Y16       BUFG (Prop_bufg_I_O)         0.029    -1.673 r  xco_mmcm/inst/clkout1_buf/O
                         net (fo=4618, routed)        0.876    -0.797    gps/clk_out1
    SLICE_X1Y92          FDRE                                         r  gps/sample_reg/C

Slack:                    inf
  Source:                 JOY_PUSH
                            (input port)
  Destination:            gps/cpu/cpu_ram/U0/inst_blk_mem_gen/gnbram.gnativebmg.native_blk_mem_gen/valid.cstr/ramloop[0].ram.r/prim_init.ram/DEVICE_7SERIES.NO_BMM_INFO.TRUE_DP.SIMPLE_PRIM18.ram/DIADI[4]
                            (rising edge-triggered cell RAMB18E1 clocked by clk_out1_clk_wiz_0  {rise@0.000ns fall@50.000ns period=100.000ns})
  Path Group:             (none)
  Path Type:              Hold (Min at Fast Process Corner)
  Data Path Delay:        2.378ns  (logic 0.347ns (14.597%)  route 2.030ns (85.403%))
  Logic Levels:           2  (IBUF=1 LUT4=1)
  Clock Path Skew:        -0.790ns (DCD - SCD - CPR)
    Destination Clock Delay (DCD):    -0.790ns
    Source Clock Delay      (SCD):    0.000ns
    Clock Pessimism Removal (CPR):    -0.000ns

    Location             Delay type                Incr(ns)  Path(ns)    Netlist Resource(s)
  -------------------------------------------------------------------    -------------------
    B8                                                0.000     0.000 r  JOY_PUSH (IN)
                         net (fo=0)                   0.000     0.000    JOY_PUSH
    B8                   IBUF (Prop_ibuf_I_O)         0.302     0.302 r  JOY_PUSH_IBUF_inst/O
                         net (fo=1, routed)           1.766     2.068    gps/cpu/JOY_PUSH_IBUF
    SLICE_X9Y70          LUT4 (Prop_lut4_I2_O)        0.045     2.113 r  gps/cpu/cpu_ram_i_23/O
                         net (fo=2, routed)           0.264     2.378    gps/cpu/cpu_ram/U0/inst_blk_mem_gen/gnbram.gnativebmg.native_blk_mem_gen/valid.cstr/ramloop[0].ram.r/prim_init.ram/dina[4]
    RAMB18_X0Y24         RAMB18E1                                     r  gps/cpu/cpu_ram/U0/inst_blk_mem_gen/gnbram.gnativebmg.native_blk_mem_gen/valid.cstr/ramloop[0].ram.r/prim_init.ram/DEVICE_7SERIES.NO_BMM_INFO.TRUE_DP.SIMPLE_PRIM18.ram/DIADI[4]
  -------------------------------------------------------------------    -------------------

                         (clock clk_out1_clk_wiz_0 rise edge)
                                                      0.000     0.000 r  
    E3                                                0.000     0.000 r  XCO (IN)
                         net (fo=0)                   0.000     0.000    xco_mmcm/inst/clk_in1
    E3                   IBUF (Prop_ibuf_I_O)         0.438     0.438 r  xco_mmcm/inst/clkin1_ibufg/O
                         net (fo=1, routed)           0.480     0.918    xco_mmcm/inst/clk_in1_clk_wiz_0
    MMCME2_ADV_X1Y2      MMCME2_ADV (Prop_mmcme2_adv_CLKIN1_CLKOUT0)
                                                     -3.163    -2.245 r  xco_mmcm/inst/mmcm_adv_inst/CLKOUT0
                         net (fo=1, routed)           0.544    -1.702    xco_mmcm/inst/clk_out1_clk_wiz_0
    BUFGCTRL_X0Y16       BUFG (Prop_bufg_I_O)         0.029    -1.673 r  xco_mmcm/inst/clkout1_buf/O
                         net (fo=4618, routed)        0.883    -0.790    gps/cpu/cpu_ram/U0/inst_blk_mem_gen/gnbram.gnativebmg.native_blk_mem_gen/valid.cstr/ramloop[0].ram.r/prim_init.ram/clka
    RAMB18_X0Y24         RAMB18E1                                     r  gps/cpu/cpu_ram/U0/inst_blk_mem_gen/gnbram.gnativebmg.native_blk_mem_gen/valid.cstr/ramloop[0].ram.r/prim_init.ram/DEVICE_7SERIES.NO_BMM_INFO.TRUE_DP.SIMPLE_PRIM18.ram/CLKARDCLK

Slack:                    inf
  Source:                 JOY_RIGHT
                            (input port)
  Destination:            gps/cpu/cpu_ram/U0/inst_blk_mem_gen/gnbram.gnativebmg.native_blk_mem_gen/valid.cstr/ramloop[0].ram.r/prim_init.ram/DEVICE_7SERIES.NO_BMM_INFO.TRUE_DP.SIMPLE_PRIM18.ram/DIADI[0]
                            (rising edge-triggered cell RAMB18E1 clocked by clk_out1_clk_wiz_0  {rise@0.000ns fall@50.000ns period=100.000ns})
  Path Group:             (none)
  Path Type:              Hold (Min at Fast Process Corner)
  Data Path Delay:        2.421ns  (logic 0.331ns (13.670%)  route 2.090ns (86.330%))
  Logic Levels:           2  (IBUF=1 LUT4=1)
  Clock Path Skew:        -0.790ns (DCD - SCD - CPR)
    Destination Clock Delay (DCD):    -0.790ns
    Source Clock Delay      (SCD):    0.000ns
    Clock Pessimism Removal (CPR):    -0.000ns

    Location             Delay type                Incr(ns)  Path(ns)    Netlist Resource(s)
  -------------------------------------------------------------------    -------------------
    B9                                                0.000     0.000 r  JOY_RIGHT (IN)
                         net (fo=0)                   0.000     0.000    JOY_RIGHT
    B9                   IBUF (Prop_ibuf_I_O)         0.284     0.284 r  JOY_RIGHT_IBUF_inst/O
                         net (fo=1, routed)           1.739     2.022    gps/cpu/JOY_RIGHT_IBUF
    SLICE_X8Y70          LUT4 (Prop_lut4_I2_O)        0.047     2.069 r  gps/cpu/cpu_ram_i_27/O
                         net (fo=2, routed)           0.351     2.421    gps/cpu/cpu_ram/U0/inst_blk_mem_gen/gnbram.gnativebmg.native_blk_mem_gen/valid.cstr/ramloop[0].ram.r/prim_init.ram/dina[0]
    RAMB18_X0Y24         RAMB18E1                                     r  gps/cpu/cpu_ram/U0/inst_blk_mem_gen/gnbram.gnativebmg.native_blk_mem_gen/valid.cstr/ramloop[0].ram.r/prim_init.ram/DEVICE_7SERIES.NO_BMM_INFO.TRUE_DP.SIMPLE_PRIM18.ram/DIADI[0]
  -------------------------------------------------------------------    -------------------

                         (clock clk_out1_clk_wiz_0 rise edge)
                                                      0.000     0.000 r  
    E3                                                0.000     0.000 r  XCO (IN)
                         net (fo=0)                   0.000     0.000    xco_mmcm/inst/clk_in1
    E3                   IBUF (Prop_ibuf_I_O)         0.438     0.438 r  xco_mmcm/inst/clkin1_ibufg/O
                         net (fo=1, routed)           0.480     0.918    xco_mmcm/inst/clk_in1_clk_wiz_0
    MMCME2_ADV_X1Y2      MMCME2_ADV (Prop_mmcme2_adv_CLKIN1_CLKOUT0)
                                                     -3.163    -2.245 r  xco_mmcm/inst/mmcm_adv_inst/CLKOUT0
                         net (fo=1, routed)           0.544    -1.702    xco_mmcm/inst/clk_out1_clk_wiz_0
    BUFGCTRL_X0Y16       BUFG (Prop_bufg_I_O)         0.029    -1.673 r  xco_mmcm/inst/clkout1_buf/O
                         net (fo=4618, routed)        0.883    -0.790    gps/cpu/cpu_ram/U0/inst_blk_mem_gen/gnbram.gnativebmg.native_blk_mem_gen/valid.cstr/ramloop[0].ram.r/prim_init.ram/clka
    RAMB18_X0Y24         RAMB18E1                                     r  gps/cpu/cpu_ram/U0/inst_blk_mem_gen/gnbram.gnativebmg.native_blk_mem_gen/valid.cstr/ramloop[0].ram.r/prim_init.ram/DEVICE_7SERIES.NO_BMM_INFO.TRUE_DP.SIMPLE_PRIM18.ram/CLKARDCLK

Slack:                    inf
  Source:                 JOY_UP
                            (input port)
  Destination:            gps/cpu/cpu_ram/U0/inst_blk_mem_gen/gnbram.gnativebmg.native_blk_mem_gen/valid.cstr/ramloop[0].ram.r/prim_init.ram/DEVICE_7SERIES.NO_BMM_INFO.TRUE_DP.SIMPLE_PRIM18.ram/DIADI[3]
                            (rising edge-triggered cell RAMB18E1 clocked by clk_out1_clk_wiz_0  {rise@0.000ns fall@50.000ns period=100.000ns})
  Path Group:             (none)
  Path Type:              Hold (Min at Fast Process Corner)
  Data Path Delay:        2.488ns  (logic 0.353ns (14.178%)  route 2.135ns (85.822%))
  Logic Levels:           2  (IBUF=1 LUT4=1)
  Clock Path Skew:        -0.790ns (DCD - SCD - CPR)
    Destination Clock Delay (DCD):    -0.790ns
    Source Clock Delay      (SCD):    0.000ns
    Clock Pessimism Removal (CPR):    -0.000ns

    Location             Delay type                Incr(ns)  Path(ns)    Netlist Resource(s)
  -------------------------------------------------------------------    -------------------
    A8                                                0.000     0.000 r  JOY_UP (IN)
                         net (fo=0)                   0.000     0.000    JOY_UP
    A8                   IBUF (Prop_ibuf_I_O)         0.309     0.309 r  JOY_UP_IBUF_inst/O
                         net (fo=1, routed)           1.810     2.119    gps/cpu/JOY_UP_IBUF
    SLICE_X8Y70          LUT4 (Prop_lut4_I2_O)        0.044     2.163 r  gps/cpu/cpu_ram_i_24/O
                         net (fo=2, routed)           0.325     2.488    gps/cpu/cpu_ram/U0/inst_blk_mem_gen/gnbram.gnativebmg.native_blk_mem_gen/valid.cstr/ramloop[0].ram.r/prim_init.ram/dina[3]
    RAMB18_X0Y24         RAMB18E1                                     r  gps/cpu/cpu_ram/U0/inst_blk_mem_gen/gnbram.gnativebmg.native_blk_mem_gen/valid.cstr/ramloop[0].ram.r/prim_init.ram/DEVICE_7SERIES.NO_BMM_INFO.TRUE_DP.SIMPLE_PRIM18.ram/DIADI[3]
  -------------------------------------------------------------------    -------------------

                         (clock clk_out1_clk_wiz_0 rise edge)
                                                      0.000     0.000 r  
    E3                                                0.000     0.000 r  XCO (IN)
                         net (fo=0)                   0.000     0.000    xco_mmcm/inst/clk_in1
    E3                   IBUF (Prop_ibuf_I_O)         0.438     0.438 r  xco_mmcm/inst/clkin1_ibufg/O
                         net (fo=1, routed)           0.480     0.918    xco_mmcm/inst/clk_in1_clk_wiz_0
    MMCME2_ADV_X1Y2      MMCME2_ADV (Prop_mmcme2_adv_CLKIN1_CLKOUT0)
                                                     -3.163    -2.245 r  xco_mmcm/inst/mmcm_adv_inst/CLKOUT0
                         net (fo=1, routed)           0.544    -1.702    xco_mmcm/inst/clk_out1_clk_wiz_0
    BUFGCTRL_X0Y16       BUFG (Prop_bufg_I_O)         0.029    -1.673 r  xco_mmcm/inst/clkout1_buf/O
                         net (fo=4618, routed)        0.883    -0.790    gps/cpu/cpu_ram/U0/inst_blk_mem_gen/gnbram.gnativebmg.native_blk_mem_gen/valid.cstr/ramloop[0].ram.r/prim_init.ram/clka
    RAMB18_X0Y24         RAMB18E1                                     r  gps/cpu/cpu_ram/U0/inst_blk_mem_gen/gnbram.gnativebmg.native_blk_mem_gen/valid.cstr/ramloop[0].ram.r/prim_init.ram/DEVICE_7SERIES.NO_BMM_INFO.TRUE_DP.SIMPLE_PRIM18.ram/CLKARDCLK

Slack:                    inf
  Source:                 JOY_LEFT
                            (input port)
  Destination:            gps/cpu/cpu_ram/U0/inst_blk_mem_gen/gnbram.gnativebmg.native_blk_mem_gen/valid.cstr/ramloop[0].ram.r/prim_init.ram/DEVICE_7SERIES.NO_BMM_INFO.TRUE_DP.SIMPLE_PRIM18.ram/DIADI[1]
                            (rising edge-triggered cell RAMB18E1 clocked by clk_out1_clk_wiz_0  {rise@0.000ns fall@50.000ns period=100.000ns})
  Path Group:             (none)
  Path Type:              Hold (Min at Fast Process Corner)
  Data Path Delay:        2.515ns  (logic 0.335ns (13.311%)  route 2.180ns (86.689%))
  Logic Levels:           2  (IBUF=1 LUT4=1)
  Clock Path Skew:        -0.790ns (DCD - SCD - CPR)
    Destination Clock Delay (DCD):    -0.790ns
    Source Clock Delay      (SCD):    0.000ns
    Clock Pessimism Removal (CPR):    -0.000ns

    Location             Delay type                Incr(ns)  Path(ns)    Netlist Resource(s)
  -------------------------------------------------------------------    -------------------
    C9                                                0.000     0.000 r  JOY_LEFT (IN)
                         net (fo=0)                   0.000     0.000    JOY_LEFT
    C9                   IBUF (Prop_ibuf_I_O)         0.286     0.286 r  JOY_LEFT_IBUF_inst/O
                         net (fo=1, routed)           1.808     2.094    gps/cpu/JOY_LEFT_IBUF
    SLICE_X8Y70          LUT4 (Prop_lut4_I2_O)        0.049     2.143 r  gps/cpu/cpu_ram_i_26/O
                         net (fo=2, routed)           0.372     2.515    gps/cpu/cpu_ram/U0/inst_blk_mem_gen/gnbram.gnativebmg.native_blk_mem_gen/valid.cstr/ramloop[0].ram.r/prim_init.ram/dina[1]
    RAMB18_X0Y24         RAMB18E1                                     r  gps/cpu/cpu_ram/U0/inst_blk_mem_gen/gnbram.gnativebmg.native_blk_mem_gen/valid.cstr/ramloop[0].ram.r/prim_init.ram/DEVICE_7SERIES.NO_BMM_INFO.TRUE_DP.SIMPLE_PRIM18.ram/DIADI[1]
  -------------------------------------------------------------------    -------------------

                         (clock clk_out1_clk_wiz_0 rise edge)
                                                      0.000     0.000 r  
    E3                                                0.000     0.000 r  XCO (IN)
                         net (fo=0)                   0.000     0.000    xco_mmcm/inst/clk_in1
    E3                   IBUF (Prop_ibuf_I_O)         0.438     0.438 r  xco_mmcm/inst/clkin1_ibufg/O
                         net (fo=1, routed)           0.480     0.918    xco_mmcm/inst/clk_in1_clk_wiz_0
    MMCME2_ADV_X1Y2      MMCME2_ADV (Prop_mmcme2_adv_CLKIN1_CLKOUT0)
                                                     -3.163    -2.245 r  xco_mmcm/inst/mmcm_adv_inst/CLKOUT0
                         net (fo=1, routed)           0.544    -1.702    xco_mmcm/inst/clk_out1_clk_wiz_0
    BUFGCTRL_X0Y16       BUFG (Prop_bufg_I_O)         0.029    -1.673 r  xco_mmcm/inst/clkout1_buf/O
                         net (fo=4618, routed)        0.883    -0.790    gps/cpu/cpu_ram/U0/inst_blk_mem_gen/gnbram.gnativebmg.native_blk_mem_gen/valid.cstr/ramloop[0].ram.r/prim_init.ram/clka
    RAMB18_X0Y24         RAMB18E1                                     r  gps/cpu/cpu_ram/U0/inst_blk_mem_gen/gnbram.gnativebmg.native_blk_mem_gen/valid.cstr/ramloop[0].ram.r/prim_init.ram/DEVICE_7SERIES.NO_BMM_INFO.TRUE_DP.SIMPLE_PRIM18.ram/CLKARDCLK

Slack:                    inf
  Source:                 RPI_CS_N[1]
                            (input port)
  Destination:            gps/hb_cs_reg[2][1]/D
                            (rising edge-triggered cell FDRE clocked by clk_out1_clk_wiz_0  {rise@0.000ns fall@50.000ns period=100.000ns})
  Path Group:             (none)
  Path Type:              Hold (Min at Fast Process Corner)
  Data Path Delay:        2.663ns  (logic 0.294ns (11.029%)  route 2.369ns (88.971%))
  Logic Levels:           2  (IBUF=1 LUT1=1)
  Clock Path Skew:        -0.814ns (DCD - SCD - CPR)
    Destination Clock Delay (DCD):    -0.814ns
    Source Clock Delay      (SCD):    0.000ns
    Clock Pessimism Removal (CPR):    -0.000ns

    Location             Delay type                Incr(ns)  Path(ns)    Netlist Resource(s)
  -------------------------------------------------------------------    -------------------
    D3                                                0.000     0.000 f  RPI_CS_N[1] (IN)
                         net (fo=0)                   0.000     0.000    RPI_CS_N[1]
    D3                   IBUF (Prop_ibuf_I_O)         0.249     0.249 f  RPI_CS_N_IBUF[1]_inst/O
                         net (fo=3, routed)           2.369     2.618    gps/RPI_CS_N_IBUF[1]
    SLICE_X6Y76          LUT1 (Prop_lut1_I0_O)        0.045     2.663 r  gps/hb_cs[2][1]_i_1/O
                         net (fo=1, routed)           0.000     2.663    gps/hb_cs[2][1]_i_1_n_0
    SLICE_X6Y76          FDRE                                         r  gps/hb_cs_reg[2][1]/D
  -------------------------------------------------------------------    -------------------

                         (clock clk_out1_clk_wiz_0 rise edge)
                                                      0.000     0.000 r  
    E3                                                0.000     0.000 r  XCO (IN)
                         net (fo=0)                   0.000     0.000    xco_mmcm/inst/clk_in1
    E3                   IBUF (Prop_ibuf_I_O)         0.438     0.438 r  xco_mmcm/inst/clkin1_ibufg/O
                         net (fo=1, routed)           0.480     0.918    xco_mmcm/inst/clk_in1_clk_wiz_0
    MMCME2_ADV_X1Y2      MMCME2_ADV (Prop_mmcme2_adv_CLKIN1_CLKOUT0)
                                                     -3.163    -2.245 r  xco_mmcm/inst/mmcm_adv_inst/CLKOUT0
                         net (fo=1, routed)           0.544    -1.702    xco_mmcm/inst/clk_out1_clk_wiz_0
    BUFGCTRL_X0Y16       BUFG (Prop_bufg_I_O)         0.029    -1.673 r  xco_mmcm/inst/clkout1_buf/O
                         net (fo=4618, routed)        0.859    -0.814    gps/clk_out1
    SLICE_X6Y76          FDRE                                         r  gps/hb_cs_reg[2][1]/C

Slack:                    inf
  Source:                 RPI_CS_N[0]
                            (input port)
  Destination:            gps/hb_cs_reg[1][1]/D
                            (rising edge-triggered cell FDRE clocked by clk_out1_clk_wiz_0  {rise@0.000ns fall@50.000ns period=100.000ns})
  Path Group:             (none)
  Path Type:              Hold (Min at Fast Process Corner)
  Data Path Delay:        2.773ns  (logic 0.313ns (11.291%)  route 2.460ns (88.709%))
  Logic Levels:           2  (IBUF=1 LUT1=1)
  Clock Path Skew:        -0.814ns (DCD - SCD - CPR)
    Destination Clock Delay (DCD):    -0.814ns
    Source Clock Delay      (SCD):    0.000ns
    Clock Pessimism Removal (CPR):    -0.000ns

    Location             Delay type                Incr(ns)  Path(ns)    Netlist Resource(s)
  -------------------------------------------------------------------    -------------------
    D4                                                0.000     0.000 f  RPI_CS_N[0] (IN)
                         net (fo=0)                   0.000     0.000    RPI_CS_N[0]
    D4                   IBUF (Prop_ibuf_I_O)         0.268     0.268 f  RPI_CS_N_IBUF[0]_inst/O
                         net (fo=4, routed)           2.460     2.728    gps/RPI_CS_N_IBUF[0]
    SLICE_X4Y73          LUT1 (Prop_lut1_I0_O)        0.045     2.773 r  gps/hb_cs[1][1]_i_1/O
                         net (fo=1, routed)           0.000     2.773    gps/hb_cs[1][1]_i_1_n_0
    SLICE_X4Y73          FDRE                                         r  gps/hb_cs_reg[1][1]/D
  -------------------------------------------------------------------    -------------------

                         (clock clk_out1_clk_wiz_0 rise edge)
                                                      0.000     0.000 r  
    E3                                                0.000     0.000 r  XCO (IN)
                         net (fo=0)                   0.000     0.000    xco_mmcm/inst/clk_in1
    E3                   IBUF (Prop_ibuf_I_O)         0.438     0.438 r  xco_mmcm/inst/clkin1_ibufg/O
                         net (fo=1, routed)           0.480     0.918    xco_mmcm/inst/clk_in1_clk_wiz_0
    MMCME2_ADV_X1Y2      MMCME2_ADV (Prop_mmcme2_adv_CLKIN1_CLKOUT0)
                                                     -3.163    -2.245 r  xco_mmcm/inst/mmcm_adv_inst/CLKOUT0
                         net (fo=1, routed)           0.544    -1.702    xco_mmcm/inst/clk_out1_clk_wiz_0
    BUFGCTRL_X0Y16       BUFG (Prop_bufg_I_O)         0.029    -1.673 r  xco_mmcm/inst/clkout1_buf/O
                         net (fo=4618, routed)        0.859    -0.814    gps/clk_out1
    SLICE_X4Y73          FDRE                                         r  gps/hb_cs_reg[1][1]/C

Slack:                    inf
  Source:                 JOY_DOWN
                            (input port)
  Destination:            gps/cpu/cpu_ram/U0/inst_blk_mem_gen/gnbram.gnativebmg.native_blk_mem_gen/valid.cstr/ramloop[0].ram.r/prim_init.ram/DEVICE_7SERIES.NO_BMM_INFO.TRUE_DP.SIMPLE_PRIM18.ram/DIADI[2]
                            (rising edge-triggered cell RAMB18E1 clocked by clk_out1_clk_wiz_0  {rise@0.000ns fall@50.000ns period=100.000ns})
  Path Group:             (none)
  Path Type:              Hold (Min at Fast Process Corner)
  Data Path Delay:        2.894ns  (logic 0.298ns (10.303%)  route 2.596ns (89.697%))
  Logic Levels:           2  (IBUF=1 LUT4=1)
  Clock Path Skew:        -0.790ns (DCD - SCD - CPR)
    Destination Clock Delay (DCD):    -0.790ns
    Source Clock Delay      (SCD):    0.000ns
    Clock Pessimism Removal (CPR):    -0.000ns

    Location             Delay type                Incr(ns)  Path(ns)    Netlist Resource(s)
  -------------------------------------------------------------------    -------------------
    D9                                                0.000     0.000 r  JOY_DOWN (IN)
                         net (fo=0)                   0.000     0.000    JOY_DOWN
    D9                   IBUF (Prop_ibuf_I_O)         0.255     0.255 r  JOY_DOWN_IBUF_inst/O
                         net (fo=1, routed)           2.050     2.305    gps/cpu/JOY_DOWN_IBUF
    SLICE_X8Y70          LUT4 (Prop_lut4_I2_O)        0.043     2.348 r  gps/cpu/cpu_ram_i_25/O
                         net (fo=2, routed)           0.545     2.894    gps/cpu/cpu_ram/U0/inst_blk_mem_gen/gnbram.gnativebmg.native_blk_mem_gen/valid.cstr/ramloop[0].ram.r/prim_init.ram/dina[2]
    RAMB18_X0Y24         RAMB18E1                                     r  gps/cpu/cpu_ram/U0/inst_blk_mem_gen/gnbram.gnativebmg.native_blk_mem_gen/valid.cstr/ramloop[0].ram.r/prim_init.ram/DEVICE_7SERIES.NO_BMM_INFO.TRUE_DP.SIMPLE_PRIM18.ram/DIADI[2]
  -------------------------------------------------------------------    -------------------

                         (clock clk_out1_clk_wiz_0 rise edge)
                                                      0.000     0.000 r  
    E3                                                0.000     0.000 r  XCO (IN)
                         net (fo=0)                   0.000     0.000    xco_mmcm/inst/clk_in1
    E3                   IBUF (Prop_ibuf_I_O)         0.438     0.438 r  xco_mmcm/inst/clkin1_ibufg/O
                         net (fo=1, routed)           0.480     0.918    xco_mmcm/inst/clk_in1_clk_wiz_0
    MMCME2_ADV_X1Y2      MMCME2_ADV (Prop_mmcme2_adv_CLKIN1_CLKOUT0)
                                                     -3.163    -2.245 r  xco_mmcm/inst/mmcm_adv_inst/CLKOUT0
                         net (fo=1, routed)           0.544    -1.702    xco_mmcm/inst/clk_out1_clk_wiz_0
    BUFGCTRL_X0Y16       BUFG (Prop_bufg_I_O)         0.029    -1.673 r  xco_mmcm/inst/clkout1_buf/O
                         net (fo=4618, routed)        0.883    -0.790    gps/cpu/cpu_ram/U0/inst_blk_mem_gen/gnbram.gnativebmg.native_blk_mem_gen/valid.cstr/ramloop[0].ram.r/prim_init.ram/clka
    RAMB18_X0Y24         RAMB18E1                                     r  gps/cpu/cpu_ram/U0/inst_blk_mem_gen/gnbram.gnativebmg.native_blk_mem_gen/valid.cstr/ramloop[0].ram.r/prim_init.ram/DEVICE_7SERIES.NO_BMM_INFO.TRUE_DP.SIMPLE_PRIM18.ram/CLKARDCLK

Slack:                    inf
  Source:                 JOY_RIGHT
                            (input port)
  Destination:            gps/cpu/tos_reg[0]/D
                            (rising edge-triggered cell FDRE clocked by clk_out1_clk_wiz_0  {rise@0.000ns fall@50.000ns period=100.000ns})
  Path Group:             (none)
  Path Type:              Hold (Min at Fast Process Corner)
  Data Path Delay:        3.056ns  (logic 0.495ns (16.193%)  route 2.561ns (83.807%))
  Logic Levels:           4  (IBUF=1 LUT4=2 LUT6=1)
  Clock Path Skew:        -0.832ns (DCD - SCD - CPR)
    Destination Clock Delay (DCD):    -0.832ns
    Source Clock Delay      (SCD):    0.000ns
    Clock Pessimism Removal (CPR):    -0.000ns

    Location             Delay type                Incr(ns)  Path(ns)    Netlist Resource(s)
  -------------------------------------------------------------------    -------------------
    B9                                                0.000     0.000 r  JOY_RIGHT (IN)
                         net (fo=0)                   0.000     0.000    JOY_RIGHT
    B9                   IBUF (Prop_ibuf_I_O)         0.284     0.284 r  JOY_RIGHT_IBUF_inst/O
                         net (fo=1, routed)           1.739     2.022    gps/cpu/JOY_RIGHT_IBUF
    SLICE_X8Y70          LUT4 (Prop_lut4_I2_O)        0.047     2.069 r  gps/cpu/cpu_ram_i_27/O
                         net (fo=2, routed)           0.389     2.459    gps/cpu/fa[0]/dina[0]
    SLICE_X10Y61         LUT4 (Prop_lut4_I3_O)        0.119     2.578 r  gps/cpu/fa[0]/nos_x_tos_i_42/O
                         net (fo=1, routed)           0.308     2.886    gps/cpu/fa[0]/nos_x_tos_i_42_n_0
    SLICE_X13Y64         LUT6 (Prop_lut6_I0_O)        0.045     2.931 r  gps/cpu/fa[0]/nos_x_tos_i_7/O
                         net (fo=2, routed)           0.126     3.056    gps/cpu/fa_n_1_[0]
    SLICE_X13Y64         FDRE                                         r  gps/cpu/tos_reg[0]/D
  -------------------------------------------------------------------    -------------------

                         (clock clk_out1_clk_wiz_0 rise edge)
                                                      0.000     0.000 r  
    E3                                                0.000     0.000 r  XCO (IN)
                         net (fo=0)                   0.000     0.000    xco_mmcm/inst/clk_in1
    E3                   IBUF (Prop_ibuf_I_O)         0.438     0.438 r  xco_mmcm/inst/clkin1_ibufg/O
                         net (fo=1, routed)           0.480     0.918    xco_mmcm/inst/clk_in1_clk_wiz_0
    MMCME2_ADV_X1Y2      MMCME2_ADV (Prop_mmcme2_adv_CLKIN1_CLKOUT0)
                                                     -3.163    -2.245 r  xco_mmcm/inst/mmcm_adv_inst/CLKOUT0
                         net (fo=1, routed)           0.544    -1.702    xco_mmcm/inst/clk_out1_clk_wiz_0
    BUFGCTRL_X0Y16       BUFG (Prop_bufg_I_O)         0.029    -1.673 r  xco_mmcm/inst/clkout1_buf/O
                         net (fo=4618, routed)        0.841    -0.832    gps/cpu/clk_out1
    SLICE_X13Y64         FDRE                                         r  gps/cpu/tos_reg[0]/C

Slack:                    inf
  Source:                 JOY_UP
                            (input port)
  Destination:            gps/cpu/tos_reg[3]/D
                            (rising edge-triggered cell FDRE clocked by clk_out1_clk_wiz_0  {rise@0.000ns fall@50.000ns period=100.000ns})
  Path Group:             (none)
  Path Type:              Hold (Min at Fast Process Corner)
  Data Path Delay:        3.082ns  (logic 0.509ns (16.505%)  route 2.574ns (83.495%))
  Logic Levels:           4  (IBUF=1 LUT4=2 LUT6=1)
  Clock Path Skew:        -0.801ns (DCD - SCD - CPR)
    Destination Clock Delay (DCD):    -0.801ns
    Source Clock Delay      (SCD):    0.000ns
    Clock Pessimism Removal (CPR):    -0.000ns

    Location             Delay type                Incr(ns)  Path(ns)    Netlist Resource(s)
  -------------------------------------------------------------------    -------------------
    A8                                                0.000     0.000 r  JOY_UP (IN)
                         net (fo=0)                   0.000     0.000    JOY_UP
    A8                   IBUF (Prop_ibuf_I_O)         0.309     0.309 r  JOY_UP_IBUF_inst/O
                         net (fo=1, routed)           1.810     2.119    gps/cpu/JOY_UP_IBUF
    SLICE_X8Y70          LUT4 (Prop_lut4_I2_O)        0.044     2.163 r  gps/cpu/cpu_ram_i_24/O
                         net (fo=2, routed)           0.421     2.584    gps/cpu/par[3]
    SLICE_X7Y61          LUT4 (Prop_lut4_I3_O)        0.111     2.695 r  gps/cpu/cpu_ram_i_78/O
                         net (fo=1, routed)           0.201     2.896    gps/cpu/fa[3]/tos_reg[3]
    SLICE_X5Y61          LUT6 (Prop_lut6_I0_O)        0.045     2.941 r  gps/cpu/fa[3]/cpu_ram_i_36/O
                         net (fo=3, routed)           0.141     3.082    gps/cpu/fa_n_1_[3]
    SLICE_X5Y61          FDRE                                         r  gps/cpu/tos_reg[3]/D
  -------------------------------------------------------------------    -------------------

                         (clock clk_out1_clk_wiz_0 rise edge)
                                                      0.000     0.000 r  
    E3                                                0.000     0.000 r  XCO (IN)
                         net (fo=0)                   0.000     0.000    xco_mmcm/inst/clk_in1
    E3                   IBUF (Prop_ibuf_I_O)         0.438     0.438 r  xco_mmcm/inst/clkin1_ibufg/O
                         net (fo=1, routed)           0.480     0.918    xco_mmcm/inst/clk_in1_clk_wiz_0
    MMCME2_ADV_X1Y2      MMCME2_ADV (Prop_mmcme2_adv_CLKIN1_CLKOUT0)
                                                     -3.163    -2.245 r  xco_mmcm/inst/mmcm_adv_inst/CLKOUT0
                         net (fo=1, routed)           0.544    -1.702    xco_mmcm/inst/clk_out1_clk_wiz_0
    BUFGCTRL_X0Y16       BUFG (Prop_bufg_I_O)         0.029    -1.673 r  xco_mmcm/inst/clkout1_buf/O
                         net (fo=4618, routed)        0.872    -0.801    gps/cpu/clk_out1
    SLICE_X5Y61          FDRE                                         r  gps/cpu/tos_reg[3]/C





--------------------------------------------------------------------------------------
Path Group:  (none)
From Clock:  
  To Clock:  rpi_sclk

Max Delay            26 Endpoints
Min Delay            26 Endpoints
--------------------------------------------------------------------------------------


Max Delay Paths
--------------------------------------------------------------------------------------
Slack:                    inf
  Source:                 RPI_CS_N[0]
                            (input port)
  Destination:            gps/ha_cnt_reg[4]/CLR
                            (recovery check against rising-edge clock rpi_sclk  {rise@0.000ns fall@50.000ns period=100.000ns})
  Path Group:             (none)
  Path Type:              Recovery (Max at Slow Process Corner)
  Data Path Delay:        8.413ns  (logic 1.624ns (19.309%)  route 6.788ns (80.691%))
  Logic Levels:           2  (IBUF=1 LUT2=1)
  Clock Path Skew:        5.005ns (DCD - SCD + CPR)
    Destination Clock Delay (DCD):    5.005ns
    Source Clock Delay      (SCD):    0.000ns
    Clock Pessimism Removal (CPR):    0.000ns
  Clock Uncertainty:      0.025ns  ((TSJ^2 + TIJ^2)^1/2 + DJ) / 2 + PE
    Total System Jitter     (TSJ):    0.050ns
    Total Input Jitter      (TIJ):    0.000ns
    Discrete Jitter          (DJ):    0.000ns
    Phase Error              (PE):    0.000ns

    Location             Delay type                Incr(ns)  Path(ns)    Netlist Resource(s)
  -------------------------------------------------------------------    -------------------
    D4                                                0.000     0.000 f  RPI_CS_N[0] (IN)
                         net (fo=0)                   0.000     0.000    RPI_CS_N[0]
    D4                   IBUF (Prop_ibuf_I_O)         1.500     1.500 f  RPI_CS_N_IBUF[0]_inst/O
                         net (fo=4, routed)           5.609     7.109    gps/RPI_CS_N_IBUF[0]
    SLICE_X6Y76          LUT2 (Prop_lut2_I1_O)        0.124     7.233 f  gps/ha_st[7]_i_2/O
                         net (fo=24, routed)          1.180     8.413    gps/clear
    SLICE_X7Y69          FDCE                                         f  gps/ha_cnt_reg[4]/CLR
  -------------------------------------------------------------------    -------------------

                         (clock rpi_sclk rise edge)
                                                      0.000     0.000 r  
    F4                                                0.000     0.000 r  RPI_SCLK (IN)
                         net (fo=0)                   0.000     0.000    RPI_SCLK
    F4                   IBUF (Prop_ibuf_I_O)         1.401     1.401 r  RPI_SCLK_IBUF_inst/O
                         net (fo=1, routed)           1.920     3.321    gps/spi_sclk
    BUFGCTRL_X0Y17       BUFG (Prop_bufg_I_O)         0.091     3.412 r  gps/ha_clk_bufg/O
                         net (fo=32, routed)          1.592     5.005    gps/ha_clk
    SLICE_X7Y69          FDCE                                         r  gps/ha_cnt_reg[4]/C

Slack:                    inf
  Source:                 RPI_CS_N[0]
                            (input port)
  Destination:            gps/ha_cnt_reg[5]/CLR
                            (recovery check against rising-edge clock rpi_sclk  {rise@0.000ns fall@50.000ns period=100.000ns})
  Path Group:             (none)
  Path Type:              Recovery (Max at Slow Process Corner)
  Data Path Delay:        8.413ns  (logic 1.624ns (19.309%)  route 6.788ns (80.691%))
  Logic Levels:           2  (IBUF=1 LUT2=1)
  Clock Path Skew:        5.005ns (DCD - SCD + CPR)
    Destination Clock Delay (DCD):    5.005ns
    Source Clock Delay      (SCD):    0.000ns
    Clock Pessimism Removal (CPR):    0.000ns
  Clock Uncertainty:      0.025ns  ((TSJ^2 + TIJ^2)^1/2 + DJ) / 2 + PE
    Total System Jitter     (TSJ):    0.050ns
    Total Input Jitter      (TIJ):    0.000ns
    Discrete Jitter          (DJ):    0.000ns
    Phase Error              (PE):    0.000ns

    Location             Delay type                Incr(ns)  Path(ns)    Netlist Resource(s)
  -------------------------------------------------------------------    -------------------
    D4                                                0.000     0.000 f  RPI_CS_N[0] (IN)
                         net (fo=0)                   0.000     0.000    RPI_CS_N[0]
    D4                   IBUF (Prop_ibuf_I_O)         1.500     1.500 f  RPI_CS_N_IBUF[0]_inst/O
                         net (fo=4, routed)           5.609     7.109    gps/RPI_CS_N_IBUF[0]
    SLICE_X6Y76          LUT2 (Prop_lut2_I1_O)        0.124     7.233 f  gps/ha_st[7]_i_2/O
                         net (fo=24, routed)          1.180     8.413    gps/clear
    SLICE_X7Y69          FDCE                                         f  gps/ha_cnt_reg[5]/CLR
  -------------------------------------------------------------------    -------------------

                         (clock rpi_sclk rise edge)
                                                      0.000     0.000 r  
    F4                                                0.000     0.000 r  RPI_SCLK (IN)
                         net (fo=0)                   0.000     0.000    RPI_SCLK
    F4                   IBUF (Prop_ibuf_I_O)         1.401     1.401 r  RPI_SCLK_IBUF_inst/O
                         net (fo=1, routed)           1.920     3.321    gps/spi_sclk
    BUFGCTRL_X0Y17       BUFG (Prop_bufg_I_O)         0.091     3.412 r  gps/ha_clk_bufg/O
                         net (fo=32, routed)          1.592     5.005    gps/ha_clk
    SLICE_X7Y69          FDCE                                         r  gps/ha_cnt_reg[5]/C

Slack:                    inf
  Source:                 RPI_CS_N[0]
                            (input port)
  Destination:            gps/ha_cnt_reg[6]/CLR
                            (recovery check against rising-edge clock rpi_sclk  {rise@0.000ns fall@50.000ns period=100.000ns})
  Path Group:             (none)
  Path Type:              Recovery (Max at Slow Process Corner)
  Data Path Delay:        8.413ns  (logic 1.624ns (19.309%)  route 6.788ns (80.691%))
  Logic Levels:           2  (IBUF=1 LUT2=1)
  Clock Path Skew:        5.005ns (DCD - SCD + CPR)
    Destination Clock Delay (DCD):    5.005ns
    Source Clock Delay      (SCD):    0.000ns
    Clock Pessimism Removal (CPR):    0.000ns
  Clock Uncertainty:      0.025ns  ((TSJ^2 + TIJ^2)^1/2 + DJ) / 2 + PE
    Total System Jitter     (TSJ):    0.050ns
    Total Input Jitter      (TIJ):    0.000ns
    Discrete Jitter          (DJ):    0.000ns
    Phase Error              (PE):    0.000ns

    Location             Delay type                Incr(ns)  Path(ns)    Netlist Resource(s)
  -------------------------------------------------------------------    -------------------
    D4                                                0.000     0.000 f  RPI_CS_N[0] (IN)
                         net (fo=0)                   0.000     0.000    RPI_CS_N[0]
    D4                   IBUF (Prop_ibuf_I_O)         1.500     1.500 f  RPI_CS_N_IBUF[0]_inst/O
                         net (fo=4, routed)           5.609     7.109    gps/RPI_CS_N_IBUF[0]
    SLICE_X6Y76          LUT2 (Prop_lut2_I1_O)        0.124     7.233 f  gps/ha_st[7]_i_2/O
                         net (fo=24, routed)          1.180     8.413    gps/clear
    SLICE_X7Y69          FDCE                                         f  gps/ha_cnt_reg[6]/CLR
  -------------------------------------------------------------------    -------------------

                         (clock rpi_sclk rise edge)
                                                      0.000     0.000 r  
    F4                                                0.000     0.000 r  RPI_SCLK (IN)
                         net (fo=0)                   0.000     0.000    RPI_SCLK
    F4                   IBUF (Prop_ibuf_I_O)         1.401     1.401 r  RPI_SCLK_IBUF_inst/O
                         net (fo=1, routed)           1.920     3.321    gps/spi_sclk
    BUFGCTRL_X0Y17       BUFG (Prop_bufg_I_O)         0.091     3.412 r  gps/ha_clk_bufg/O
                         net (fo=32, routed)          1.592     5.005    gps/ha_clk
    SLICE_X7Y69          FDCE                                         r  gps/ha_cnt_reg[6]/C

Slack:                    inf
  Source:                 RPI_CS_N[0]
                            (input port)
  Destination:            gps/ha_cnt_reg[7]/CLR
                            (recovery check against rising-edge clock rpi_sclk  {rise@0.000ns fall@50.000ns period=100.000ns})
  Path Group:             (none)
  Path Type:              Recovery (Max at Slow Process Corner)
  Data Path Delay:        8.413ns  (logic 1.624ns (19.309%)  route 6.788ns (80.691%))
  Logic Levels:           2  (IBUF=1 LUT2=1)
  Clock Path Skew:        5.005ns (DCD - SCD + CPR)
    Destination Clock Delay (DCD):    5.005ns
    Source Clock Delay      (SCD):    0.000ns
    Clock Pessimism Removal (CPR):    0.000ns
  Clock Uncertainty:      0.025ns  ((TSJ^2 + TIJ^2)^1/2 + DJ) / 2 + PE
    Total System Jitter     (TSJ):    0.050ns
    Total Input Jitter      (TIJ):    0.000ns
    Discrete Jitter          (DJ):    0.000ns
    Phase Error              (PE):    0.000ns

    Location             Delay type                Incr(ns)  Path(ns)    Netlist Resource(s)
  -------------------------------------------------------------------    -------------------
    D4                                                0.000     0.000 f  RPI_CS_N[0] (IN)
                         net (fo=0)                   0.000     0.000    RPI_CS_N[0]
    D4                   IBUF (Prop_ibuf_I_O)         1.500     1.500 f  RPI_CS_N_IBUF[0]_inst/O
                         net (fo=4, routed)           5.609     7.109    gps/RPI_CS_N_IBUF[0]
    SLICE_X6Y76          LUT2 (Prop_lut2_I1_O)        0.124     7.233 f  gps/ha_st[7]_i_2/O
                         net (fo=24, routed)          1.180     8.413    gps/clear
    SLICE_X7Y69          FDCE                                         f  gps/ha_cnt_reg[7]/CLR
  -------------------------------------------------------------------    -------------------

                         (clock rpi_sclk rise edge)
                                                      0.000     0.000 r  
    F4                                                0.000     0.000 r  RPI_SCLK (IN)
                         net (fo=0)                   0.000     0.000    RPI_SCLK
    F4                   IBUF (Prop_ibuf_I_O)         1.401     1.401 r  RPI_SCLK_IBUF_inst/O
                         net (fo=1, routed)           1.920     3.321    gps/spi_sclk
    BUFGCTRL_X0Y17       BUFG (Prop_bufg_I_O)         0.091     3.412 r  gps/ha_clk_bufg/O
                         net (fo=32, routed)          1.592     5.005    gps/ha_clk
    SLICE_X7Y69          FDCE                                         r  gps/ha_cnt_reg[7]/C

Slack:                    inf
  Source:                 RPI_CS_N[0]
                            (input port)
  Destination:            gps/ha_cnt_reg[0]/CLR
                            (recovery check against rising-edge clock rpi_sclk  {rise@0.000ns fall@50.000ns period=100.000ns})
  Path Group:             (none)
  Path Type:              Recovery (Max at Slow Process Corner)
  Data Path Delay:        8.373ns  (logic 1.624ns (19.402%)  route 6.748ns (80.598%))
  Logic Levels:           2  (IBUF=1 LUT2=1)
  Clock Path Skew:        5.006ns (DCD - SCD + CPR)
    Destination Clock Delay (DCD):    5.006ns
    Source Clock Delay      (SCD):    0.000ns
    Clock Pessimism Removal (CPR):    0.000ns
  Clock Uncertainty:      0.025ns  ((TSJ^2 + TIJ^2)^1/2 + DJ) / 2 + PE
    Total System Jitter     (TSJ):    0.050ns
    Total Input Jitter      (TIJ):    0.000ns
    Discrete Jitter          (DJ):    0.000ns
    Phase Error              (PE):    0.000ns

    Location             Delay type                Incr(ns)  Path(ns)    Netlist Resource(s)
  -------------------------------------------------------------------    -------------------
    D4                                                0.000     0.000 f  RPI_CS_N[0] (IN)
                         net (fo=0)                   0.000     0.000    RPI_CS_N[0]
    D4                   IBUF (Prop_ibuf_I_O)         1.500     1.500 f  RPI_CS_N_IBUF[0]_inst/O
                         net (fo=4, routed)           5.609     7.109    gps/RPI_CS_N_IBUF[0]
    SLICE_X6Y76          LUT2 (Prop_lut2_I1_O)        0.124     7.233 f  gps/ha_st[7]_i_2/O
                         net (fo=24, routed)          1.140     8.373    gps/clear
    SLICE_X7Y68          FDCE                                         f  gps/ha_cnt_reg[0]/CLR
  -------------------------------------------------------------------    -------------------

                         (clock rpi_sclk rise edge)
                                                      0.000     0.000 r  
    F4                                                0.000     0.000 r  RPI_SCLK (IN)
                         net (fo=0)                   0.000     0.000    RPI_SCLK
    F4                   IBUF (Prop_ibuf_I_O)         1.401     1.401 r  RPI_SCLK_IBUF_inst/O
                         net (fo=1, routed)           1.920     3.321    gps/spi_sclk
    BUFGCTRL_X0Y17       BUFG (Prop_bufg_I_O)         0.091     3.412 r  gps/ha_clk_bufg/O
                         net (fo=32, routed)          1.593     5.006    gps/ha_clk
    SLICE_X7Y68          FDCE                                         r  gps/ha_cnt_reg[0]/C

Slack:                    inf
  Source:                 RPI_CS_N[0]
                            (input port)
  Destination:            gps/ha_cnt_reg[1]/CLR
                            (recovery check against rising-edge clock rpi_sclk  {rise@0.000ns fall@50.000ns period=100.000ns})
  Path Group:             (none)
  Path Type:              Recovery (Max at Slow Process Corner)
  Data Path Delay:        8.373ns  (logic 1.624ns (19.402%)  route 6.748ns (80.598%))
  Logic Levels:           2  (IBUF=1 LUT2=1)
  Clock Path Skew:        5.006ns (DCD - SCD + CPR)
    Destination Clock Delay (DCD):    5.006ns
    Source Clock Delay      (SCD):    0.000ns
    Clock Pessimism Removal (CPR):    0.000ns
  Clock Uncertainty:      0.025ns  ((TSJ^2 + TIJ^2)^1/2 + DJ) / 2 + PE
    Total System Jitter     (TSJ):    0.050ns
    Total Input Jitter      (TIJ):    0.000ns
    Discrete Jitter          (DJ):    0.000ns
    Phase Error              (PE):    0.000ns

    Location             Delay type                Incr(ns)  Path(ns)    Netlist Resource(s)
  -------------------------------------------------------------------    -------------------
    D4                                                0.000     0.000 f  RPI_CS_N[0] (IN)
                         net (fo=0)                   0.000     0.000    RPI_CS_N[0]
    D4                   IBUF (Prop_ibuf_I_O)         1.500     1.500 f  RPI_CS_N_IBUF[0]_inst/O
                         net (fo=4, routed)           5.609     7.109    gps/RPI_CS_N_IBUF[0]
    SLICE_X6Y76          LUT2 (Prop_lut2_I1_O)        0.124     7.233 f  gps/ha_st[7]_i_2/O
                         net (fo=24, routed)          1.140     8.373    gps/clear
    SLICE_X7Y68          FDCE                                         f  gps/ha_cnt_reg[1]/CLR
  -------------------------------------------------------------------    -------------------

                         (clock rpi_sclk rise edge)
                                                      0.000     0.000 r  
    F4                                                0.000     0.000 r  RPI_SCLK (IN)
                         net (fo=0)                   0.000     0.000    RPI_SCLK
    F4                   IBUF (Prop_ibuf_I_O)         1.401     1.401 r  RPI_SCLK_IBUF_inst/O
                         net (fo=1, routed)           1.920     3.321    gps/spi_sclk
    BUFGCTRL_X0Y17       BUFG (Prop_bufg_I_O)         0.091     3.412 r  gps/ha_clk_bufg/O
                         net (fo=32, routed)          1.593     5.006    gps/ha_clk
    SLICE_X7Y68          FDCE                                         r  gps/ha_cnt_reg[1]/C

Slack:                    inf
  Source:                 RPI_CS_N[0]
                            (input port)
  Destination:            gps/ha_cnt_reg[2]/CLR
                            (recovery check against rising-edge clock rpi_sclk  {rise@0.000ns fall@50.000ns period=100.000ns})
  Path Group:             (none)
  Path Type:              Recovery (Max at Slow Process Corner)
  Data Path Delay:        8.373ns  (logic 1.624ns (19.402%)  route 6.748ns (80.598%))
  Logic Levels:           2  (IBUF=1 LUT2=1)
  Clock Path Skew:        5.006ns (DCD - SCD + CPR)
    Destination Clock Delay (DCD):    5.006ns
    Source Clock Delay      (SCD):    0.000ns
    Clock Pessimism Removal (CPR):    0.000ns
  Clock Uncertainty:      0.025ns  ((TSJ^2 + TIJ^2)^1/2 + DJ) / 2 + PE
    Total System Jitter     (TSJ):    0.050ns
    Total Input Jitter      (TIJ):    0.000ns
    Discrete Jitter          (DJ):    0.000ns
    Phase Error              (PE):    0.000ns

    Location             Delay type                Incr(ns)  Path(ns)    Netlist Resource(s)
  -------------------------------------------------------------------    -------------------
    D4                                                0.000     0.000 f  RPI_CS_N[0] (IN)
                         net (fo=0)                   0.000     0.000    RPI_CS_N[0]
    D4                   IBUF (Prop_ibuf_I_O)         1.500     1.500 f  RPI_CS_N_IBUF[0]_inst/O
                         net (fo=4, routed)           5.609     7.109    gps/RPI_CS_N_IBUF[0]
    SLICE_X6Y76          LUT2 (Prop_lut2_I1_O)        0.124     7.233 f  gps/ha_st[7]_i_2/O
                         net (fo=24, routed)          1.140     8.373    gps/clear
    SLICE_X7Y68          FDCE                                         f  gps/ha_cnt_reg[2]/CLR
  -------------------------------------------------------------------    -------------------

                         (clock rpi_sclk rise edge)
                                                      0.000     0.000 r  
    F4                                                0.000     0.000 r  RPI_SCLK (IN)
                         net (fo=0)                   0.000     0.000    RPI_SCLK
    F4                   IBUF (Prop_ibuf_I_O)         1.401     1.401 r  RPI_SCLK_IBUF_inst/O
                         net (fo=1, routed)           1.920     3.321    gps/spi_sclk
    BUFGCTRL_X0Y17       BUFG (Prop_bufg_I_O)         0.091     3.412 r  gps/ha_clk_bufg/O
                         net (fo=32, routed)          1.593     5.006    gps/ha_clk
    SLICE_X7Y68          FDCE                                         r  gps/ha_cnt_reg[2]/C

Slack:                    inf
  Source:                 RPI_CS_N[0]
                            (input port)
  Destination:            gps/ha_cnt_reg[3]/CLR
                            (recovery check against rising-edge clock rpi_sclk  {rise@0.000ns fall@50.000ns period=100.000ns})
  Path Group:             (none)
  Path Type:              Recovery (Max at Slow Process Corner)
  Data Path Delay:        8.373ns  (logic 1.624ns (19.402%)  route 6.748ns (80.598%))
  Logic Levels:           2  (IBUF=1 LUT2=1)
  Clock Path Skew:        5.006ns (DCD - SCD + CPR)
    Destination Clock Delay (DCD):    5.006ns
    Source Clock Delay      (SCD):    0.000ns
    Clock Pessimism Removal (CPR):    0.000ns
  Clock Uncertainty:      0.025ns  ((TSJ^2 + TIJ^2)^1/2 + DJ) / 2 + PE
    Total System Jitter     (TSJ):    0.050ns
    Total Input Jitter      (TIJ):    0.000ns
    Discrete Jitter          (DJ):    0.000ns
    Phase Error              (PE):    0.000ns

    Location             Delay type                Incr(ns)  Path(ns)    Netlist Resource(s)
  -------------------------------------------------------------------    -------------------
    D4                                                0.000     0.000 f  RPI_CS_N[0] (IN)
                         net (fo=0)                   0.000     0.000    RPI_CS_N[0]
    D4                   IBUF (Prop_ibuf_I_O)         1.500     1.500 f  RPI_CS_N_IBUF[0]_inst/O
                         net (fo=4, routed)           5.609     7.109    gps/RPI_CS_N_IBUF[0]
    SLICE_X6Y76          LUT2 (Prop_lut2_I1_O)        0.124     7.233 f  gps/ha_st[7]_i_2/O
                         net (fo=24, routed)          1.140     8.373    gps/clear
    SLICE_X7Y68          FDCE                                         f  gps/ha_cnt_reg[3]/CLR
  -------------------------------------------------------------------    -------------------

                         (clock rpi_sclk rise edge)
                                                      0.000     0.000 r  
    F4                                                0.000     0.000 r  RPI_SCLK (IN)
                         net (fo=0)                   0.000     0.000    RPI_SCLK
    F4                   IBUF (Prop_ibuf_I_O)         1.401     1.401 r  RPI_SCLK_IBUF_inst/O
                         net (fo=1, routed)           1.920     3.321    gps/spi_sclk
    BUFGCTRL_X0Y17       BUFG (Prop_bufg_I_O)         0.091     3.412 r  gps/ha_clk_bufg/O
                         net (fo=32, routed)          1.593     5.006    gps/ha_clk
    SLICE_X7Y68          FDCE                                         r  gps/ha_cnt_reg[3]/C

Slack:                    inf
  Source:                 RPI_CS_N[0]
                            (input port)
  Destination:            gps/ha_st_reg[0]/PRE
                            (recovery check against rising-edge clock rpi_sclk  {rise@0.000ns fall@50.000ns period=100.000ns})
  Path Group:             (none)
  Path Type:              Recovery (Max at Slow Process Corner)
  Data Path Delay:        8.107ns  (logic 1.624ns (20.039%)  route 6.482ns (79.961%))
  Logic Levels:           2  (IBUF=1 LUT2=1)
  Clock Path Skew:        5.001ns (DCD - SCD + CPR)
    Destination Clock Delay (DCD):    5.001ns
    Source Clock Delay      (SCD):    0.000ns
    Clock Pessimism Removal (CPR):    0.000ns
  Clock Uncertainty:      0.025ns  ((TSJ^2 + TIJ^2)^1/2 + DJ) / 2 + PE
    Total System Jitter     (TSJ):    0.050ns
    Total Input Jitter      (TIJ):    0.000ns
    Discrete Jitter          (DJ):    0.000ns
    Phase Error              (PE):    0.000ns

    Location             Delay type                Incr(ns)  Path(ns)    Netlist Resource(s)
  -------------------------------------------------------------------    -------------------
    D4                                                0.000     0.000 f  RPI_CS_N[0] (IN)
                         net (fo=0)                   0.000     0.000    RPI_CS_N[0]
    D4                   IBUF (Prop_ibuf_I_O)         1.500     1.500 f  RPI_CS_N_IBUF[0]_inst/O
                         net (fo=4, routed)           5.609     7.109    gps/RPI_CS_N_IBUF[0]
    SLICE_X6Y76          LUT2 (Prop_lut2_I1_O)        0.124     7.233 f  gps/ha_st[7]_i_2/O
                         net (fo=24, routed)          0.874     8.107    gps/clear
    SLICE_X5Y73          FDPE                                         f  gps/ha_st_reg[0]/PRE
  -------------------------------------------------------------------    -------------------

                         (clock rpi_sclk rise edge)
                                                      0.000     0.000 r  
    F4                                                0.000     0.000 r  RPI_SCLK (IN)
                         net (fo=0)                   0.000     0.000    RPI_SCLK
    F4                   IBUF (Prop_ibuf_I_O)         1.401     1.401 r  RPI_SCLK_IBUF_inst/O
                         net (fo=1, routed)           1.920     3.321    gps/spi_sclk
    BUFGCTRL_X0Y17       BUFG (Prop_bufg_I_O)         0.091     3.412 r  gps/ha_clk_bufg/O
                         net (fo=32, routed)          1.588     5.001    gps/ha_clk
    SLICE_X5Y73          FDPE                                         r  gps/ha_st_reg[0]/C

Slack:                    inf
  Source:                 RPI_CS_N[0]
                            (input port)
  Destination:            gps/ha_st_reg[1]/CLR
                            (recovery check against rising-edge clock rpi_sclk  {rise@0.000ns fall@50.000ns period=100.000ns})
  Path Group:             (none)
  Path Type:              Recovery (Max at Slow Process Corner)
  Data Path Delay:        8.107ns  (logic 1.624ns (20.039%)  route 6.482ns (79.961%))
  Logic Levels:           2  (IBUF=1 LUT2=1)
  Clock Path Skew:        5.001ns (DCD - SCD + CPR)
    Destination Clock Delay (DCD):    5.001ns
    Source Clock Delay      (SCD):    0.000ns
    Clock Pessimism Removal (CPR):    0.000ns
  Clock Uncertainty:      0.025ns  ((TSJ^2 + TIJ^2)^1/2 + DJ) / 2 + PE
    Total System Jitter     (TSJ):    0.050ns
    Total Input Jitter      (TIJ):    0.000ns
    Discrete Jitter          (DJ):    0.000ns
    Phase Error              (PE):    0.000ns

    Location             Delay type                Incr(ns)  Path(ns)    Netlist Resource(s)
  -------------------------------------------------------------------    -------------------
    D4                                                0.000     0.000 f  RPI_CS_N[0] (IN)
                         net (fo=0)                   0.000     0.000    RPI_CS_N[0]
    D4                   IBUF (Prop_ibuf_I_O)         1.500     1.500 f  RPI_CS_N_IBUF[0]_inst/O
                         net (fo=4, routed)           5.609     7.109    gps/RPI_CS_N_IBUF[0]
    SLICE_X6Y76          LUT2 (Prop_lut2_I1_O)        0.124     7.233 f  gps/ha_st[7]_i_2/O
                         net (fo=24, routed)          0.874     8.107    gps/clear
    SLICE_X5Y73          FDCE                                         f  gps/ha_st_reg[1]/CLR
  -------------------------------------------------------------------    -------------------

                         (clock rpi_sclk rise edge)
                                                      0.000     0.000 r  
    F4                                                0.000     0.000 r  RPI_SCLK (IN)
                         net (fo=0)                   0.000     0.000    RPI_SCLK
    F4                   IBUF (Prop_ibuf_I_O)         1.401     1.401 r  RPI_SCLK_IBUF_inst/O
                         net (fo=1, routed)           1.920     3.321    gps/spi_sclk
    BUFGCTRL_X0Y17       BUFG (Prop_bufg_I_O)         0.091     3.412 r  gps/ha_clk_bufg/O
                         net (fo=32, routed)          1.588     5.001    gps/ha_clk
    SLICE_X5Y73          FDCE                                         r  gps/ha_st_reg[1]/C





Min Delay Paths
--------------------------------------------------------------------------------------
Slack:                    inf
  Source:                 RPI_MOSI
                            (input port)
  Destination:            gps/ha_disr_reg[0]/D
                            (rising edge-triggered cell FDRE clocked by rpi_sclk  {rise@0.000ns fall@50.000ns period=100.000ns})
  Path Group:             (none)
  Path Type:              Hold (Min at Fast Process Corner)
  Data Path Delay:        2.557ns  (logic 0.249ns (9.722%)  route 2.309ns (90.278%))
  Logic Levels:           1  (IBUF=1)
  Clock Path Skew:        2.016ns (DCD - SCD - CPR)
    Destination Clock Delay (DCD):    2.016ns
    Source Clock Delay      (SCD):    0.000ns
    Clock Pessimism Removal (CPR):    -0.000ns

    Location             Delay type                Incr(ns)  Path(ns)    Netlist Resource(s)
  -------------------------------------------------------------------    -------------------
    F3                                                0.000     0.000 r  RPI_MOSI (IN)
                         net (fo=0)                   0.000     0.000    RPI_MOSI
    F3                   IBUF (Prop_ibuf_I_O)         0.249     0.249 r  RPI_MOSI_IBUF_inst/O
                         net (fo=1, routed)           2.309     2.557    gps/spi_mosi
    SLICE_X7Y72          FDRE                                         r  gps/ha_disr_reg[0]/D
  -------------------------------------------------------------------    -------------------

                         (clock rpi_sclk rise edge)
                                                      0.000     0.000 r  
    F4                                                0.000     0.000 r  RPI_SCLK (IN)
                         net (fo=0)                   0.000     0.000    RPI_SCLK
    F4                   IBUF (Prop_ibuf_I_O)         0.427     0.427 r  RPI_SCLK_IBUF_inst/O
                         net (fo=1, routed)           0.699     1.126    gps/spi_sclk
    BUFGCTRL_X0Y17       BUFG (Prop_bufg_I_O)         0.029     1.155 r  gps/ha_clk_bufg/O
                         net (fo=32, routed)          0.861     2.016    gps/ha_clk
    SLICE_X7Y72          FDRE                                         r  gps/ha_disr_reg[0]/C

Slack:                    inf
  Source:                 RPI_CS_N[0]
                            (input port)
  Destination:            gps/ha_wr_reg/D
                            (rising edge-triggered cell FDCE clocked by rpi_sclk  {rise@0.000ns fall@50.000ns period=100.000ns})
  Path Group:             (none)
  Path Type:              Hold (Min at Fast Process Corner)
  Data Path Delay:        2.806ns  (logic 0.313ns (11.160%)  route 2.493ns (88.840%))
  Logic Levels:           2  (IBUF=1 LUT4=1)
  Clock Path Skew:        2.014ns (DCD - SCD - CPR)
    Destination Clock Delay (DCD):    2.014ns
    Source Clock Delay      (SCD):    0.000ns
    Clock Pessimism Removal (CPR):    -0.000ns

    Location             Delay type                Incr(ns)  Path(ns)    Netlist Resource(s)
  -------------------------------------------------------------------    -------------------
    D4                                                0.000     0.000 f  RPI_CS_N[0] (IN)
                         net (fo=0)                   0.000     0.000    RPI_CS_N[0]
    D4                   IBUF (Prop_ibuf_I_O)         0.268     0.268 f  RPI_CS_N_IBUF[0]_inst/O
                         net (fo=4, routed)           2.493     2.761    gps/RPI_CS_N_IBUF[0]
    SLICE_X7Y73          LUT4 (Prop_lut4_I1_O)        0.045     2.806 r  gps/ha_wr_i_1/O
                         net (fo=1, routed)           0.000     2.806    gps/ha_wr_i_1_n_0
    SLICE_X7Y73          FDCE                                         r  gps/ha_wr_reg/D
  -------------------------------------------------------------------    -------------------

                         (clock rpi_sclk rise edge)
                                                      0.000     0.000 r  
    F4                                                0.000     0.000 r  RPI_SCLK (IN)
                         net (fo=0)                   0.000     0.000    RPI_SCLK
    F4                   IBUF (Prop_ibuf_I_O)         0.427     0.427 r  RPI_SCLK_IBUF_inst/O
                         net (fo=1, routed)           0.699     1.126    gps/spi_sclk
    BUFGCTRL_X0Y17       BUFG (Prop_bufg_I_O)         0.029     1.155 r  gps/ha_clk_bufg/O
                         net (fo=32, routed)          0.859     2.014    gps/ha_clk
    SLICE_X7Y73          FDCE                                         r  gps/ha_wr_reg/C

Slack:                    inf
  Source:                 RPI_CS_N[1]
                            (input port)
  Destination:            gps/ha_st_reg[7]/CLR
                            (removal check against rising-edge clock rpi_sclk  {rise@0.000ns fall@50.000ns period=100.000ns})
  Path Group:             (none)
  Path Type:              Removal (Min at Fast Process Corner)
  Data Path Delay:        2.900ns  (logic 0.294ns (10.126%)  route 2.606ns (89.874%))
  Logic Levels:           2  (IBUF=1 LUT2=1)
  Clock Path Skew:        2.014ns (DCD - SCD - CPR)
    Destination Clock Delay (DCD):    2.014ns
    Source Clock Delay      (SCD):    0.000ns
    Clock Pessimism Removal (CPR):    -0.000ns

    Location             Delay type                Incr(ns)  Path(ns)    Netlist Resource(s)
  -------------------------------------------------------------------    -------------------
    D3                                                0.000     0.000 f  RPI_CS_N[1] (IN)
                         net (fo=0)                   0.000     0.000    RPI_CS_N[1]
    D3                   IBUF (Prop_ibuf_I_O)         0.249     0.249 f  RPI_CS_N_IBUF[1]_inst/O
                         net (fo=3, routed)           2.368     2.617    gps/RPI_CS_N_IBUF[1]
    SLICE_X6Y76          LUT2 (Prop_lut2_I0_O)        0.045     2.662 f  gps/ha_st[7]_i_2/O
                         net (fo=24, routed)          0.238     2.900    gps/clear
    SLICE_X7Y73          FDCE                                         f  gps/ha_st_reg[7]/CLR
  -------------------------------------------------------------------    -------------------

                         (clock rpi_sclk rise edge)
                                                      0.000     0.000 r  
    F4                                                0.000     0.000 r  RPI_SCLK (IN)
                         net (fo=0)                   0.000     0.000    RPI_SCLK
    F4                   IBUF (Prop_ibuf_I_O)         0.427     0.427 r  RPI_SCLK_IBUF_inst/O
                         net (fo=1, routed)           0.699     1.126    gps/spi_sclk
    BUFGCTRL_X0Y17       BUFG (Prop_bufg_I_O)         0.029     1.155 r  gps/ha_clk_bufg/O
                         net (fo=32, routed)          0.859     2.014    gps/ha_clk
    SLICE_X7Y73          FDCE                                         r  gps/ha_st_reg[7]/C

Slack:                    inf
  Source:                 RPI_CS_N[1]
                            (input port)
  Destination:            gps/ha_wr_reg/CLR
                            (removal check against rising-edge clock rpi_sclk  {rise@0.000ns fall@50.000ns period=100.000ns})
  Path Group:             (none)
  Path Type:              Removal (Min at Fast Process Corner)
  Data Path Delay:        2.900ns  (logic 0.294ns (10.126%)  route 2.606ns (89.874%))
  Logic Levels:           2  (IBUF=1 LUT2=1)
  Clock Path Skew:        2.014ns (DCD - SCD - CPR)
    Destination Clock Delay (DCD):    2.014ns
    Source Clock Delay      (SCD):    0.000ns
    Clock Pessimism Removal (CPR):    -0.000ns

    Location             Delay type                Incr(ns)  Path(ns)    Netlist Resource(s)
  -------------------------------------------------------------------    -------------------
    D3                                                0.000     0.000 f  RPI_CS_N[1] (IN)
                         net (fo=0)                   0.000     0.000    RPI_CS_N[1]
    D3                   IBUF (Prop_ibuf_I_O)         0.249     0.249 f  RPI_CS_N_IBUF[1]_inst/O
                         net (fo=3, routed)           2.368     2.617    gps/RPI_CS_N_IBUF[1]
    SLICE_X6Y76          LUT2 (Prop_lut2_I0_O)        0.045     2.662 f  gps/ha_st[7]_i_2/O
                         net (fo=24, routed)          0.238     2.900    gps/clear
    SLICE_X7Y73          FDCE                                         f  gps/ha_wr_reg/CLR
  -------------------------------------------------------------------    -------------------

                         (clock rpi_sclk rise edge)
                                                      0.000     0.000 r  
    F4                                                0.000     0.000 r  RPI_SCLK (IN)
                         net (fo=0)                   0.000     0.000    RPI_SCLK
    F4                   IBUF (Prop_ibuf_I_O)         0.427     0.427 r  RPI_SCLK_IBUF_inst/O
                         net (fo=1, routed)           0.699     1.126    gps/spi_sclk
    BUFGCTRL_X0Y17       BUFG (Prop_bufg_I_O)         0.029     1.155 r  gps/ha_clk_bufg/O
                         net (fo=32, routed)          0.859     2.014    gps/ha_clk
    SLICE_X7Y73          FDCE                                         r  gps/ha_wr_reg/C

Slack:                    inf
  Source:                 RPI_CS_N[1]
                            (input port)
  Destination:            gps/tdo_reg/PRE
                            (removal check against rising-edge clock rpi_sclk  {rise@0.000ns fall@50.000ns period=100.000ns})
  Path Group:             (none)
  Path Type:              Removal (Min at Fast Process Corner)
  Data Path Delay:        2.900ns  (logic 0.294ns (10.126%)  route 2.606ns (89.874%))
  Logic Levels:           2  (IBUF=1 LUT2=1)
  Clock Path Skew:        2.014ns (DCD - SCD - CPR)
    Destination Clock Delay (DCD):    2.014ns
    Source Clock Delay      (SCD):    0.000ns
    Clock Pessimism Removal (CPR):    -0.000ns

    Location             Delay type                Incr(ns)  Path(ns)    Netlist Resource(s)
  -------------------------------------------------------------------    -------------------
    D3                                                0.000     0.000 f  RPI_CS_N[1] (IN)
                         net (fo=0)                   0.000     0.000    RPI_CS_N[1]
    D3                   IBUF (Prop_ibuf_I_O)         0.249     0.249 f  RPI_CS_N_IBUF[1]_inst/O
                         net (fo=3, routed)           2.368     2.617    gps/RPI_CS_N_IBUF[1]
    SLICE_X6Y76          LUT2 (Prop_lut2_I0_O)        0.045     2.662 f  gps/ha_st[7]_i_2/O
                         net (fo=24, routed)          0.238     2.900    gps/clear
    SLICE_X7Y73          FDPE                                         f  gps/tdo_reg/PRE
  -------------------------------------------------------------------    -------------------

                         (clock rpi_sclk rise edge)
                                                      0.000     0.000 r  
    F4                                                0.000     0.000 r  RPI_SCLK (IN)
                         net (fo=0)                   0.000     0.000    RPI_SCLK
    F4                   IBUF (Prop_ibuf_I_O)         0.427     0.427 r  RPI_SCLK_IBUF_inst/O
                         net (fo=1, routed)           0.699     1.126    gps/spi_sclk
    BUFGCTRL_X0Y17       BUFG (Prop_bufg_I_O)         0.029     1.155 r  gps/ha_clk_bufg/O
                         net (fo=32, routed)          0.859     2.014    gps/ha_clk
    SLICE_X7Y73          FDPE                                         r  gps/tdo_reg/C

Slack:                    inf
  Source:                 RPI_CS_N[1]
                            (input port)
  Destination:            gps/ha_st_reg[3]/CLR
                            (removal check against rising-edge clock rpi_sclk  {rise@0.000ns fall@50.000ns period=100.000ns})
  Path Group:             (none)
  Path Type:              Removal (Min at Fast Process Corner)
  Data Path Delay:        2.952ns  (logic 0.294ns (9.947%)  route 2.658ns (90.053%))
  Logic Levels:           2  (IBUF=1 LUT2=1)
  Clock Path Skew:        2.017ns (DCD - SCD - CPR)
    Destination Clock Delay (DCD):    2.017ns
    Source Clock Delay      (SCD):    0.000ns
    Clock Pessimism Removal (CPR):    -0.000ns

    Location             Delay type                Incr(ns)  Path(ns)    Netlist Resource(s)
  -------------------------------------------------------------------    -------------------
    D3                                                0.000     0.000 f  RPI_CS_N[1] (IN)
                         net (fo=0)                   0.000     0.000    RPI_CS_N[1]
    D3                   IBUF (Prop_ibuf_I_O)         0.249     0.249 f  RPI_CS_N_IBUF[1]_inst/O
                         net (fo=3, routed)           2.368     2.617    gps/RPI_CS_N_IBUF[1]
    SLICE_X6Y76          LUT2 (Prop_lut2_I0_O)        0.045     2.662 f  gps/ha_st[7]_i_2/O
                         net (fo=24, routed)          0.290     2.952    gps/clear
    SLICE_X3Y73          FDCE                                         f  gps/ha_st_reg[3]/CLR
  -------------------------------------------------------------------    -------------------

                         (clock rpi_sclk rise edge)
                                                      0.000     0.000 r  
    F4                                                0.000     0.000 r  RPI_SCLK (IN)
                         net (fo=0)                   0.000     0.000    RPI_SCLK
    F4                   IBUF (Prop_ibuf_I_O)         0.427     0.427 r  RPI_SCLK_IBUF_inst/O
                         net (fo=1, routed)           0.699     1.126    gps/spi_sclk
    BUFGCTRL_X0Y17       BUFG (Prop_bufg_I_O)         0.029     1.155 r  gps/ha_clk_bufg/O
                         net (fo=32, routed)          0.862     2.017    gps/ha_clk
    SLICE_X3Y73          FDCE                                         r  gps/ha_st_reg[3]/C

Slack:                    inf
  Source:                 RPI_CS_N[1]
                            (input port)
  Destination:            gps/ha_st_reg[4]/CLR
                            (removal check against rising-edge clock rpi_sclk  {rise@0.000ns fall@50.000ns period=100.000ns})
  Path Group:             (none)
  Path Type:              Removal (Min at Fast Process Corner)
  Data Path Delay:        2.952ns  (logic 0.294ns (9.947%)  route 2.658ns (90.053%))
  Logic Levels:           2  (IBUF=1 LUT2=1)
  Clock Path Skew:        2.017ns (DCD - SCD - CPR)
    Destination Clock Delay (DCD):    2.017ns
    Source Clock Delay      (SCD):    0.000ns
    Clock Pessimism Removal (CPR):    -0.000ns

    Location             Delay type                Incr(ns)  Path(ns)    Netlist Resource(s)
  -------------------------------------------------------------------    -------------------
    D3                                                0.000     0.000 f  RPI_CS_N[1] (IN)
                         net (fo=0)                   0.000     0.000    RPI_CS_N[1]
    D3                   IBUF (Prop_ibuf_I_O)         0.249     0.249 f  RPI_CS_N_IBUF[1]_inst/O
                         net (fo=3, routed)           2.368     2.617    gps/RPI_CS_N_IBUF[1]
    SLICE_X6Y76          LUT2 (Prop_lut2_I0_O)        0.045     2.662 f  gps/ha_st[7]_i_2/O
                         net (fo=24, routed)          0.290     2.952    gps/clear
    SLICE_X3Y73          FDCE                                         f  gps/ha_st_reg[4]/CLR
  -------------------------------------------------------------------    -------------------

                         (clock rpi_sclk rise edge)
                                                      0.000     0.000 r  
    F4                                                0.000     0.000 r  RPI_SCLK (IN)
                         net (fo=0)                   0.000     0.000    RPI_SCLK
    F4                   IBUF (Prop_ibuf_I_O)         0.427     0.427 r  RPI_SCLK_IBUF_inst/O
                         net (fo=1, routed)           0.699     1.126    gps/spi_sclk
    BUFGCTRL_X0Y17       BUFG (Prop_bufg_I_O)         0.029     1.155 r  gps/ha_clk_bufg/O
                         net (fo=32, routed)          0.862     2.017    gps/ha_clk
    SLICE_X3Y73          FDCE                                         r  gps/ha_st_reg[4]/C

Slack:                    inf
  Source:                 RPI_CS_N[1]
                            (input port)
  Destination:            gps/ha_cnt_reg[12]/CLR
                            (removal check against rising-edge clock rpi_sclk  {rise@0.000ns fall@50.000ns period=100.000ns})
  Path Group:             (none)
  Path Type:              Removal (Min at Fast Process Corner)
  Data Path Delay:        2.960ns  (logic 0.294ns (9.920%)  route 2.666ns (90.080%))
  Logic Levels:           2  (IBUF=1 LUT2=1)
  Clock Path Skew:        2.017ns (DCD - SCD - CPR)
    Destination Clock Delay (DCD):    2.017ns
    Source Clock Delay      (SCD):    0.000ns
    Clock Pessimism Removal (CPR):    -0.000ns

    Location             Delay type                Incr(ns)  Path(ns)    Netlist Resource(s)
  -------------------------------------------------------------------    -------------------
    D3                                                0.000     0.000 f  RPI_CS_N[1] (IN)
                         net (fo=0)                   0.000     0.000    RPI_CS_N[1]
    D3                   IBUF (Prop_ibuf_I_O)         0.249     0.249 f  RPI_CS_N_IBUF[1]_inst/O
                         net (fo=3, routed)           2.368     2.617    gps/RPI_CS_N_IBUF[1]
    SLICE_X6Y76          LUT2 (Prop_lut2_I0_O)        0.045     2.662 f  gps/ha_st[7]_i_2/O
                         net (fo=24, routed)          0.299     2.960    gps/clear
    SLICE_X7Y71          FDCE                                         f  gps/ha_cnt_reg[12]/CLR
  -------------------------------------------------------------------    -------------------

                         (clock rpi_sclk rise edge)
                                                      0.000     0.000 r  
    F4                                                0.000     0.000 r  RPI_SCLK (IN)
                         net (fo=0)                   0.000     0.000    RPI_SCLK
    F4                   IBUF (Prop_ibuf_I_O)         0.427     0.427 r  RPI_SCLK_IBUF_inst/O
                         net (fo=1, routed)           0.699     1.126    gps/spi_sclk
    BUFGCTRL_X0Y17       BUFG (Prop_bufg_I_O)         0.029     1.155 r  gps/ha_clk_bufg/O
                         net (fo=32, routed)          0.862     2.017    gps/ha_clk
    SLICE_X7Y71          FDCE                                         r  gps/ha_cnt_reg[12]/C

Slack:                    inf
  Source:                 RPI_CS_N[1]
                            (input port)
  Destination:            gps/ha_cnt_reg[13]/CLR
                            (removal check against rising-edge clock rpi_sclk  {rise@0.000ns fall@50.000ns period=100.000ns})
  Path Group:             (none)
  Path Type:              Removal (Min at Fast Process Corner)
  Data Path Delay:        2.960ns  (logic 0.294ns (9.920%)  route 2.666ns (90.080%))
  Logic Levels:           2  (IBUF=1 LUT2=1)
  Clock Path Skew:        2.017ns (DCD - SCD - CPR)
    Destination Clock Delay (DCD):    2.017ns
    Source Clock Delay      (SCD):    0.000ns
    Clock Pessimism Removal (CPR):    -0.000ns

    Location             Delay type                Incr(ns)  Path(ns)    Netlist Resource(s)
  -------------------------------------------------------------------    -------------------
    D3                                                0.000     0.000 f  RPI_CS_N[1] (IN)
                         net (fo=0)                   0.000     0.000    RPI_CS_N[1]
    D3                   IBUF (Prop_ibuf_I_O)         0.249     0.249 f  RPI_CS_N_IBUF[1]_inst/O
                         net (fo=3, routed)           2.368     2.617    gps/RPI_CS_N_IBUF[1]
    SLICE_X6Y76          LUT2 (Prop_lut2_I0_O)        0.045     2.662 f  gps/ha_st[7]_i_2/O
                         net (fo=24, routed)          0.299     2.960    gps/clear
    SLICE_X7Y71          FDCE                                         f  gps/ha_cnt_reg[13]/CLR
  -------------------------------------------------------------------    -------------------

                         (clock rpi_sclk rise edge)
                                                      0.000     0.000 r  
    F4                                                0.000     0.000 r  RPI_SCLK (IN)
                         net (fo=0)                   0.000     0.000    RPI_SCLK
    F4                   IBUF (Prop_ibuf_I_O)         0.427     0.427 r  RPI_SCLK_IBUF_inst/O
                         net (fo=1, routed)           0.699     1.126    gps/spi_sclk
    BUFGCTRL_X0Y17       BUFG (Prop_bufg_I_O)         0.029     1.155 r  gps/ha_clk_bufg/O
                         net (fo=32, routed)          0.862     2.017    gps/ha_clk
    SLICE_X7Y71          FDCE                                         r  gps/ha_cnt_reg[13]/C

Slack:                    inf
  Source:                 RPI_CS_N[1]
                            (input port)
  Destination:            gps/ha_st_reg[0]/PRE
                            (removal check against rising-edge clock rpi_sclk  {rise@0.000ns fall@50.000ns period=100.000ns})
  Path Group:             (none)
  Path Type:              Removal (Min at Fast Process Corner)
  Data Path Delay:        3.001ns  (logic 0.294ns (9.785%)  route 2.707ns (90.215%))
  Logic Levels:           2  (IBUF=1 LUT2=1)
  Clock Path Skew:        2.014ns (DCD - SCD - CPR)
    Destination Clock Delay (DCD):    2.014ns
    Source Clock Delay      (SCD):    0.000ns
    Clock Pessimism Removal (CPR):    -0.000ns

    Location             Delay type                Incr(ns)  Path(ns)    Netlist Resource(s)
  -------------------------------------------------------------------    -------------------
    D3                                                0.000     0.000 f  RPI_CS_N[1] (IN)
                         net (fo=0)                   0.000     0.000    RPI_CS_N[1]
    D3                   IBUF (Prop_ibuf_I_O)         0.249     0.249 f  RPI_CS_N_IBUF[1]_inst/O
                         net (fo=3, routed)           2.368     2.617    gps/RPI_CS_N_IBUF[1]
    SLICE_X6Y76          LUT2 (Prop_lut2_I0_O)        0.045     2.662 f  gps/ha_st[7]_i_2/O
                         net (fo=24, routed)          0.340     3.001    gps/clear
    SLICE_X5Y73          FDPE                                         f  gps/ha_st_reg[0]/PRE
  -------------------------------------------------------------------    -------------------

                         (clock rpi_sclk rise edge)
                                                      0.000     0.000 r  
    F4                                                0.000     0.000 r  RPI_SCLK (IN)
                         net (fo=0)                   0.000     0.000    RPI_SCLK
    F4                   IBUF (Prop_ibuf_I_O)         0.427     0.427 r  RPI_SCLK_IBUF_inst/O
                         net (fo=1, routed)           0.699     1.126    gps/spi_sclk
    BUFGCTRL_X0Y17       BUFG (Prop_bufg_I_O)         0.029     1.155 r  gps/ha_clk_bufg/O
                         net (fo=32, routed)          0.859     2.014    gps/ha_clk
    SLICE_X5Y73          FDPE                                         r  gps/ha_st_reg[0]/C





